tree
version=v4
num_class=1
num_tree_per_iteration=1
label_index=0
max_feature_idx=21
objective=regression
feature_names=strength weight_capacity biodegradability_score recyclability_percentage fragility_level strength_weight_product strength_weight_ratio eco_quality_score material_eco_strength weight_fragility_interaction weight_squared strength_squared biodegradability_squared material_bagasse material_bamboo material_glass material_jute material_metal material_paper material_plastic shipping_Air shipping_Ground
monotone_constraints=1 1 -1 0 1 1 0 -1 0 1 1 1 -1 0 0 0 0 0 0 0 0 0
feature_infos=[30:99] [4.2000000000000002:18.300000000000001] [0:1] [25.199999999999999:98] [1:3] [126:1738.5] [3.5294117647058822:11.411764705882353] [0.1615:0.96799999999999997] [0:83.299999999999997] [4.2999999999999998:54.900000000000006] [17.640000000000001:334.89000000000004] [900:9801] [0:1] [0:1] [0:1] [0:1] [0:1] [0:1] [0:1] [0:1] [0:1] [0:1]
tree_sizes=1980 2099 2624 2530 2503 2420 2439 2463 2635 2537 2548 2545 2365 2620 2526 2489 2117 2514 2595 2503 2868 2681 2781 2838 2812 2643 1756 2899 2881 1924 2777 2860 2805 2861 2870 2825 2778 2407 2728 2844 2428 2862 2851 2820 2909 2903 2952 2896 2856 2911 2868 2850 2882 2841 2861 2733 2895 2669

Tree=0
num_leaves=22
num_cat=0
split_feature=2 2 15 2 14 16 5 1 14 7 1 3 3 8 8 3 8 3 8 9 3
split_gain=15.7082 2.70812 0.643659 0.28096 0.25889 0.165251 0.0590865 0.0381447 0.0326281 0.0216595 0.0270795 0.0213562 0.011664 0.00958374 0.0141617 0.00863378 0.00564492 0.00553306 0.00322015 0.00243081 0.00146819
threshold=0.040000000000000008 0.85500000000000009 1.0000000180025095e-35 0.50000000000000011 1.0000000180025095e-35 1.0000000180025095e-35 520.50000000000011 12.550000000000002 1.0000000180025095e-35 0.31775000000000003 8.8500000000000032 89.850000000000009 49.850000000000001 7.8050000000000006 11.165000000000001 40.350000000000001 3.8450000000000006 80.950000000000017 48.920000000000009 11.550000000000002 37.850000000000001
decision_type=2 2 2 2 2 2 2 2 2 2 2 2 2 2 2 2 2 2 2 2 2
left_child=2 3 11 9 5 17 8 -4 -5 13 -11 -1 -12 16 15 -15 -2 -3 -8 -10 -16
right_child=1 4 7 6 -6 -7 18 -9 19 10 12 -13 -14 14 20 -17 -18 -19 -20 -21 -22
leaf_value=0.31137173923722156 0.29757384500301431 0.2908563044782731 0.30288073461098325 0.29349638786515059 0.29349638786515059 0.29210977862257903 0.29502606876649135 0.30485404643702785 0.29407174888640214 0.29556076727632663 0.29603330794645366 0.30808825839347276 0.29650584861658075 0.29734117639424357 0.29711797501001891 0.29910735676421085 0.29650584861658075 0.29005262573085772 0.29556076727632663 0.29468490871523462 0.29650584861658075
leaf_weight=24 21 160 94 34 59 204 31 97 44 25 26 88 33 53 39 20 80 316 21 61 24
leaf_count=24 21 160 94 34 59 204 31 97 44 25 26 88 33 53 39 20 80 316 21 61 24
internal_value=0.295543 0.293072 0.305758 0.295858 0.291135 0.290843 0.294353 0.303913 0.293809 0.296769 0.295988 0.30885 0.296506 0.297024 0.297352 0.297898 0.296531 0.290311 0.295561 0.294546 0.296637
internal_weight=1554 1251 303 512 739 680 191 191 139 321 84 112 59 237 136 73 101 476 52 105 63
internal_count=1554 1251 303 512 739 680 191 191 139 321 84 112 59 237 136 73 101 476 52 105 63
is_linear=0
shrinkage=1


Tree=1
num_leaves=22
num_cat=0
split_feature=2 2 15 2 14 16 0 14 1 18 7 1 3 3 8 8 3 9 8 3 8
split_gain=14.1841 2.43547 0.579411 0.254294 0.238675 0.148354 0.0532448 0.0397435 0.0328363 0.0202816 0.0193458 0.0256465 0.0168576 0.0106415 0.00867516 0.0129732 0.00735369 0.00676138 0.0050181 0.00128771 0.000124981
threshold=0.040000000000000008 0.85500000000000009 1.0000000180025095e-35 0.50000000000000011 1.0000000180025095e-35 1.0000000180025095e-35 60.500000000000007 1.0000000180025095e-35 12.550000000000002 1.0000000180025095e-35 0.31775000000000003 8.8500000000000032 89.850000000000009 49.850000000000001 7.8050000000000006 11.165000000000001 40.350000000000001 10.450000000000001 3.8450000000000006 37.850000000000001 5.160000000000001
decision_type=2 2 2 2 2 2 2 2 2 2 2 2 2 2 2 2 2 2 2 2 2
left_child=2 3 12 10 5 9 7 -5 -4 -3 14 -12 -1 -13 18 16 -16 -9 -2 -17 -20
right_child=1 4 8 6 -6 -7 -8 17 -10 -11 11 13 -14 -15 15 19 -18 -19 20 -21 -22
leaf_value=0.01505617908978858 0.0019453773288259292 -0.0043983138772821437 0.0069868281901310286 -0.0019296191171049278 -0.0019296191171049278 -0.0032460546262228262 2.7453873142231981e-05 -0.0014773075157106543 0.0088615640525990975 -0.0053389324987767953 2.7453873142231981e-05 0.00047671419168221019 0.011934297669691613 0.00092597451022218837 0.0017240278291289751 0.0015120190626624827 0.0034026190309567532 -0.00074140227358245254 0.00092597451022218837 0.00092597451022218837 0.0010452073094764916
leaf_weight=24 21 200 94 35 59 204 28 48 97 276 25 26 88 33 53 39 20 80 29 24 51
leaf_count=24 21 200 94 35 59 204 28 48 97 276 25 26 88 33 53 39 20 80 29 24 51
internal_value=1.58257e-05 -0.00233202 0.00972347 0.000309367 -0.00416861 -0.00445038 -0.00112151 -0.00151026 0.00796922 -0.00495522 0.00117641 0.000433663 0.0126607 0.000925975 0.00141829 0.00173219 0.00225634 -0.0008558 0.000944847 0.00104299 0.000925975
internal_weight=1554 1251 303 512 739 680 191 163 191 476 321 84 112 59 237 136 73 128 101 63 80
internal_count=1554 1251 303 512 739 680 191 163 191 476 321 84 112 59 237 136 73 128 101 63 80
is_linear=0
shrinkage=0.05


Tree=2
num_leaves=28
num_cat=0
split_feature=2 2 15 2 14 16 5 1 14 18 3 3 3 8 8 6 6 9 9 6 6 6 3 8 9 3 3
split_gain=12.808 2.19009 0.521491 0.229594 0.220179 0.133143 0.0531424 0.0281244 0.0279347 0.017361 0.0129122 0.00987311 0.0193863 0.0211939 0.0168518 0.0170604 0.0222563 0.0100225 0.00638031 0.00631039 0.00942294 0.00243975 0.00223696 0.00190019 0.00140682 0.000479543 0.00019969
threshold=0.040000000000000008 0.85500000000000009 1.0000000180025095e-35 0.50000000000000011 1.0000000180025095e-35 1.0000000180025095e-35 520.50000000000011 12.550000000000002 1.0000000180025095e-35 1.0000000180025095e-35 89.850000000000009 53.350000000000001 46.550000000000004 5.9300000000000006 11.165000000000001 6.7281223449447767 5.6704174000502894 16.350000000000005 19.100000000000005 5.7318352059925095 6.8094277329420416 6.0361093038386473 92.15000000000002 48.920000000000009 11.550000000000002 78.750000000000014 71.350000000000009
decision_type=2 2 2 2 2 2 2 2 2 2 2 2 2 2 2 2 2 2 2 2 2 2 2 2 2 2 2
left_child=2 3 10 11 5 9 8 -4 -5 -3 -1 12 13 18 17 16 -16 21 -2 -14 -21 -15 -12 -8 -10 -7 -26
right_child=1 4 7 6 -6 25 23 -9 24 -11 22 -13 19 14 15 -17 -18 -19 -20 20 -22 -23 -24 -25 26 -27 -28
leaf_value=0.014306494358664233 2.1671431241466425e-05 -0.0041785081454284159 0.0066378580702063095 -0.0018339402771150436 -0.0018339402771150436 -0.0032213454283023949 -0.00043950454531075777 0.0084189422721384684 -0.0013111066285419423 -0.005072082690314424 0.0092196564073170426 0.0020668938923954876 2.1671431241466425e-05 0.00046639154153165375 0.0017081182429205572 0.0018956669620541549 2.1671431241466425e-05 0.0026748840280116097 0.00090762498144113333 0.0014271065256261819 2.1671431241466425e-05 0.001678864616825248 0.011995801688980215 2.1671431241466425e-05 -0.00078359637677936184 -0.0020739657318305954 -0.00080496816535609479
leaf_weight=24 27 200 94 34 59 175 31 97 44 276 23 34 23 21 20 26 34 42 21 20 21 32 65 21 20 29 41
leaf_count=24 27 200 94 34 59 175 31 97 44 276 23 34 23 21 20 26 34 42 21 20 21 32 65 21 20 29 41
internal_value=1.56029e-05 -0.00221528 0.00924048 0.000289031 -0.00395691 -0.00422869 -0.00106997 0.00757248 -0.00158886 -0.00470809 0.0120311 0.00111331 0.000982244 0.00120598 0.00146604 0.000815956 0.000201131 0.00195946 0.000152839 0.000123985 0.000650081 0.0012944 0.0113383 2.16714e-05 -0.000873906 -0.00308383 -0.000783596
internal_weight=1554 1251 303 512 739 680 191 191 139 476 112 321 287 223 175 80 54 95 48 64 41 53 88 52 105 204 61
internal_count=1554 1251 303 512 739 680 191 191 139 476 112 321 287 223 175 80 54 95 48 64 41 53 88 52 105 204 61
is_linear=0
shrinkage=0.05


Tree=3
num_leaves=27
num_cat=0
split_feature=2 2 15 2 14 16 5 14 1 18 3 3 3 3 3 6 6 6 3 6 6 6 3 6 6 9
split_gain=11.5681 1.96942 0.469915 0.20774 0.203288 0.119226 0.0501955 0.0259089 0.0239468 0.0147723 0.00930252 0.00884292 0.017927 0.010011 0.0081245 0.0279194 0.0216121 0.0064897 0.0140618 0.00752684 0.00577456 0.00856955 0.00206658 0.00129746 0.00127879 0.000990563
threshold=0.040000000000000008 0.85500000000000009 1.0000000180025095e-35 0.50000000000000011 1.0000000180025095e-35 1.0000000180025095e-35 520.50000000000011 1.0000000180025095e-35 12.550000000000002 1.0000000180025095e-35 89.850000000000009 53.350000000000001 46.550000000000004 27.650000000000002 37.850000000000001 5.4182569974554715 6.770032051282052 5.8561221975856137 30.450000000000003 6.8156843156843179 5.7318352059925095 6.8094277329420416 42.150000000000013 5.9386748120300767 5.4950004950004958 11.550000000000002
decision_type=2 2 2 2 2 2 2 2 2 2 2 2 2 2 2 2 2 2 2 2 2 2 2 2 2 2
left_child=2 3 10 11 5 9 7 -5 -4 -3 -1 12 13 -2 17 -16 22 -15 -19 -20 -14 -22 -17 -8 -10 -9
right_child=1 4 8 6 -6 -7 23 25 24 -11 -12 -13 20 14 15 16 -18 18 19 -21 21 -23 -24 -25 -26 -27
leaf_value=0.013594137229550924 1.5922173522783366e-05 -0.0039696871534921699 0.0063063178583583727 -0.00174320418150079 -0.00174320418150079 -0.0029309944545718742 -0.00040047108630919575 -0.0012456999494548455 0.0071523731573930483 -0.0048185704620700084 0.010775389299684635 0.0019638523606916674 1.5922173522783366e-05 0.00066689643986322109 0.0025667863754342442 1.5922173522783366e-05 0.0016238418966392613 0.0031877104058120041 0.0020372545869169734 0.00040748783621929612 0.0013561062179725915 1.5922173522783366e-05 0.00049239780333642646 1.5922173522783366e-05 0.0087287242776139373 -0.00075614780723735171
leaf_weight=24 22 200 94 34 59 204 32 44 37 276 88 34 23 27 20 35 25 22 22 25 20 21 25 20 60 61
leaf_count=24 22 200 94 34 59 204 32 44 37 276 88 34 23 27 20 35 25 22 22 25 20 21 25 20 60 61
internal_value=1.54217e-05 -0.00210458 0.00878259 0.00026974 -0.00375615 -0.00401846 -0.00102238 -0.00152822 0.00719556 -0.00447331 0.0114356 0.00105422 0.000928396 0.0011433 0.00125483 0.000842766 0.000375821 0.00165216 0.00196382 0.00127922 0.000100978 0.000614805 1.59222e-05 1.59222e-05 0.00799843 -0.000823304
internal_weight=1554 1251 303 512 739 680 191 139 191 476 112 321 287 223 201 105 85 96 69 47 64 41 60 52 97 105
internal_count=1554 1251 303 512 739 680 191 139 191 476 112 321 287 223 201 105 85 96 69 47 64 41 60 52 97 105
is_linear=0
shrinkage=0.05


Tree=4
num_leaves=27
num_cat=0
split_feature=2 2 15 18 2 2 3 5 1 7 1 8 8 3 3 3 8 7 3 3 3 5 9 6 8 8
split_gain=10.4406 1.77512 0.423546 0.233704 0.119866 0.115277 0.0315584 0.0312234 0.0198674 0.0174326 0.017713 0.0073215 0.0114223 0.00725398 0.0070673 0.00630684 0.00568638 0.00537783 0.00339696 0.00245964 0.00236774 0.00217348 0.00153205 0.000431518 0.00038556 0.000168585
threshold=0.040000000000000008 0.84500000000000008 1.0000000180025095e-35 1.0000000180025095e-35 0.90500000000000014 0.50000000000000011 80.550000000000011 507.55000000000007 12.550000000000002 0.31775000000000003 8.8500000000000032 7.8050000000000006 11.165000000000001 40.350000000000001 49.850000000000001 89.850000000000009 3.8450000000000006 0.74725000000000019 79.15000000000002 37.850000000000001 92.15000000000002 312.20000000000005 16.100000000000005 5.5747210804462721 5.160000000000001 6.2700000000000014
decision_type=2 2 2 2 2 2 2 2 2 2 2 2 2 2 2 2 2 2 2 2 2 2 2 2 2 2
left_child=2 5 15 4 7 9 -6 21 -4 11 -11 16 13 -13 -12 -1 -2 -7 22 -14 -17 -3 -19 -10 -18 -26
right_child=1 3 8 -5 6 17 -8 -9 23 10 14 12 19 -15 -16 20 24 18 -20 -21 -22 -23 -24 -25 25 -27
leaf_value=0.012917251263540317 0.0017842542156367453 -0.0024496355577689139 0.0059913369647091649 -0.0045836507732171265 -0.002885769541561522 0 -0.004116288645773067 -0.0014734101997475723 0.0067919060523179897 0.0001376893394971917 0.00045065738381089987 0.0014895253983131572 0.0013167886386203872 0.0031085343540307891 0.00076362542812460812 0.0082242320368300266 0.00076362542812460812 -0.0014734101997475723 -0.00044632879046633661 0.00076362542812460812 0.010858991231694934 -0.0018453416764054717 -0.0004983541020494583 0.0083765090601570398 0.0013294167622040641 0.00076362542812460812
leaf_weight=24 21 51 94 290 227 29 111 45 43 25 26 53 39 20 33 23 29 32 51 24 65 71 23 54 27 24
leaf_count=24 21 51 94 290 227 29 111 45 43 25 26 53 39 20 33 23 29 32 51 24 65 71 23 54 27 24
internal_value=1.53832e-05 -0.00199849 0.00834451 -0.00342557 -0.00274986 0.000478749 -0.00330576 -0.00159351 0.00683419 0.00100083 0.00029899 0.00122826 0.00151636 0.00200513 0.000763625 0.0108671 0.000789751 -0.000725449 -0.000892658 0.000868487 0.0102372 -0.00221727 -0.00123315 0.00759248 0.000763625 0.000868237
internal_weight=1554 1251 303 795 505 456 338 167 191 321 84 237 136 73 59 112 101 135 106 63 88 122 55 97 80 51
internal_count=1554 1251 303 795 505 456 338 167 191 321 84 237 136 73 59 112 101 135 106 63 88 122 55 97 80 51
is_linear=0
shrinkage=0.05


Tree=5
num_leaves=26
num_cat=0
split_feature=2 2 15 18 8 14 6 8 6 8 6 1 9 3 6 8 9 3 3 3 6 2 6 6 3
split_gain=8.64767 1.50747 0.343167 0.231317 0.117991 0.117551 0.0315594 0.0301018 0.0207294 0.0160711 0.0270714 0.0130157 0.0107537 0.00953177 0.00864106 0.0131897 0.00813624 0.00797628 0.0104239 0.0191912 0.00550126 0.00452599 0.00448092 0.00154292 0.000970049
threshold=0.040000000000000008 0.84500000000000008 1.0000000180025095e-35 1.0000000180025095e-35 18.365000000000006 1.0000000180025095e-35 5.1986842105263174 50.680000000000007 5.4580419580419592 13.945000000000002 7.2557695644629545 12.550000000000002 10.450000000000001 80.950000000000017 6.8989800874210792 9.4050000000000011 33.750000000000007 48.000000000000007 37.850000000000001 31.450000000000003 6.2359266287160038 0.95500000000000007 5.7637088733798612 6.3535539215686283 78.350000000000009
decision_type=2 2 2 2 2 2 2 2 2 2 2 2 2 2 2 2 2 2 2 2 2 2 2 2 2
left_child=2 4 16 5 6 7 -2 13 -8 10 14 -4 -6 -3 17 -16 -1 18 19 -10 -20 -9 -14 -19 -24
right_child=1 3 11 -5 12 -7 8 21 9 -11 -12 -13 22 -15 15 -17 -18 23 20 -21 -22 -23 24 -25 -26
leaf_value=0.0095440663866295655 0.002948964367195348 -0.0028109489865818307 0.0055221643755338752 -0.0043890434089753653 -0.0013769524497308815 -0.0013919989127073014 -0.00021311479480034179 -0.0013919989127073014 0.00032145488870347267 0 0.002948964367195348 0.0070147187552902154 -0.0008497399205975618 -0.0036585337855008782 -0.00066588190986557102 0.0011021493060690401 0.012394566083354737 0.0022072470240237837 -0.00018875129867738745 0.002245765528393067 0.00072388033738284214 -0.0023432349272542617 -0.00024574915547793318 0.00085151347526307437 0.00016214266652241348
leaf_weight=84 20 274 81 277 54 71 36 24 38 31 20 101 29 107 20 20 20 26 29 28 27 30 30 20 23
leaf_count=84 20 274 81 277 54 71 36 24 38 31 20 101 29 107 20 20 20 26 29 28 27 30 30 20 23
internal_value=-5.59575e-05 -0.00187496 0.00777288 -0.00320187 0.000417875 -0.00254136 0.000956445 -0.00289015 0.000802003 0.000962425 0.00110828 0.0063813 -0.000792595 -0.003063 0.000903275 9.39894e-05 0.0101516 0.00106605 0.000773775 0.00121563 0.000162647 -0.00157477 -0.000345664 0.00172938 0
internal_weight=1520 1234 286 783 451 506 315 435 295 259 228 182 136 381 208 40 104 168 122 66 56 54 82 46 53
internal_count=1520 1234 286 783 451 506 315 435 295 259 228 182 136 381 208 40 104 168 122 66 56 54 82 46 53
is_linear=0
shrinkage=0.05


Tree=6
num_leaves=26
num_cat=0
split_feature=2 2 15 18 14 8 6 8 6 3 3 3 6 1 9 3 6 9 6 8 6 6 2 3 8
split_gain=7.80407 1.35793 0.30855 0.210139 0.108941 0.107192 0.0282795 0.0275863 0.0189723 0.0154472 0.0157526 0.0139627 0.0124709 0.0105329 0.00955589 0.00802595 0.00646228 0.00549733 0.00425145 0.00491415 0.00489971 0.00404555 0.00400415 0.000875799 0.000743404
threshold=0.040000000000000008 0.84500000000000008 1.0000000180025095e-35 1.0000000180025095e-35 1.0000000180025095e-35 18.365000000000006 5.1986842105263174 50.680000000000007 5.4580419580419592 27.650000000000002 30.450000000000003 48.000000000000007 5.7187780772686443 12.550000000000002 10.450000000000001 80.950000000000017 6.4504441327723248 33.750000000000007 7.0139561930606726 10.855000000000002 6.5235814296241719 5.7637088733798612 0.95500000000000007 78.350000000000009 0.68500000000000016
decision_type=2 2 2 2 2 2 2 2 2 2 2 2 2 2 2 2 2 2 2 2 2 2 2 2 2
left_child=2 5 17 4 7 6 -2 15 -8 -10 -11 12 -12 24 -7 -3 -13 -1 19 20 -14 -16 -9 -23 -4
right_child=1 3 13 -5 -6 14 8 22 9 10 11 16 18 -15 21 -17 -18 -19 -20 -21 -22 23 -24 -25 -26
leaf_value=0.009067430727429663 0.0028048729084751201 -0.0026704528476760563 0.0038118658460912658 -0.0041696703987070382 -0.0013196083007592518 -0.0013082320661828017 -0.00020248863737710294 -0.0013196083007592518 -0.00016698837238132144 0.0021973516205116097 0.0015801644594523477 0.0021172840953759633 0.00072270759732648185 0.0066643299762911279 -0.00080739896115606898 -0.0034757777705465135 0.00079853242556994172 0.011777921171108289 0.00080645887436696883 -0.00047793452919195199 -5.5373694044556391e-05 -0.00023350252565290417 -0.002226462479575577 0.00015407064556672331 0.005689349102388986
leaf_weight=84 20 274 22 277 71 54 36 24 22 31 23 31 34 101 29 107 40 20 24 29 25 30 30 23 59
leaf_count=84 20 274 22 277 71 54 36 24 22 31 23 31 34 101 29 107 40 20 24 29 25 30 30 23 59
internal_value=-4.95555e-05 -0.00177772 0.00738746 -0.00303715 -0.00240659 0.000397929 0.000911602 -0.00274474 0.000764114 0.000917792 0.0010396 0.000840139 0.000483227 0.00606396 -0.000754887 -0.00291059 0.00144682 0.00964752 0.000212152 0 0.000308874 -0.000328437 -0.00147893 0 0.0052464
internal_weight=1520 1234 286 783 506 451 315 435 295 259 237 206 135 182 136 381 71 104 112 88 59 82 54 53 81
internal_count=1520 1234 286 783 506 451 315 435 295 259 237 206 135 182 136 381 71 104 112 88 59 82 54 53 81
is_linear=0
shrinkage=0.05


Tree=7
num_leaves=27
num_cat=0
split_feature=2 2 15 18 8 14 6 6 8 6 1 9 14 6 8 9 0 1 8 8 6 6 9 7 6 6
split_gain=7.04472 1.22944 0.277087 0.146498 0.145262 0.0792325 0.025365 0.017474 0.0155385 0.0223307 0.014974 0.0121716 0.0102123 0.00916583 0.0116528 0.00851382 0.00827931 0.00818381 0.00365042 0.0129426 0.0099121 0.00467665 0.00320327 0.00254387 0.000851559 0.000563295
threshold=0.040000000000000008 0.85500000000000009 1.0000000180025095e-35 1.0000000180025095e-35 18.365000000000006 1.0000000180025095e-35 5.1986842105263174 5.6461100569259974 13.945000000000002 7.2557695644629545 10.250000000000002 18.350000000000001 1.0000000180025095e-35 6.8989800874210792 9.4050000000000011 11.550000000000002 52.500000000000007 12.550000000000002 8.6650000000000009 5.9300000000000006 6.1853256021409466 6.2359266287160038 33.750000000000007 0.8992500000000001 6.6530054644808763 6.8528922180607585
decision_type=2 2 2 2 2 2 2 2 2 2 2 2 2 2 2 2 2 2 2 2 2 2 2 2 2 2
left_child=2 4 22 5 6 16 -2 11 9 13 12 -8 -6 18 -15 24 23 -4 19 20 -9 -20 -1 -3 -14 -17
right_child=1 3 17 -5 10 -7 7 8 -10 -11 -12 -13 15 14 -16 25 -18 -19 21 -21 -22 -23 -24 -25 -26 -27
leaf_value=0.0086145982355561555 0.0026682914996308017 -0.00267657743616321 0.0049877451106367437 -0.0039657512712245116 -0.001399101224238961 -0.001399101224238961 -0.00085206826724169122 0.0014807965933977723 0 0.0026682914996308017 0.00011510390293672369 0.0005980214916787625 -0.000862414528577583 -0.00065878886823306118 0.0010102696131812918 -0.00047108619110472841 -0.0017975042512084023 0.0063314429518391783 0 0.0021192866709042039 0 0.00096172357066418371 0.011191954830689218 -0.003499095738493488 -0.001399101224238961 -0.00046788091649659948
leaf_weight=84 20 289 81 266 36 59 26 20 31 20 24 32 32 20 20 55 51 101 26 36 28 36 20 64 23 20
leaf_count=84 20 289 81 266 36 59 26 20 31 20 24 32 32 20 20 55 51 101 26 36 28 36 20 64 23 20
internal_value=-4.355e-05 -0.00168565 0.00702223 -0.00299951 0.000201303 -0.00243285 0.000867829 0.00072688 0.000917523 0.00107562 -0.0008773 0 -0.00105087 0.000863741 5.14903e-05 -0.000720789 -0.00272196 0.00576395 0.00105187 0.00133139 0.000633346 0.0005911 0.00916855 -0.00284081 -0.00125695 -0.000467881
internal_weight=1520 1234 286 729 505 463 315 295 237 206 190 58 166 186 40 130 404 182 146 84 48 62 104 353 55 75
internal_count=1520 1234 286 729 505 463 315 295 237 206 190 58 166 186 40 130 404 182 146 84 48 62 104 353 55 75
is_linear=0
shrinkage=0.05


Tree=8
num_leaves=28
num_cat=0
split_feature=2 2 15 8 18 14 6 6 3 1 3 3 6 14 3 1 6 3 3 6 8 6 6 6 8 8 0
split_gain=6.36038 1.10742 0.249012 0.132692 0.132631 0.073599 0.0226781 0.0160574 0.0142243 0.0138754 0.0136063 0.0125249 0.0116547 0.00934339 0.00926536 0.00628948 0.00575229 0.00558538 0.0692252 0.00384813 0.00407003 0.00419367 0.00112222 0.00208495 0.000767174 0.000738149 0.000479773
threshold=0.040000000000000008 0.85500000000000009 1.0000000180025095e-35 18.365000000000006 1.0000000180025095e-35 1.0000000180025095e-35 5.1986842105263174 5.4580419580419592 27.650000000000002 10.250000000000002 30.450000000000003 48.000000000000007 5.7187780772686443 1.0000000180025095e-35 80.950000000000017 12.550000000000002 6.4504441327723248 94.65000000000002 90.15000000000002 7.0139561930606726 10.855000000000002 6.570385818561002 5.7089947089947097 6.6530054644808763 42.855000000000011 0.68500000000000016 52.500000000000007
decision_type=2 2 2 2 2 2 2 2 2 2 2 2 2 2 2 2 2 2 2 2 2 2 2 2 2 2 2
left_child=2 3 17 6 5 14 -2 -8 -9 13 -10 12 -12 -5 26 25 -13 18 -1 20 21 -14 -15 -24 -25 -4 -3
right_child=1 4 15 9 -6 -7 7 8 10 -11 11 16 19 22 -16 -17 -18 -19 -20 -21 -22 -23 23 24 -26 -27 -28
leaf_value=0.010190848617093559 0.0025372231998257891 -0.002481010299647458 0.0033738761352231869 -0.0013281308158688391 -0.0037675382632080413 -0.0013281308158688391 -0.00018806704176509872 -0.00020661747643547091 0.0020343086906855511 0.00010937258245663029 0.0014801260396622492 0.0019738608261516428 0.00061847780259723399 -0.0011601622877402224 -0.0031653499520506953 0.0060151838927963181 0.00071898426557484639 0.010257150693251241 0.0063852142804865083 0.00072315393669793529 -0.00047411605142876252 -0.00011569055595316266 -0.00044886042620811365 -0.00044886042620811365 -0.0013117245621810671 0.0051563976115867015 -0.0017078049181561382
leaf_weight=30 20 248 22 36 266 59 36 22 31 24 23 31 36 28 105 101 40 30 44 24 29 23 55 25 22 59 51
leaf_count=30 20 248 22 36 266 59 36 22 31 24 23 31 36 28 105 101 40 30 44 24 29 23 55 25 22 59 51
internal_value=-3.93724e-05 -0.00159984 0.00667429 0.00019055 -0.00284681 -0.00230635 0.000827957 0.000693347 0.000835183 -0.000839781 0.000953024 0.000765139 0.000425438 -0.00100709 -0.0025872 0.00547743 0.00133922 0.00871347 0.00800719 0.000163121 0 0.000247963 -0.000684261 -0.000503642 -0.00091027 0.00473867 -0.00236646
internal_weight=1520 1234 286 505 729 463 315 295 259 190 237 206 135 166 404 182 71 104 74 112 88 59 130 102 47 81 299
internal_count=1520 1234 286 505 729 463 315 295 259 190 237 206 135 166 404 182 71 104 74 112 88 59 130 102 47 81 299
is_linear=0
shrinkage=0.05


Tree=9
num_leaves=27
num_cat=0
split_feature=2 2 15 18 2 14 6 6 3 3 3 6 1 6 14 3 9 9 1 9 6 3 3 3 6 6
split_gain=5.74569 0.997122 0.223926 0.120099 0.119324 0.0683942 0.0165125 0.0152968 0.0153733 0.0138268 0.0131269 0.0129169 0.0128944 0.0103031 0.00863343 0.00783173 0.00737784 0.00676789 0.00448323 0.00399353 0.00393639 0.00326583 0.060999 0.00207083 0.00681325 0.000225747
threshold=0.040000000000000008 0.85500000000000009 1.0000000180025095e-35 1.0000000180025095e-35 0.50000000000000011 1.0000000180025095e-35 5.1986842105263174 5.6461100569259974 27.650000000000002 30.450000000000003 48.000000000000007 5.9929577464788748 10.250000000000002 6.4504441327723248 1.0000000180025095e-35 80.950000000000017 21.500000000000004 11.550000000000002 12.550000000000002 18.350000000000001 7.0139561930606726 94.65000000000002 90.15000000000002 39.250000000000007 6.3676588897827857 6.6530054644808763
decision_type=2 2 2 2 2 2 2 2 2 2 2 2 2 2 2 2 2 2 2 2 2 2 2 2 2 2
left_child=2 4 21 5 6 15 -2 19 -9 -10 11 -11 14 -12 -6 16 -3 25 -4 -8 23 22 -1 -13 -25 -16
right_child=1 3 18 -5 12 -7 7 8 9 10 13 20 -14 -15 17 -17 -18 -19 -20 -21 -22 -23 -24 24 -26 -27
leaf_value=0.0096829987845795107 0.0022370110475568548 -0.0023508636904433951 0.0045053406068828409 -0.0035792320318714654 -0.0012609090534647053 -0.0012609090534647053 -1.2517906216105842e-05 -1.2517906216105842e-05 0.0020717567606423778 0.0015876127249417613 0.002278761482014658 -1.2517906216105842e-05 -1.2517906216105842e-05 0.00068312473104514208 -0.00082549743323453062 -0.0030072330429305556 -0.0012609090534647053 -0.00048797182749726393 0.0057147222594104707 0.00054249594276741941 0.00068714624846593719 0.0097459970910776655 0.0060666775067448791 -1.2517906216105842e-05 0.001014336866328837 -0.0012609090534647053
leaf_weight=30 21 272 81 266 36 59 26 20 30 20 25 38 22 40 32 105 27 75 101 32 24 30 44 20 21 23
leaf_count=30 21 272 81 266 36 59 26 20 30 20 25 38 22 40 32 105 27 75 101 32 24 30 44 20 21 23
internal_value=-3.51738e-05 -0.00151849 0.00634567 -0.00270175 0.000179933 -0.00218617 0.000779793 0.000658803 0.000836875 0.000969531 0.000766055 0.00040215 -0.000804829 0.00137619 -0.000963426 -0.00245916 -0.00224904 -0.000646886 0.00520671 0 0.00012215 0.00828389 0.00761132 0 0.000339403 -0.00116302
internal_weight=1520 1234 286 729 505 463 317 296 238 218 188 123 188 65 166 404 299 130 182 58 103 104 74 79 41 55
internal_count=1520 1234 286 729 505 463 317 296 238 218 188 123 188 65 166 404 299 130 182 58 103 104 74 79 41 55
is_linear=0
shrinkage=0.05


Tree=10
num_leaves=27
num_cat=0
split_feature=2 2 15 18 8 14 1 1 6 8 3 8 3 14 3 8 3 9 3 0 8 6 8 6 8 7
split_gain=5.28997 0.906043 0.324107 0.109536 0.0977277 0.0599514 0.0401743 0.0199763 0.0246322 0.0227142 0.0206794 0.0195414 0.0173272 0.0134236 0.00983087 0.00742588 0.00722464 0.00651333 0.00563983 0.00657701 0.00462915 0.00262335 0.00252897 0.000808392 0.000432189 0.00034281
threshold=0.040000000000000008 0.85500000000000009 1.0000000180025095e-35 1.0000000180025095e-35 14.810000000000002 1.0000000180025095e-35 11.15 12.350000000000003 6.7234135033323685 10.855000000000002 31.450000000000003 1.0000000180025095e-35 80.550000000000011 1.0000000180025095e-35 44.350000000000001 7.8050000000000006 49.20000000000001 10.450000000000001 78.750000000000014 52.500000000000007 41.295000000000009 5.9386748120300767 46.860000000000007 6.1258802816901419 38.705000000000005 0.79575000000000007
decision_type=2 2 2 2 2 2 2 2 2 2 2 2 2 2 2 2 2 2 2 2 2 2 2 2 2 2
left_child=2 4 -1 5 7 12 13 8 9 10 -2 -4 18 -6 23 -10 -16 20 19 25 -15 -11 24 -12 -19 -3
right_child=1 3 11 -5 6 -7 -8 -9 15 21 14 -13 -14 17 16 -17 -18 22 -20 -21 -22 -23 -24 -25 -26 -27
leaf_value=0.0083927206173953911 -0.00059639882274061093 -0.0018386547318921895 0.0030944056375775226 -0.0033756765192175216 -0.0011686438394066967 -0.0011686438394066967 0.00098689942638102539 0.0019225255299188061 0.00030835696951488903 -0.0011686438394066967 0.0012684911266677634 0.0050770078227214792 -0.0029166098483303701 -0.00054400825098403934 -0.00028036307770554989 0.0012684911266677634 0.00080856615378277681 -0.00014104243264190217 -0.0012882571341216349 -0.0013285903724510456 -0.0011686438394066967 -6.143475757605993e-05 -0.00054400825098403934 0.00035471518669372322 5.9034391055758431e-05 -0.0025245299042272497
leaf_weight=106 25 42 30 265 50 53 32 39 34 20 25 152 116 29 20 57 32 30 55 46 27 20 21 21 33 145
leaf_count=106 25 42 30 265 50 53 32 39 34 20 25 152 116 29 20 57 32 30 55 46 27 20 21 21 33 145
internal_value=2.40951e-05 -0.00139364 0.0061292 -0.0025369 0.00019961 -0.00203895 -0.000578502 0.000806224 0.000614457 0.000208892 0.000569373 0.00477954 -0.00228977 -0.000868831 0.000918037 0.00126849 0.000294044 -0.000500892 -0.00201901 -0.00216943 -0.000940259 -0.000773554 -0.000147757 0.00126849 0 -0.00234872
internal_weight=1525 1237 288 722 515 457 222 293 254 163 123 182 404 190 98 91 52 140 288 233 56 40 84 46 63 187
internal_count=1525 1237 288 722 515 457 222 293 254 163 123 182 404 190 98 91 52 140 288 233 56 40 84 46 63 187
is_linear=0
shrinkage=0.05


Tree=11
num_leaves=27
num_cat=0
split_feature=2 2 15 18 8 14 1 1 8 3 14 7 3 9 3 8 3 11 8 8 8 8 8 8 8 7
split_gain=4.77388 0.817098 0.291115 0.0992103 0.0908077 0.057145 0.0368808 0.0174938 0.0167137 0.0151434 0.0121218 0.00687872 0.0210074 0.00589072 0.00507632 0.00769145 0.00471004 0.00549326 0.00424667 0.0023299 0.00142833 0.00889686 0.000968647 0.000381907 0.000361987 4.4136e-05
threshold=0.040000000000000008 0.85500000000000009 1.0000000180025095e-35 1.0000000180025095e-35 14.810000000000002 1.0000000180025095e-35 11.15 12.350000000000003 1.0000000180025095e-35 80.550000000000011 1.0000000180025095e-35 0.31775000000000003 49.850000000000001 10.450000000000001 31.450000000000003 10.855000000000002 78.750000000000014 2756.5000000000005 41.295000000000009 46.860000000000007 7.9650000000000007 4.9250000000000016 9.4050000000000011 38.705000000000005 6.0750000000000011 0.79575000000000007
decision_type=2 2 2 2 2 2 2 2 2 2 2 2 2 2 2 2 2 2 2 2 2 2 2 2 2 2
left_child=2 4 -1 5 7 9 10 11 -4 16 -6 14 -13 18 22 20 17 25 -12 23 21 -16 -2 -15 -23 -3
right_child=1 3 8 -5 6 -7 -8 -9 -10 -11 13 12 -14 19 15 -17 -18 -19 -20 -21 -22 24 -24 -25 -26 -27
leaf_value=0.0079734801213387808 0.00040952491291052141 -0.0017462816001061858 0.0029401993612601014 -0.0032069562719864338 -0.001108257849777021 -0.001108257849777021 0.00093770819959866115 0.0018266450887060035 0.0048233243870689129 -0.0027709050066520454 -0.00051884190977142478 -0.001108257849777021 0.00040952491291052141 -0.00013401373367361334 0.001210446145227915 0.00040952491291052141 -0.0012239611779463 -0.0012623049273587956 -0.001108257849777021 -0.00051884190977142478 0.001210446145227915 0.00040952491291052141 0.00077083659501959436 5.0150130543221916e-05 0.00047238670045914288 -0.0023983904035980346
leaf_weight=106 28 42 30 265 50 53 32 39 152 116 29 24 42 30 31 26 55 46 27 21 35 20 20 33 28 145
leaf_count=106 28 42 30 265 50 53 32 39 152 116 29 24 42 30 31 26 55 46 27 21 35 20 20 33 28 145
internal_value=2.49511e-05 -0.00132169 0.00582476 -0.00240741 0.000190893 -0.00193224 -0.000558716 0.000775913 0.00454216 -0.00217673 -0.000837408 0.000594247 6.6107e-05 -0.000479108 0.000752943 0.000937044 -0.00191917 -0.00206123 -0.000898076 -0.000139608 0.00113359 0.00075378 0.000409525 0 0.000409525 -0.00223026
internal_weight=1525 1237 288 722 515 457 222 293 182 404 190 254 66 140 188 140 288 233 56 84 114 79 48 63 48 187
internal_count=1525 1237 288 722 515 457 222 293 182 404 190 254 66 140 188 140 288 233 56 84 114 79 48 63 48 187
is_linear=0
shrinkage=0.05


Tree=12
num_leaves=25
num_cat=0
split_feature=2 2 15 18 13 2 3 14 1 6 9 6 3 9 6 6 6 6 6 6 6 2 3 5
split_gain=4.30974 0.737006 0.261408 0.125592 0.0735847 0.0498712 0.0313265 0.0239957 0.0163681 0.0189357 0.0161411 0.0098095 0.0123658 0.00555207 0.00508924 0.00503735 0.00333173 0.0104803 0.00260822 0.0125374 0.0012399 0.0011518 0.00140174 1.7833e-05
threshold=0.040000000000000008 0.84500000000000008 1.0000000180025095e-35 1.0000000180025095e-35 1.0000000180025095e-35 0.50000000000000011 78.250000000000014 1.0000000180025095e-35 12.350000000000003 6.7234135033323685 8.7500000000000018 5.3353783231083849 48.000000000000007 10.450000000000001 7.0385185185185195 5.347685931383837 5.5143622869708642 6.1635871296591285 6.9528371407516598 5.5872210953346864 6.6781609195402316 0.79500000000000015 74.850000000000009 512.70000000000016
decision_type=2 2 2 2 2 2 2 2 2 2 2 2 2 2 2 2 2 2 2 2 2 2 2 2
left_child=2 5 16 4 6 8 7 23 9 11 -11 -2 -13 20 15 -6 -1 -18 19 -4 -7 -15 -23 -3
right_child=1 3 18 -5 14 13 -8 -9 -10 10 -12 12 -14 21 -16 -17 17 -19 -20 -21 -22 22 -24 -25
leaf_value=0.0057300776108357701 0.0010361317458576565 -0.0018920874962196747 0.0036142599057728906 -0.0030701719251088593 -0.0016936306032412395 -0.00050034496304957987 -0.00093398867717454286 -0.00093398867717454286 0.0015793598308415802 0.00010046841682252906 0.0010361317458576565 0.00010046841682252906 0.0010152187123966148 0 -0.0013578051562864347 -0.0028629567959966165 0.0096932696546237762 0.0071707444477090839 0.0034000804162779802 0.0051861775895458932 -0.00093398867717454286 -0.00014906589391564551 -0.00050034496304957987 -0.00098033941511354184
leaf_weight=22 25 178 53 277 37 33 67 37 47 23 78 113 39 34 27 130 25 59 48 81 21 24 22 25
leaf_count=22 25 178 53 277 37 33 67 37 47 23 78 113 39 34 27 130 25 59 48 81 21 24 22 25
internal_value=2.47189e-05 -0.00125462 0.00553553 -0.00219279 -0.00169719 0.000324811 -0.00118321 -0.00153987 0.000665839 0.000492904 0.00103613 0.000147423 0.000100468 -0.000464902 -0.00248378 -0.00263498 0.00757518 0.00799158 0.00431664 0.00460489 -0.000877379 -0.000123311 -0.000298132 -0.00180496
internal_weight=1525 1237 288 778 501 459 307 240 325 278 101 177 152 134 194 167 106 84 182 134 54 80 46 203
internal_count=1525 1237 288 778 501 459 307 240 325 278 101 177 152 134 194 167 106 84 182 134 54 80 46 203
is_linear=0
shrinkage=0.05


Tree=13
num_leaves=28
num_cat=0
split_feature=2 2 15 14 8 16 1 8 1 6 8 3 14 3 3 8 3 8 9 8 8 6 8 6 6 18 6
split_gain=3.89333 0.66296 0.235299 0.0897541 0.0756705 0.0607643 0.032027 0.0150385 0.0140962 0.0218568 0.0198313 0.0183421 0.00977282 0.00907592 0.00596152 0.00576661 0.005325 0.00512643 0.00573469 0.00296756 0.00217806 0.00187315 0.00169314 0.00163236 0.00797992 0.000914848 0.00018068
threshold=0.040000000000000008 0.85500000000000009 1.0000000180025095e-35 1.0000000180025095e-35 14.810000000000002 1.0000000180025095e-35 11.15 1.0000000180025095e-35 12.350000000000003 6.7234135033323685 10.855000000000002 31.450000000000003 1.0000000180025095e-35 44.350000000000001 49.20000000000001 7.8050000000000006 69.750000000000014 41.295000000000009 13.550000000000002 38.45000000000001 35.38000000000001 5.9386748120300767 51.355000000000011 5.5143622869708642 6.1635871296591285 1.0000000180025095e-35 5.7637088733798612
decision_type=2 2 2 2 2 2 2 2 2 2 2 2 2 2 2 2 2 2 2 2 2 2 2 2 2 2 2
left_child=2 4 23 5 8 25 12 -4 9 10 11 -2 -6 -13 -15 -11 22 20 -19 -18 -14 -12 -7 -1 -25 -3 -22
right_child=1 3 7 -5 6 16 -8 -9 -10 15 21 13 17 14 -16 -17 19 18 -20 -21 26 -23 -24 24 -26 -27 -28
leaf_value=0.0054448701167369587 -0.00060128609564496713 -0.002372484811622221 0.0025831779050470589 -0.00099829927561366385 -0.00099829927561366385 -0.0021868798778959231 0.00087860293158350329 0.0043692597867106631 0.0016567804199039621 0.00022477457327822831 -0.00099829927561366385 0.0010983746935032399 -0.00051246876891584416 -0.00030809656661281835 0.00069055381873651554 0.0010983746935032399 -0.00099829927561366385 -0.00099829927561366385 -0.00015388102454664494 -0.0015201189238463451 0 -7.894704146171682e-05 -0.0010012040318230092 0.0092105371570975272 0.0068128139380989649 -0.0028932182553130462 5.3054955690726986e-05
leaf_weight=22 25 188 30 53 50 76 32 152 39 34 20 46 22 20 32 57 30 27 39 88 22 20 22 25 59 265 30
leaf_count=22 25 188 30 53 50 76 32 152 39 34 20 46 22 20 32 57 30 27 39 88 22 20 22 25 59 265 30
internal_value=2.57214e-05 -0.00119008 0.0052637 -0.0021681 0.000171498 -0.00234253 -0.000511696 0.00410389 0.000706197 0.000539969 0.000155561 0.000495223 -0.000772493 0.000826241 0.000210634 0.00109837 -0.00159245 -0.000436567 -0.00076949 -0.00123268 -7.15215e-05 -0.000762842 -0.00197297 0.0072022 0.00759598 -0.00268871 1.96894e-05
internal_weight=1525 1237 288 722 515 669 222 182 293 254 163 123 190 98 52 91 216 140 66 118 74 40 98 106 84 453 52
internal_count=1525 1237 288 722 515 669 222 182 293 254 163 123 190 98 52 91 216 140 66 118 74 40 98 106 84 453 52
is_linear=0
shrinkage=0.05


Tree=14
num_leaves=27
num_cat=0
split_feature=2 2 15 14 8 16 1 6 1 8 7 3 14 3 8 6 3 8 9 8 11 8 8 18 6 3
split_gain=3.5162 0.595998 0.212001 0.085574 0.0704777 0.0546906 0.029549 0.0136092 0.017761 0.0127818 0.0102432 0.0208448 0.00865775 0.00861822 0.00953009 0.00525155 0.00502086 0.00483367 0.00512374 0.00197793 0.00108713 0.000963563 0.000539159 0.000314127 0.0001496 6.45058e-06
threshold=0.040000000000000008 0.85500000000000009 1.0000000180025095e-35 1.0000000180025095e-35 14.810000000000002 1.0000000180025095e-35 11.15 7.2377109317681603 12.350000000000003 1.0000000180025095e-35 0.31775000000000003 49.850000000000001 1.0000000180025095e-35 31.450000000000003 10.855000000000002 6.8989800874210792 77.250000000000014 41.295000000000009 13.550000000000002 35.38000000000001 6480.5000000000009 50.82 34.705000000000005 1.0000000180025095e-35 5.7637088733798612 44.350000000000001
decision_type=2 2 2 2 2 2 2 2 2 2 2 2 2 2 2 2 2 2 2 2 2 2 2 2 2 2
left_child=2 4 20 5 7 23 12 8 10 -4 13 -12 -6 -2 15 25 21 19 -19 -14 -1 22 -7 -3 -21 -15
right_child=1 3 9 -5 6 16 -8 -9 -10 -11 11 -13 17 14 -16 -17 -18 18 -20 24 -22 -23 -24 -25 -26 -27
leaf_value=0.0053878614848008998 0.00019851136866643664 -0.002253923614191041 0.0024544481000866106 -0.0009471648325948299 -0.0009471648325948299 -0.0009471648325948299 0.000834809627233079 0.0019067440954852401 0.0015741532703604348 0.0041509404198470474 -0.0009471648325948299 0.00019851136866643664 -0.00048696129266499245 0.00096362357052017238 0.00019851136866643664 0.00019851136866643664 -0.0009471648325948299 -0.0009471648325948299 -0.00014620665618625785 0 0.0073003096808589981 -0.0010242738403127437 -0.0019443754110764673 -0.0027486119256899398 4.332992739243397e-05 0.00033535052483389297
leaf_weight=28 39 188 30 53 50 20 32 24 39 152 22 36 22 55 24 21 43 27 39 22 78 39 114 265 30 33
leaf_count=28 39 188 30 53 50 20 32 24 39 152 22 36 22 55 24 21 43 27 39 22 78 39 114 265 30 33
internal_value=2.64967e-05 -0.00112875 0.00500448 -0.00205609 0.000161761 -0.0022256 -0.00049719 0.000678092 0.000549224 0.00390026 0.000353094 -0.000157187 -0.00074815 0.000554209 0.000755812 0.000961249 -0.00151101 -0.00042135 -0.000744561 -6.4988e-05 0.00684781 -0.00167149 -0.00182167 -0.00255489 1.81619e-05 0.000963624
internal_weight=1525 1237 288 722 515 669 222 293 269 182 230 58 190 172 133 109 216 140 66 74 106 173 134 453 52 88
internal_count=1525 1237 288 722 515 669 222 293 269 182 230 58 190 172 133 109 216 140 66 74 106 173 134 453 52 88
is_linear=0
shrinkage=0.05


Tree=15
num_leaves=27
num_cat=0
split_feature=8 2 15 8 14 16 9 1 9 6 8 6 6 2 6 8 8 8 9 8 6 0 6 18 8 8
split_gain=3.3444 0.504564 0.169961 0.0756074 0.053073 0.0301848 0.0294298 0.0531764 0.0251578 0.0215583 0.0173251 0.0163242 0.0204509 0.0151529 0.0138647 0.00805577 0.00524678 0.0046598 0.00465069 0.0111957 0.00359827 0.00212048 0.00199944 0.00107602 0.00101948 0.000361142
threshold=2.7650000000000006 0.85500000000000009 1.0000000180025095e-35 13.665000000000001 1.0000000180025095e-35 1.0000000180025095e-35 14.350000000000003 11.350000000000003 32.150000000000006 5.6461100569259974 6.2700000000000014 5.5747210804462721 6.5919899874843564 0.19500000000000003 5.2707722385141755 6.0750000000000011 0.71500000000000019 29.445000000000004 13.350000000000003 9.7100000000000026 6.2826185613796239 80.500000000000014 6.4334637964774961 1.0000000180025095e-35 52.410000000000004 8.9000000000000021
decision_type=2 2 2 2 2 2 2 2 2 2 2 2 2 2 2 2 2 2 2 2 2 2 2 2 2 2
left_child=2 3 8 9 5 17 -5 22 21 10 -2 -4 -13 15 -12 20 -14 -3 25 -20 -11 -1 -8 -19 -7 -17
right_child=1 4 11 6 -6 24 7 -9 -10 13 14 12 16 -15 -16 18 -18 23 19 -21 -22 -23 -24 -25 -26 -27
leaf_value=0.0042990204446303705 0.0010155594516840522 -0.0014209161364666511 0.0026752505305522975 -0.00095352577794868474 -0.00095352577794868474 -0.0016264254984889232 -0.00047676288897434237 0.0023593612721847807 0.0084422377116062982 0.0012245539660097789 0.00013243264723491866 0.0050050743797047138 0.0019953767114685257 0 -0.00095352577794868474 0.00056404831788305705 0.0037711171289348208 -0.0021176054715809057 0.0024554531262176893 0.0012838326110221341 0.00056404831788305705 0.0062368152971049003 0 -0.0026325198594919896 -0.00095352577794868474 0.0011835583806183046
leaf_weight=24 22 38 51 121 50 192 63 20 23 22 24 62 21 31 20 22 51 177 41 22 34 65 33 251 21 23
leaf_count=24 22 38 51 121 50 192 63 20 23 22 24 62 21 31 20 22 51 177 41 22 34 65 33 251 21 23
internal_value=6.1747e-06 -0.00114298 0.00476932 7.4128e-05 -0.00198118 -0.00211257 -0.000560878 0 0.00637501 0.000669886 -4.1149e-05 0.0037673 0.00414334 0.00093607 -0.000683987 0.0011281 0.00332603 -0.00236042 0.0014136 0.00177826 0.000564048 0.00577579 -0.000468048 -0.0024318 -0.00154601 0.000789406
internal_weight=1524 1227 297 498 729 679 237 116 112 261 66 185 134 195 44 164 72 466 108 63 56 89 96 428 213 45
internal_count=1524 1227 297 498 729 679 237 116 112 261 66 185 134 195 44 164 72 466 108 63 56 89 96 428 213 45
is_linear=0
shrinkage=0.05


Tree=16
num_leaves=23
num_cat=0
split_feature=8 2 15 8 14 3 9 1 9 6 3 6 3 6 2 3 3 3 8 7 6 0
split_gain=3.02679 0.450825 0.152586 0.0680408 0.0491393 0.027859 0.0265956 0.0482809 0.0214213 0.0195057 0.0240207 0.0141635 0.0258351 0.0175124 0.0135487 0.00996897 0.00968762 0.00819422 0.00565486 0.00485136 0.00179746 0.000802738
threshold=2.7650000000000006 0.85500000000000009 1.0000000180025095e-35 13.665000000000001 1.0000000180025095e-35 80.250000000000014 14.350000000000003 11.350000000000003 32.150000000000006 5.6461100569259974 44.350000000000001 5.5747210804462721 88.65000000000002 6.5919899874843564 0.19500000000000003 41.350000000000001 30.450000000000003 91.15000000000002 7.8050000000000006 0.79575000000000007 6.6186826843413433 80.500000000000014
decision_type=2 2 2 2 2 2 2 2 2 2 2 2 2 2 2 2 2 2 2 2 2 2
left_child=2 3 8 9 5 19 -5 20 21 10 -2 12 -4 -13 15 16 -11 -15 -17 -3 -8 -1
right_child=1 4 11 6 -6 -7 7 -9 -10 14 -12 13 -14 17 -16 18 -18 -19 -20 -21 -22 -23
leaf_value=0.004084961357042464 0.00069234156641689946 -0.0010044218335586699 0.00078892103530726031 -0.0009093046849443058 -0.0009093046849443058 -0.0023882589741993968 -0.0004546523424721529 0.002241980120775971 0.0080219529383690844 0.0014854898682464396 -0.0009093046849443058 0.0047552235944403921 0.0035056624165511543 0.0036207736316130317 0 0.00095516136029921098 0.00053134469949557474 0.0017140662538545641 0.0021787212925130427 -0.001769234887526199 0 0.0059254535534683794
leaf_weight=24 39 59 20 121 50 318 70 20 23 30 27 62 31 52 31 49 53 20 32 302 26 65
leaf_count=24 39 59 20 121 50 318 70 20 23 30 27 62 31 52 31 49 53 20 32 302 26 65
internal_value=4.95867e-06 -0.00108811 0.00453645 6.1792e-05 -0.0018804 -0.00200788 -0.000540164 0 0.00606157 0.000627543 -4.60281e-05 0.00358335 0.00254175 0.0039403 0.000881055 0.00106269 0.000572226 0.00316359 0.00150229 -0.0016584 -0.000452421 0.0054904
internal_weight=1524 1227 297 498 729 679 237 116 112 261 66 185 51 134 195 164 83 72 81 361 96 89
internal_count=1524 1227 297 498 729 679 237 116 112 261 66 185 51 134 195 164 83 72 81 361 96 89
is_linear=0
shrinkage=0.05


Tree=17
num_leaves=27
num_cat=0
split_feature=8 2 15 8 14 3 11 9 9 7 6 3 1 3 8 8 3 6 8 6 8 3 8 8 1 3
split_gain=2.73957 0.403464 0.136754 0.0627567 0.0455502 0.0246945 0.0235316 0.0432218 0.0181097 0.01784 0.0120351 0.0228403 0.0153995 0.0159849 0.0118758 0.0139445 0.0111493 0.00776575 0.00545616 0.00539617 0.00420826 0.00225903 0.00188526 0.00122283 0.000753293 7.96802e-06
threshold=2.7650000000000006 0.85500000000000009 1.0000000180025095e-35 9.7100000000000026 1.0000000180025095e-35 80.250000000000014 4422.5000000000009 23.300000000000001 32.150000000000006 0.31775000000000003 5.5747210804462721 88.65000000000002 12.550000000000002 89.350000000000009 7.9650000000000007 7.1750000000000007 51.650000000000013 6.1422947131608563 48.615000000000002 6.4022471910112371 50.010000000000005 86.250000000000014 13.665000000000001 32.955000000000005 8.8500000000000032 38.600000000000009
decision_type=2 2 2 2 2 2 2 2 2 2 2 2 2 2 2 2 2 2 2 2 2 2 2 2 2 2
left_child=2 3 8 14 5 20 9 22 -1 -5 11 -4 21 -14 15 16 17 -2 24 -16 23 -12 -8 -3 -11 -19
right_child=1 4 10 6 -6 -7 7 -9 -10 18 12 -13 13 -15 19 -17 -18 25 -20 -21 -22 -23 -24 -25 -26 -27
leaf_value=0.0052192471489492147 0.00094957132114884587 -0.0010639094473643528 0.00074967124698618751 -8.7880442511462537e-05 -0.00086610402974902445 -0.0022688835107063958 0.00059876156257307944 0.0020762237304978617 0.0076225917214866384 -0.00086610402974902445 0.0018357308902337555 0.0033309429352414281 0.0060531882504686642 0.0038451702179018036 0.00062599140057219803 -0.00043733144583164418 0.0018543534484808837 -3.1480907615440985e-05 -0.00043719392407846945 0.0022811615610801614 -0.00086610402974902445 0.0034059687331634025 -8.7880442511462537e-05 -0.0017486855139000766 -0.00044630086429549743 0
leaf_weight=89 38 50 20 42 50 318 20 27 23 127 20 31 23 32 20 23 23 20 25 23 40 59 29 271 61 20
leaf_count=89 38 50 20 42 50 318 20 27 23 127 20 31 23 32 20 23 23 20 25 23 40 59 29 271 61 20
internal_value=4.77095e-06 -0.00103499 0.00431606 5.22872e-05 -0.0017845 -0.00190826 -0.000335623 0.000398257 0.00576375 -0.000574018 0.00340997 0.00241997 0.00374739 0.00461587 0.000850802 0.000539015 0.000811019 0.000437369 -0.000786507 0.00163056 -0.00157621 0.00307447 -8.78804e-05 -0.00165796 -0.000866104 0
internal_weight=1524 1227 297 498 729 679 331 76 112 255 185 51 134 55 167 124 101 78 213 43 361 79 49 321 188 40
internal_count=1524 1227 297 498 729 679 331 76 112 255 185 51 134 55 167 124 101 78 213 43 361 79 49 321 188 40
is_linear=0
shrinkage=0.05


Tree=18
num_leaves=28
num_cat=0
split_feature=8 2 15 8 14 3 0 9 7 9 8 8 6 3 3 10 3 6 3 8 6 7 6 8 0 10 3
split_gain=2.47606 0.362747 0.122497 0.0572917 0.0436388 0.0218334 0.0202855 0.0397921 0.016558 0.0152916 0.0107269 0.0127293 0.0100433 0.0201597 0.0140323 0.0369292 0.00993381 0.00703352 0.00599432 0.00529586 0.00456284 0.00432507 0.00189763 0.0016207 0.000799623 0.00047973 7.19489e-06
threshold=2.7650000000000006 0.85500000000000009 1.0000000180025095e-35 9.7100000000000026 1.0000000180025095e-35 80.250000000000014 66.500000000000014 23.300000000000001 0.31775000000000003 32.150000000000006 7.9650000000000007 7.1750000000000007 5.5747210804462721 88.65000000000002 91.15000000000002 172.92500000000001 51.650000000000013 6.1422947131608563 85.750000000000014 48.615000000000002 6.4022471910112371 0.79575000000000007 6.6530054644808763 13.665000000000001 80.500000000000014 78.325000000000031 38.600000000000009
decision_type=2 2 2 2 2 2 2 2 2 2 2 2 2 2 2 2 2 2 2 2 2 2 2 2 2 2 2
left_child=2 3 9 10 5 21 8 23 -5 24 11 16 13 -4 15 18 17 -2 -14 25 -12 -3 -16 -8 -1 -10 -19
right_child=1 4 12 6 -6 -7 7 -9 19 -11 20 -13 14 -15 22 -17 -18 26 -20 -21 -22 -23 -24 -25 -26 -27 -28
leaf_value=0.0036216812988905489 0.00090221735432480037 -0.00087818687977883863 0.00071237408069532314 -9.4512699318474811e-05 -0.00082296111837557723 -0.0021554750416627527 0.00056897242928841216 0.0019727955873440469 -0.00082296111837557723 0.007243112059414903 0.00059484749643215484 -0.00041555951256708147 0.0017936978733574796 0.00316493136155452 0.0031047404616732486 0.0057345859946433412 0.0017620371344188848 -2.9914659350665634e-05 0.0036497907993447857 -0.00042312978325335476 0.0021675972212549474 -0.0016027182343406128 0.0014538754449592004 -9.4512699318474811e-05 0.0053690744930082156 -0.00042402235169570324 0
leaf_weight=24 38 59 20 42 50 318 20 27 127 23 20 23 20 31 23 29 23 20 42 25 23 302 20 29 65 61 20
leaf_count=24 38 59 20 42 50 318 20 27 127 23 20 23 20 31 23 29 23 20 42 25 23 302 20 29 65 61 20
internal_value=5.48763e-06 -0.000982836 0.00410435 4.76018e-05 -0.00169352 -0.00181378 -0.000322582 0.000355232 -0.000544257 0.00547837 0.000810996 0.000511599 0.00324298 0.00230427 0.00356099 0.004024 0.000772392 0.000414671 0.00313542 -0.000751747 0.00155517 -0.00149843 0.00245806 -9.45127e-05 0.00495858 -0.000822961 0
internal_weight=1524 1227 297 498 729 679 331 76 255 112 167 124 185 51 134 91 101 78 62 213 43 361 43 49 89 188 40
internal_count=1524 1227 297 498 729 679 331 76 255 112 167 124 185 51 134 91 101 78 62 213 43 361 43 49 89 188 40
is_linear=0
shrinkage=0.05


Tree=19
num_leaves=27
num_cat=0
split_feature=8 2 15 8 14 16 9 5 9 3 8 3 8 8 8 8 8 8 8 8 3 18 9 3 8 3
split_gain=2.24173 0.32605 0.109334 0.0523151 0.0418841 0.0208977 0.0177278 0.0391516 0.0126911 0.0102334 0.01018 0.00834912 0.00684151 0.0059775 0.0059329 0.004911 0.00333479 0.00224384 0.00557184 0.00136186 0.00320235 0.00121498 0.00119421 0.000732563 0.00197663 7.39803e-05
threshold=2.7650000000000006 0.85500000000000009 1.0000000180025095e-35 9.7100000000000026 1.0000000180025095e-35 1.0000000180025095e-35 16.650000000000002 829.20000000000016 32.150000000000006 30.450000000000003 13.665000000000001 35.500000000000007 7.9650000000000007 16.135000000000002 1.0000000180025095e-35 29.445000000000004 12.445000000000002 35.800000000000004 41.295000000000009 6.6300000000000017 43.850000000000001 1.0000000180025095e-35 9.8500000000000032 77.250000000000014 50.010000000000005 50.95000000000001
decision_type=2 2 2 2 2 2 2 2 2 2 2 2 2 2 2 2 2 2 2 2 2 2 2 2 2 2
left_child=2 3 8 9 5 15 10 13 -1 -2 -5 -11 19 16 -4 -3 -8 -12 -19 20 -13 -17 -20 24 -7 -22
right_child=1 4 14 6 -6 23 7 -9 -10 11 17 12 -14 -15 -16 21 -18 18 22 -21 25 -23 -24 -25 -26 -27
leaf_value=0.004713959195238239 0.0018033934675483591 -0.0010446300432940773 0.0019450613336077624 -0.00028107194479437872 -0.0007818514375137665 -0.001472190284149074 0 0.0018145046338208734 0.0068825242782890542 -0.00017134880992621855 -0.0007818514375137665 0 0.0015624108711309523 -0.00028107194479437872 0.0032859785760369696 -0.0017095044474940452 0.0007337257349446639 -0.00028107194479437872 -0.0007818514375137665 0 0.00035042356997656978 -0.0021839042793186428 -0.00028107194479437872 -0.0007818514375137665 -0.0007818514375137665 0.0011863637861531618
leaf_weight=89 25 38 31 46 50 142 26 27 23 22 59 21 25 72 154 177 20 33 28 28 26 251 20 41 30 20
leaf_count=89 25 38 31 46 50 142 26 27 23 22 59 21 25 72 154 177 20 33 28 28 26 251 20 41 30 20
internal_value=7.06971e-06 -0.000933164 0.00390731 4.32471e-05 -0.00160695 -0.00172386 -0.000310044 7.41627e-05 0.00520963 0.000773172 -0.000636307 0.000555467 0.00073038 -0.000281072 0.00308947 -0.00193292 0.000232124 -0.000781851 -0.000358709 0.000457436 0.000589325 -0.00199984 -0.000772487 -0.00124234 -0.00134665 0.000824121
internal_weight=1524 1227 297 498 729 679 331 145 112 167 186 142 120 118 185 466 46 140 81 95 67 428 48 213 172 46
internal_count=1524 1227 297 498 729 679 331 145 112 167 186 142 120 118 185 466 46 140 81 95 67 428 48 213 172 46
is_linear=0
shrinkage=0.05


Tree=20
num_leaves=31
num_cat=0
split_feature=8 2 17 14 16 8 1 8 6 3 3 3 7 8 8 8 3 8 8 3 8 8 3 8 8 0 18 3 6 8
split_gain=1.87568 0.264743 0.0755365 0.0581833 0.0279896 0.0213203 0.0260967 0.0199145 0.0176377 0.0137662 0.041844 0.0107938 0.0241757 0.0123428 0.0123626 0.01096 0.00846622 0.00779718 0.00538265 0.00515749 0.00507473 0.00410277 0.00407293 0.00356056 0.00317193 0.00595419 0.00184361 0.00153524 0.00139313 0.000994338
threshold=2.6700000000000004 0.85500000000000009 1.0000000180025095e-35 1.0000000180025095e-35 1.0000000180025095e-35 14.810000000000002 11.65 1.0000000180025095e-35 5.8214066653036198 89.750000000000014 93.250000000000014 48.000000000000007 0.31775000000000003 5.9300000000000006 7.3600000000000003 7.9650000000000007 39.250000000000007 10.675000000000002 35.38000000000001 69.750000000000014 29.445000000000004 40.030000000000008 53.350000000000001 0.80500000000000016 41.295000000000009 54.500000000000007 1.0000000180025095e-35 73.100000000000009 5.9532897128316984 4.4900000000000011
decision_type=2 2 2 2 2 2 2 2 2 2 2 2 2 2 2 2 2 2 2 2 2 2 2 2 2 2 2 2 2 2
left_child=2 5 7 4 20 11 18 -1 -4 -10 -11 12 13 29 -15 22 17 -16 -7 21 -3 -6 -13 -9 27 -26 -22 -20 -27 -2
right_child=1 3 8 -5 19 6 -8 23 9 10 -12 15 -14 14 16 -17 -18 -19 24 -21 26 -23 -24 -25 25 28 -28 -29 -30 -31
leaf_value=0.0012973258777617895 0 -0.00093367473222978658 0.0032787592597073667 -0.00071470406805653852 -0.0019875252530470078 -0.00071470406805653852 0.0010852410069085172 0.004280073019397544 0.0070625907494466442 0.0027153821203543651 0.0059467734375777247 -6.2722208319729048e-05 -0.00071470406805653852 0.0017049099488014524 -0.00019146305655540782 0.0015681505899563014 0.00097635800932319118 0.00059912860065972409 0.00026564437762735923 -0.00075036121233082334 -0.0016273544030609745 -0.00094577398906696842 0.00072892417937710696 0.0029081407492864957 -0.00071470406805653852 -0.00037644186926325787 -0.0021176279745702855 -0.00021732812476625966 3.1123154968156681e-05 -0.00019146305655540782
leaf_weight=26 25 35 32 57 38 55 26 27 20 26 33 25 22 23 43 32 35 38 23 116 175 55 23 121 26 20 235 30 39 27
leaf_count=26 25 35 32 57 38 55 26 27 20 26 33 25 22 23 43 32 35 38 23 116 175 55 23 121 26 20 235 30 39 27
internal_value=1.67674e-05 -0.000831212 0.00367219 -0.00145555 -0.00161371 2.61455e-05 -0.000336118 0.00294099 0.00476972 0.00530553 0.00461438 0.000313997 0.000100568 0.000331778 0.000590684 0.000818994 0.000325415 0 -0.000553952 -0.00107582 -0.00185481 -0.00142682 0.000213385 0.00319491 -0.000283779 -0.000473146 -0.001921 0 -3.81797e-05 -0.000191463
internal_weight=1508 1223 285 711 654 512 219 174 111 79 59 293 213 191 139 80 116 81 193 209 445 93 48 148 138 85 410 53 59 52
internal_count=1508 1223 285 711 654 512 219 174 111 79 59 293 213 191 139 80 116 81 193 209 445 93 48 148 138 85 410 53 59 52
is_linear=0
shrinkage=0.05


Tree=21
num_leaves=29
num_cat=0
split_feature=8 2 15 14 16 6 8 9 8 6 3 7 8 8 8 3 8 8 3 8 3 8 6 6 8 6 6 8
split_gain=1.69872 0.235571 0.0602027 0.0543985 0.0248377 0.0220111 0.0193162 0.0363009 0.0184181 0.013705 0.0100601 0.0223654 0.0113272 0.0111632 0.00985426 0.00777847 0.00715344 0.00548072 0.00451969 0.00423761 0.00371735 0.00343386 0.00277739 0.00564325 0.0015551 0.00832708 0.0087479 0.000949179
threshold=2.6700000000000004 0.85500000000000009 1.0000000180025095e-35 1.0000000180025095e-35 1.0000000180025095e-35 5.8214066653036198 14.810000000000002 23.300000000000001 1.0000000180025095e-35 6.4794366197183111 48.000000000000007 0.31775000000000003 5.9300000000000006 7.3600000000000003 7.9650000000000007 39.250000000000007 10.675000000000002 48.615000000000002 69.750000000000014 29.445000000000004 53.350000000000001 40.030000000000008 5.846805736636246 5.4250427013533056 0.80500000000000016 5.2299154334038063 6.8790584415584428 4.4900000000000011
decision_type=2 2 2 2 2 2 2 2 2 2 2 2 2 2 2 2 2 2 2 2 2 2 2 2 2 2 2 2
left_child=2 6 5 4 19 -1 10 17 -4 -7 11 12 27 -14 20 16 -15 22 21 -3 -12 -6 23 -8 -10 -26 -27 -2
right_child=1 3 8 -5 18 9 7 -9 24 -11 14 -13 13 15 -16 -17 -18 -19 -20 -21 -22 -23 -24 -25 25 26 -28 -29
leaf_value=0.0029611991117694317 0 -0.00088712398110069024 0.0012327081448009589 -0.00068175792940209561 -0.0018884098299673886 0.0063906473455639075 -0.00068175792940209561 0.0010954334595614775 0.0040668590258930663 0.004201287481764791 -5.9598580232832526e-05 -0.00068175792940209561 0.0016200334966853986 -0.00018581545855900938 0.0014899872785950562 0.00092767920335781295 0.0005692508063105539 0 -0.00071287547011757851 -0.0018256098995340858 0.00069263578791703504 -0.00089857113291340438 -0.00068175792940209561 0.00023464472068279436 0.0013279012564236105 0.0034579534942884155 0.001856245700737199 -0.00018581545855900938
leaf_weight=33 25 35 26 57 38 28 26 35 27 51 25 22 23 43 32 35 38 22 116 410 23 55 111 25 20 71 29 27
leaf_count=33 25 35 26 57 38 28 26 35 27 51 25 22 23 43 32 35 38 22 116 410 23 55 111 25 20 71 29 27
internal_value=1.5449e-05 -0.000791377 0.00349433 -0.00138029 -0.001535 0.00448063 1.67719e-05 -0.000327811 0.00282469 0.00504757 0.00029141 8.48414e-05 0.000310127 0.000559081 0.000778184 0.000304439 0 -0.000626144 -0.00102451 -0.00176325 0.000197588 -0.00135832 -0.000681758 -0.000155056 0.00307124 0.0028024 0.00304573 -0.000185815
internal_weight=1508 1223 285 711 654 112 512 219 173 79 293 213 191 139 80 116 81 184 209 445 48 93 162 51 147 120 100 52
internal_count=1508 1223 285 711 654 112 512 219 173 79 293 213 191 139 80 116 81 184 209 445 48 93 162 51 147 120 100 52
is_linear=0
shrinkage=0.05


Tree=22
num_leaves=30
num_cat=0
split_feature=8 2 17 14 18 8 9 8 6 3 3 3 7 8 8 8 3 8 9 8 6 8 8 6 6 8 8 8 8
split_gain=1.53874 0.209773 0.0608105 0.0508885 0.0203479 0.0173131 0.0332885 0.0153203 0.0127133 0.0118317 0.0374255 0.0093873 0.0206785 0.0103979 0.01008 0.00885907 0.00714687 0.006564 0.00516177 0.00498395 0.00361878 0.00258424 0.00174386 0.00128604 0.00640205 0.000901968 0.000522993 0.00407546 0.00379002
threshold=2.6700000000000004 0.85500000000000009 1.0000000180025095e-35 1.0000000180025095e-35 1.0000000180025095e-35 14.810000000000002 23.500000000000004 1.0000000180025095e-35 5.8214066653036198 89.750000000000014 93.250000000000014 48.000000000000007 0.31775000000000003 5.9300000000000006 7.3600000000000003 7.9650000000000007 39.250000000000007 10.675000000000002 21.250000000000004 48.615000000000002 5.8756443298969083 29.445000000000004 0.80500000000000016 5.846805736636246 5.4250427013533056 4.4900000000000011 36.485000000000007 48.405000000000008 35.655000000000008
decision_type=2 2 2 2 2 2 2 2 2 2 2 2 2 2 2 2 2 2 2 2 2 2 2 2 2 2 2 2 2
left_child=2 5 7 4 18 11 19 -1 -4 -10 -11 12 13 25 -15 20 17 -16 26 23 -13 -6 -9 24 -7 -2 28 -28 -3
right_child=1 3 8 -5 21 6 -8 22 9 10 -12 15 -14 14 16 -17 -18 -19 -20 -21 -22 -23 -24 -25 -26 -27 27 -29 -30
leaf_value=0.0011713088409782484 0 -0.0012207119681481296 0.0029677332988200344 -0.00064954162058319996 -0.00078049252963938284 -0.00064954162058319996 0.0011188291454240912 0.0038642664381553764 0.0064477371204811245 0.0023457086240958377 0.005401216825228353 -0.00015521208218192281 -0.00064954162058319996 0.001539382486336046 -0.00017995769526608866 0.0014157200145108679 0.00088142737941259244 0.00054086296186046652 -0.00064954162058319996 0 0.00060148371294061278 -0.001920549965880317 0.0026270713736851825 -0.00064954162058319996 0.0002323949708607033 -0.00017995769526608866 -0.0015523332415623714 -0.00095779758185948879 -0.00095779758185948879
leaf_weight=26 25 111 32 57 21 27 32 27 20 26 33 20 22 23 43 32 35 38 32 22 28 235 121 113 25 27 185 46 24
leaf_count=26 25 111 32 57 21 27 32 27 20 26 33 20 22 23 43 32 35 38 32 22 28 235 121 113 25 27 185 46 24
internal_value=1.50286e-05 -0.000752705 0.00332619 -0.00130841 -0.00145983 9.32399e-06 -0.000316585 0.00266187 0.00431924 0.00479902 0.00414557 0.000270005 6.99763e-05 0.000289626 0.000529113 0.000739408 0.000284581 0 -0.0011979 -0.000589407 0.000182576 -0.00184689 0.00288899 -0.000649542 -0.000212066 -0.000179958 -0.00126605 -0.00140185 -0.000995811
internal_weight=1508 1223 285 711 654 512 219 174 111 79 59 293 213 191 139 80 116 81 398 187 48 256 148 165 52 52 366 231 135
internal_count=1508 1223 285 711 654 512 219 174 111 79 59 293 213 191 139 80 116 81 398 187 48 256 148 165 52 52 366 231 135
is_linear=0
shrinkage=0.05


Tree=23
num_leaves=31
num_cat=0
split_feature=8 2 17 14 16 8 1 8 3 7 1 8 8 3 8 8 3 8 8 3 7 3 3 8 18 8 8 3 3 3
split_gain=1.39208 0.185811 0.054608 0.0474378 0.0208214 0.0154796 0.0220214 0.0133625 0.00877027 0.0190918 0.0168106 0.00954572 0.00910209 0.00656693 0.00602065 0.00435981 0.00423038 0.00303693 0.0030277 0.00241055 0.00168345 0.00237169 0.00291105 0.00223247 0.00156808 0.00103642 0.000848829 0.000701202 0.0222636 0.00109212
threshold=2.6700000000000004 0.85500000000000009 1.0000000180025095e-35 1.0000000180025095e-35 1.0000000180025095e-35 14.810000000000002 11.65 1.0000000180025095e-35 48.000000000000007 0.31775000000000003 9.9500000000000011 5.9300000000000006 7.3600000000000003 39.250000000000007 10.675000000000002 48.615000000000002 69.750000000000014 29.110000000000003 40.030000000000008 51.650000000000013 0.79975000000000018 67.350000000000009 71.350000000000009 40.530000000000008 1.0000000180025095e-35 0.80500000000000016 4.4900000000000011 90.15000000000002 92.250000000000014 94.350000000000009
decision_type=2 2 2 2 2 2 2 2 2 2 2 2 2 2 2 2 2 2 2 2 2 2 2 2 2 2 2 2 2 2
left_child=2 5 7 4 17 8 15 -1 9 11 19 26 -13 14 -14 20 18 -3 -6 -10 21 -7 -23 -24 -19 -9 -2 -4 -29 -30
right_child=1 3 27 -5 16 6 -8 25 10 -11 -12 12 13 -15 -16 -17 -18 24 -20 -21 -22 22 23 -25 -26 -27 -28 28 29 -31
leaf_value=0.0011129677841632531 0 -0.00071025774806187433 0.0049913739866478922 -0.00061724815331595101 -0.0017304031229687959 -0.00046436560376016611 0.00099549332555112259 0.0036717660759482875 0.00045955688840123866 -0.00061724815331595101 0.0015697524408750754 0.0014627465674879425 -0.0001735194282549504 0.00083748158080731527 0.00051389079311192827 0 -0.00061724815331595101 -0.0013762598853728897 -0.00079387200441880803 -0.00023268876649231549 -0.00061724815331595101 0.00024430316781886733 -0.00046436560376016611 0 -0.0018252815033248969 0.0024958262465064416 -0.0001735194282549504 0.0017785085830837489 0.0053607162579300989 0.0034539981893397416
leaf_weight=26 25 29 35 57 38 37 26 27 22 22 33 23 43 35 38 24 116 179 55 25 57 23 29 23 237 121 27 21 20 35
leaf_count=26 25 29 35 57 38 37 26 27 22 22 33 23 43 35 38 24 116 179 55 25 57 23 29 23 237 121 27 21 20 35
internal_value=1.60166e-05 -0.000714049 0.00316558 -0.00123702 -0.00138505 2.52468e-06 -0.000305329 0.00253187 0.000249711 5.59168e-05 0.000702553 0.000270209 0.000500691 0.000265776 0 -0.000506887 -0.000913589 -0.00159499 -0.00123169 0 -0.000598211 -0.000311483 -4.48902e-05 -0.000309993 -0.00164447 0.00274645 -0.000173519 0.0041108 0.00363354 0.00424657
internal_weight=1508 1223 285 711 654 512 219 174 293 213 80 191 139 116 81 193 209 445 93 47 169 112 75 52 416 148 52 111 76 55
internal_count=1508 1223 285 711 654 512 219 174 293 213 80 191 139 116 81 193 209 445 93 47 169 112 75 52 416 148 52 111 76 55
is_linear=0
shrinkage=0.05


Tree=24
num_leaves=30
num_cat=0
split_feature=8 2 17 14 16 8 9 8 6 6 6 3 7 3 6 3 6 8 8 3 8 8 6 6 6 18 8 6 6
split_gain=1.26122 0.165017 0.0490182 0.0445235 0.0184314 0.0139832 0.0296001 0.011618 0.0108488 0.0119145 0.00825402 0.00723593 0.0159094 0.00741602 0.00546826 0.0151347 0.00754742 0.00470036 0.00430022 0.00371037 0.00250014 0.00248591 0.00164659 0.00461125 0.00153526 0.000529709 0.000423869 0.0071996 0.0068149
threshold=2.6700000000000004 0.85500000000000009 1.0000000180025095e-35 1.0000000180025095e-35 1.0000000180025095e-35 14.810000000000002 23.300000000000001 1.0000000180025095e-35 5.8214066653036198 6.4794366197183111 7.2377109317681603 53.350000000000001 0.31775000000000003 31.450000000000003 6.9362104039523409 37.850000000000001 6.3006849315068498 6.8550000000000013 48.615000000000002 69.750000000000014 40.030000000000008 29.445000000000004 5.846805736636246 5.4250427013533056 6.3786315503665501 1.0000000180025095e-35 0.80500000000000016 5.2299154334038063 6.8790584415584428
decision_type=2 2 2 2 2 2 2 2 2 2 2 2 2 2 2 2 2 2 2 2 2 2 2 2 2 2 2 2 2
left_child=2 5 7 4 21 10 18 -1 -4 -10 11 12 13 24 15 -15 17 -17 22 20 -6 -3 23 -7 -2 -23 -9 -28 -29
right_child=1 3 8 -5 19 6 -8 26 9 -11 -12 -13 -14 14 -16 16 -18 -19 -20 -21 -22 25 -24 -25 -26 -27 27 28 -30
leaf_value=0.0010575325956204155 -0.00018616282284586569 -0.00075281811198166595 0.0026410334143712189 -0.00058631593353892521 -0.0016441100377227692 -0.00058631593353892521 0.00098252306742715708 0.0034888551402080976 0.0056035632942057481 0.0035707365673166604 0.0011258795478963756 0.00077831665489501304 -0.00058631593353892521 0.0014209585620788229 -0.00012592016941025141 -0.00018616282284586569 0.00093462925459093923 0.00038869392405297022 0 -0.00058631593353892521 -0.00075425043004478747 -0.0013193729803263176 -0.00058631593353892521 0.00020699323391049182 0.00011196775579607332 -0.0017333380543036203 0.0010069659739658607 0.0029543384536245042 0.0015084876918915623
leaf_weight=26 32 35 32 57 38 26 35 27 28 51 25 37 35 37 23 28 22 31 22 116 55 175 111 25 23 235 20 72 29
leaf_count=26 32 35 32 57 38 26 35 27 28 51 25 37 35 37 23 28 22 31 22 116 55 175 111 25 23 235 20 72 29
internal_value=1.49225e-05 -0.000679823 0.00301297 -0.00117263 -0.00131774 0 -0.000297494 0.00240835 0.00391271 0.00436062 0.00023046 0.000127893 1.78568e-06 0.00021399 0.000419768 0.000568485 0.000116159 -0.000105497 -0.000568537 -0.000870304 -0.00117293 -0.00151641 -0.000586316 -0.000123161 -0.000186163 -0.0015692 0.00261102 0.00237114 0.00259055
internal_weight=1508 1223 285 711 654 512 219 174 111 79 293 268 231 196 141 118 81 59 184 209 93 445 162 51 55 410 148 121 101
internal_count=1508 1223 285 711 654 512 219 174 111 79 293 268 231 196 141 118 81 59 184 209 93 445 162 51 55 410 148 121 101
is_linear=0
shrinkage=0.05


Tree=25
num_leaves=28
num_cat=0
split_feature=8 2 18 2 15 1 9 8 7 3 3 1 7 8 3 3 3 3 8 8 3 8 8 8 8 8 8
split_gain=1.14658 0.222397 0.0537161 0.0395203 0.0368068 0.0157588 0.0101738 0.0089068 0.0065456 0.0043241 0.0150786 0.014593 0.00868935 0.00942147 0.00812807 0.00599561 0.0050085 0.00301339 0.00290453 0.00177302 0.0012314 0.00112393 0.00105759 0.00676247 0.00116967 0.00114936 0.000935724
threshold=2.3250000000000006 0.79500000000000015 1.0000000180025095e-35 0.91500000000000015 1.0000000180025095e-35 10.550000000000002 8.8500000000000032 35.535000000000004 0.30825000000000008 50.95000000000001 54.45000000000001 12.450000000000001 0.31775000000000003 5.4200000000000008 39.250000000000007 44.350000000000001 32.350000000000001 70.950000000000017 49.435000000000009 32.955000000000005 27.650000000000002 29.640000000000004 38.155000000000008 32.780000000000008 43.695000000000007 46.540000000000006 40.045000000000009
decision_type=2 2 2 2 2 2 2 2 2 2 2 2 2 2 2 2 2 2 2 2 2 2 2 2 2 2 2
left_child=4 6 3 7 -1 -6 8 19 -2 12 -11 26 13 -8 16 -16 20 -5 22 -3 -15 -4 23 -19 -24 -26 -12
right_child=1 2 21 17 5 -7 9 -9 -10 10 11 -13 -14 14 15 -17 -18 18 -20 -21 -22 -23 24 -25 25 -27 -28
leaf_value=0.0038786680644558391 0.00010577970581921075 -0.00035058239082043564 -0.00084063327824056809 -0.0007552641880481251 0.0010535083215657184 0.0027120590280252529 0.00029499224662661502 -0.00035058239082043564 -0.00035058239082043564 0.0017409457156026234 0.00010577970581921075 0.0015280550268168252 0.00010577970581921075 0.00029499224662661502 0.0016917267369844038 0.00029499224662661502 0.00029499224662661502 -0.0016150720173535625 -0.0007552641880481251 -0.0007552641880481251 0.00096653870851644936 -0.0016996763682786385 -0.0020174232349820334 -0.0007552641880481251 -0.0007552641880481251 -0.0016935799816598044 0.00049797162044597405
leaf_weight=97 23 21 29 74 28 142 43 228 30 30 47 20 39 21 35 22 44 48 21 33 37 256 51 61 32 22 22
leaf_count=97 23 21 29 74 28 142 43 228 30 30 47 20 39 21 35 22 44 48 21 33 37 256 51 61 32 22 22
internal_value=1.64479e-05 -0.0005981 -0.00105045 -0.000762228 0.00300115 0.00246906 0.000349289 -0.000350582 -0.000238139 0.000449699 0.000728514 0.000329557 0.000291043 0.000484205 0.000713363 0.00123568 0.000371582 -0.00115995 -0.00128416 -0.000755264 0.000724018 -0.00163013 -0.00136896 -0.00107341 -0.00162688 -0.00116256 0.00010578
internal_weight=1556 1289 876 591 267 170 413 282 53 360 119 89 241 202 159 57 102 309 235 54 58 285 214 109 105 54 69
internal_count=1556 1289 876 591 267 170 413 282 53 360 119 89 241 202 159 57 102 309 235 54 58 285 214 109 105 54 69
is_linear=0
shrinkage=0.05


Tree=26
num_leaves=18
num_cat=0
split_feature=8 2 0 15 18 10 2 9 6 6 0 3 7 6 3 6 3
split_gain=1.0376 0.197634 0.0500152 0.0325519 0.0252946 0.0137499 0.0101268 0.00906552 0.00933457 0.0126289 0.00980768 0.0175556 0.00617521 0.00535049 0.00246285 0.00487097 0.000846958
threshold=2.3250000000000006 0.79500000000000015 54.500000000000007 1.0000000180025095e-35 1.0000000180025095e-35 111.30500000000002 0.91500000000000015 8.8500000000000032 6.7281223449447767 6.9604037267080754 66.500000000000014 43.20000000000001 0.30825000000000008 7.2377109317681603 41.350000000000001 6.1166747690811869 87.250000000000014
decision_type=2 2 2 2 2 2 2 2 2 2 2 2 2 2 2 2 2
left_child=3 7 4 -1 6 -5 -3 12 10 -10 14 -12 -2 -11 15 -9 -8
right_child=1 2 -4 5 -6 -7 16 8 9 13 11 -13 -14 -15 -16 -17 -18
leaf_value=0.0036849343746154354 9.319032501206306e-05 -0.00074434738154675233 -0.00033780797084831176 0.0010010203915015129 -0.0015495432317881471 0.0025765515346631669 -0.0010462767486733437 0.00037469163452402417 0.0018419104585307223 9.319032501206306e-05 0.00037469163452402417 0.0013430362758217579 -0.00033780797084831176 0.00091354387830545154 9.319032501206306e-05 9.319032501206306e-05 -0.0017460869578794361
leaf_weight=97 23 193 114 28 285 142 253 41 27 36 46 51 30 28 110 21 31
leaf_count=97 23 193 114 28 285 142 253 41 27 36 46 51 30 28 110 21 31
internal_value=1.3635e-05 -0.000570822 -0.000997299 0.0028531 -0.00115089 0.00234719 -0.000901941 0.000321683 0.000416907 0.000877387 0.000242283 0.000656193 -0.000230527 0.000390237 9.31903e-05 0.000374692 -0.00114085
internal_weight=1556 1289 876 267 762 170 477 413 360 91 269 97 53 64 172 62 284
internal_count=1556 1289 876 267 762 170 477 413 360 91 269 97 53 64 172 62 284
is_linear=0
shrinkage=0.05


Tree=27
num_leaves=31
num_cat=0
split_feature=8 2 14 17 8 8 3 10 0 7 3 8 6 8 18 6 3 3 6 6 9 3 3 8 8 8 3 3 3 3
split_gain=0.937086 0.175692 0.0545551 0.0287444 0.0265319 0.0139048 0.0127029 0.0119602 0.00731434 0.0235855 0.0105839 0.027842 0.00812901 0.00699741 0.00668158 0.00755415 0.00648191 0.00558946 0.00338766 0.00391215 0.0027714 0.0027357 0.00377918 0.00212562 0.00195389 0.00147966 0.00142576 0.00410996 0.00325705 0.000348157
threshold=2.3250000000000006 0.83500000000000008 1.0000000180025095e-35 1.0000000180025095e-35 50.680000000000007 14.810000000000002 90.15000000000002 111.30500000000002 66.500000000000014 0.30825000000000008 43.850000000000001 8.3000000000000025 5.5143622869708642 7.1750000000000007 1.0000000180025095e-35 7.0385185185185195 82.250000000000014 80.450000000000017 6.5919899874843564 6.118525021949079 21.850000000000005 78.050000000000011 77.15000000000002 35.535000000000004 45.180000000000007 29.640000000000004 91.050000000000011 92.550000000000011 88.450000000000017 75.750000000000014
decision_type=2 2 2 2 2 2 2 2 2 2 2 2 2 2 2 2 2 2 2 2 2 2 2 2 2 2 2 2 2 2
left_child=3 5 4 7 14 8 -5 -1 9 12 -10 -12 -2 -11 15 17 -17 21 19 23 -6 22 29 -7 -25 -16 28 -28 -9 -3
right_child=1 2 -4 6 20 18 -8 26 10 13 11 -13 -14 -15 25 16 -18 -19 -20 -21 -22 -23 -24 24 -26 -27 27 -29 -30 -31
leaf_value=0.0009511474727112734 4.6704292982623465e-05 -0.0010712097051295128 -0.00038311216285592613 0.0048602687640197243 -0.00080209342610077232 -0.00038311216285592613 0.0029534320542220702 0.0021429014018552748 0.00047652074882117306 4.6704292982623465e-05 0.00047652074882117306 0.0028042362142195348 0.00047652074882117306 -0.00038311216285592613 -0.00072153514291918314 -0.0010048547170684902 -0.00038311216285592613 -0.0015987621136379822 -0.00038311216285592613 0.00045884021570157712 -0.00038311216285592613 -0.00055662773955395732 -0.002052975282425163 0.00026131675135452075 -0.00037062717468445348 -0.0015729792905896012 0.0016994810500234226 0.0026747412316692975 0.0034362944742552248 -0.00040893682929999704
leaf_weight=28 26 116 94 25 49 21 72 50 60 23 32 21 101 54 29 32 21 93 48 34 20 72 20 31 20 242 24 30 38 30
leaf_count=28 26 116 94 25 49 21 72 50 60 23 32 21 101 54 29 32 21 93 48 34 20 72 20 31 20 242 24 30 38 30
internal_value=1.38699e-05 -0.000541396 -0.000985434 0.00271246 -0.00115316 0.00021921 0.00350088 0.0022314 0.000412917 0.000199418 0.000753624 0.00134371 0.000476521 -0.000383112 -0.00125635 -0.00107061 -0.000383112 -0.00116859 -0.000147088 0 -0.000383112 -0.000978892 -0.00113149 -0.000189939 0 -0.00150061 0.00244781 0.00184015 0.00276143 -0.000969722
internal_weight=1556 1289 818 267 724 471 97 170 317 204 113 53 127 77 655 384 53 331 154 106 69 238 166 72 51 271 142 54 88 146
internal_count=1556 1289 818 267 724 471 97 170 317 204 113 53 127 77 655 384 53 331 154 106 69 238 166 72 51 271 142 54 88 146
is_linear=0
shrinkage=0.05


Tree=28
num_leaves=31
num_cat=0
split_feature=8 2 14 17 8 9 3 6 3 3 9 8 8 3 6 3 6 3 6 1 8 8 6 6 0 6 18 6 6 6
split_gain=0.847105 0.127674 0.0487578 0.0461046 0.0242817 0.0199712 0.015054 0.0217115 0.0230687 0.0132702 0.00871718 0.00947691 0.0123722 0.0083745 0.0102197 0.00771169 0.0152531 0.00735968 0.00669616 0.00646854 0.00628595 0.00596746 0.00942112 0.0083579 0.00595665 0.00580985 0.00313081 0.00369821 0.00860039 0.00480577
threshold=3.8450000000000006 0.83500000000000008 1.0000000180025095e-35 1.0000000180025095e-35 50.680000000000007 30.750000000000004 93.750000000000014 5.4950004950004958 90.350000000000009 94.250000000000014 8.8500000000000032 5.160000000000001 14.810000000000002 50.95000000000001 6.7281223449447767 41.350000000000001 5.7187780772686443 35.500000000000007 5.7187780772686443 9.9500000000000011 38.975000000000001 2.3250000000000006 6.5399074609600936 6.7357679914070898 65.500000000000014 5.347685931383837 1.0000000180025095e-35 7.0385185185185195 6.2359266287160038 7.2158423593892742
decision_type=2 2 2 2 2 2 2 2 2 2 2 2 2 2 2 2 2 2 2 2 2 2 2 2 2 2 2 2 2 2
left_child=3 10 4 6 18 9 7 8 -1 -5 -2 -12 13 14 15 16 -13 -16 20 -15 25 22 -9 -24 -17 -3 27 28 -20 -29
right_child=1 2 -4 5 -6 -7 -8 21 -10 -11 11 12 -14 19 17 24 -18 -19 26 -21 -22 -23 23 -25 -26 -27 -28 29 -30 -31
leaf_value=0 -0.00038327183649808399 -0.00067276041389410584 -0.00040243194483995966 0.003444844190102474 -0.00040243194483995966 0.0050949774029205985 0.00026179027021978402 0.0032711483256510003 0.0021381611331129694 0.0016134984064166533 -7.6752423680399195e-05 0.0012640571325438288 -3.2365119917219607e-05 0.00033402368649774144 2.840376917773217e-05 -7.6752423680399195e-05 -5.5422940248410481e-05 0.0016053914728974103 -0.00049140436343790431 0.0019944160654839704 -0.0018890439070233971 0.0013521442443042363 0.00073524761053411325 0.0024175367919968913 0.00087488176606929132 -0.0016552649225349077 -0.0012822867769560515 -0.00040243194483995966 -0.0012644046118245767 -0.00097814016526498178
leaf_weight=25 64 66 94 47 69 20 20 51 20 30 30 35 117 21 20 33 41 26 87 20 95 33 21 44 20 44 179 28 131 25
leaf_count=25 64 66 94 47 69 20 20 51 20 30 30 35 117 21 20 33 41 26 87 20 95 33 21 44 20 44 179 28 131 25
internal_value=1.54528e-05 -0.000564426 -0.000930972 0.00235234 -0.00109411 0.00332881 0.00188503 0.0020264 0.000871067 0.0027992 0.000126108 0.000229767 0.000342591 0.00056875 0.000375621 0.000103018 0.000487392 0.00102975 -0.00119467 0.00126851 -0.00149739 0.00234097 0.0025778 0.0019528 -7.67524e-05 -0.00111232 -0.00104536 -0.000870004 -0.000979206 -0.000402432
internal_weight=1556 1245 818 311 724 97 214 194 45 77 427 363 333 216 175 129 76 46 655 41 205 149 116 65 53 110 450 271 218 53
internal_count=1556 1245 818 311 724 97 214 194 45 77 427 363 333 216 175 129 76 46 655 41 205 149 116 65 53 110 450 271 218 53
is_linear=0
shrinkage=0.05


Tree=29
num_leaves=20
num_cat=0
split_feature=2 2 14 15 0 9 7 7 1 3 6 1 18 9 3 6 7 6 6
split_gain=0.750354 0.132903 0.0557283 0.0324534 0.0215341 0.0173141 0.0114453 0.00730245 0.0142184 0.0095244 0.01063 0.00662247 0.00650474 0.00347821 0.00831378 0.00255063 0.00754259 0.00182834 0.0149992
threshold=0.040000000000000008 0.79500000000000015 1.0000000180025095e-35 1.0000000180025095e-35 56.500000000000007 30.750000000000004 0.47125000000000006 0.30825000000000008 8.8500000000000032 35.500000000000007 5.5067877453678236 10.550000000000002 1.0000000180025095e-35 15.750000000000002 30.450000000000003 7.0385185185185195 0.90025000000000011 6.7974358974358982 6.1371473354231982
decision_type=2 2 2 2 2 2 2 2 2 2 2 2 2 2 2 2 2 2 2
left_child=3 7 4 5 12 6 -1 9 -9 13 -11 -5 15 -2 -15 16 -3 18 -13
right_child=1 2 -4 11 -6 -7 -8 8 -10 10 -12 17 -14 14 -16 -17 -18 -19 -20
leaf_value=0.0032729676328975147 0.00022261668821346912 -0.00088449430489210938 -0.00029655385932523984 0.0009216834253974207 -0.00029655385932523984 0.0048414959507387372 0.0015330915302161957 -0.00029655385932523984 0.00022261668821346912 0.00022261668821346912 0.0009216834253974207 0.0016963806138325798 -0.001335092607625247 0.0009216834253974207 0.00044400215443408833 -0.00070090867489211266 -0.0017143710454740188 0.0014822330120839251 0.003137922725421992
leaf_weight=47 47 299 152 28 36 20 30 76 102 29 86 87 285 32 24 55 49 29 43
leaf_count=47 47 299 152 28 36 20 30 76 102 29 86 87 285 32 24 55 49 29 43
internal_value=1.63181e-05 -0.0004993 -0.000844227 0.00234267 -0.001039 0.00316804 0.00266281 0.000251119 0 0.000445233 0.000788446 0.00188634 -0.00110526 0.000222617 0.000665388 -0.000930034 -0.00101617 0.00204278 0.00221368
internal_weight=1556 1272 876 284 724 97 77 396 178 218 115 187 688 103 56 403 348 159 130
internal_count=1556 1272 876 284 724 97 77 396 178 218 115 187 688 103 56 403 348 159 130
is_linear=0
shrinkage=0.05


Tree=30
num_leaves=30
num_cat=0
split_feature=8 2 17 7 1 3 7 3 3 6 6 6 3 3 3 6 6 8 6 9 8 6 3 3 6 16 3 3 6
split_gain=0.678204 0.0978694 0.0468542 0.0207012 0.0286891 0.0184891 0.0144404 0.00851233 0.0391034 0.00943813 0.00686167 0.023831 0.0153614 0.0105156 0.00965782 0.00947301 0.0138997 0.0057541 0.0109996 0.0105093 0.0054925 0.0052157 0.00745077 0.0107267 0.0045117 0.00196727 0.00334753 0.00103593 0.000586054
threshold=3.6950000000000007 0.85500000000000009 1.0000000180025095e-35 0.30825000000000008 9.9500000000000011 43.20000000000001 0.81925000000000014 92.15000000000002 89.850000000000009 5.9929577464788748 5.4950004950004958 5.944671086180521 85.450000000000017 92.250000000000014 90.350000000000009 7.163170633319889 6.5919899874843564 38.155000000000008 6.8790584415584428 21.500000000000004 33.570000000000007 6.3786315503665501 33.550000000000004 30.450000000000003 5.3528240147958464 1.0000000180025095e-35 69.750000000000014 88.15000000000002 7.163170633319889
decision_type=2 2 2 2 2 2 2 2 2 2 2 2 2 2 2 2 2 2 2 2 2 2 2 2 2 2 2 2 2
left_child=2 3 10 5 28 21 25 8 -4 -9 14 -12 -13 15 -1 16 -14 20 19 -19 24 -2 23 -23 -8 -3 -27 -26 -5
right_child=1 6 7 4 -6 -7 17 9 -10 -11 11 12 13 -15 -16 -17 -18 18 -20 -21 -22 22 -24 -25 27 26 -28 -29 -30
leaf_value=0 6.6702931783184071e-05 -0.00045423969344182973 0.0033763867614093101 -0.00045423969344182973 6.6702931783184071e-05 0.0014021754305164409 -0.00073569928573530426 0.0020522663866264098 0.00033648166063673051 0.004140031705145251 0.0030248776192932534 9.2582908863446527e-06 0.0022156905295279391 0.00044685121201035844 0.0015076365462019826 0.0030739140385647092 0.0004306705468999488 -0.0015028568940430058 -0.00073569928573530426 -0.00073569928573530426 -0.00073569928573530426 0.0010751302229147761 0.0010980840824603218 6.6702931783184071e-05 -0.0010732565091551777 -0.00073569928573530426 -0.00045423969344182973 -0.0019735140595378907 -0.00019376838082932281
leaf_weight=25 81 30 29 174 87 38 32 21 23 38 34 25 31 26 24 21 30 236 86 44 116 26 30 21 75 83 20 27 32
leaf_count=25 81 30 29 174 87 38 32 21 23 38 34 25 31 26 24 21 30 236 86 44 116 26 30 21 75 83 20 27 32
internal_value=-1.11677e-05 -0.000549309 0.00201046 0 -0.00026514 0.000398546 -0.000908479 0.00289886 0.00213101 0.00348626 0.00152965 0.00171618 0.00134204 0.00160401 0.00078988 0.00190902 0.00142179 -0.00101716 -0.00117408 -0.00134874 -0.00076705 0.000124807 0.000475847 6.67029e-05 -0.00113507 -0.00045424 -0.000570996 -0.00136223 -0.00045424
internal_weight=1565 1238 327 489 293 196 749 111 52 59 216 167 133 108 49 82 61 616 366 280 250 158 77 47 134 133 103 102 206
internal_count=1565 1238 327 489 293 196 749 111 52 59 216 167 133 108 49 82 61 616 366 280 250 158 77 47 134 133 103 102 206
is_linear=0
shrinkage=0.05


Tree=31
num_leaves=31
num_cat=0
split_feature=8 2 17 5 20 9 8 3 7 6 6 6 6 3 8 3 6 6 9 6 8 6 8 6 8 6 8 8 8 3
split_gain=0.615145 0.0865055 0.0418297 0.0206037 0.0141866 0.0236136 0.0117964 0.0121602 0.0115214 0.00738076 0.0122527 0.00628352 0.0323347 0.0137632 0.0131423 0.00930521 0.00810191 0.012279 0.00545295 0.00826835 0.00721939 0.00479081 0.00426813 0.00978077 0.0038148 0.00323966 0.0028016 0.000697596 0.0012351 0.000676473
threshold=3.6950000000000007 0.78500000000000014 1.0000000180025095e-35 567.1500000000002 1.0000000180025095e-35 23.500000000000004 7.1750000000000007 48.000000000000007 0.82475000000000009 5.5747210804462721 6.7357679914070898 5.5747210804462721 5.944671086180521 85.450000000000017 1.6100000000000003 92.250000000000014 7.163170633319889 6.5919899874843564 8.8500000000000032 6.118525021949079 13.945000000000002 6.3431455004205226 38.155000000000008 6.770032051282052 42.735000000000007 6.9962406015037599 33.570000000000007 33.225000000000001 38.035000000000004 88.15000000000002
decision_type=2 2 2 2 2 2 2 2 2 2 2 2 2 2 2 2 2 2 2 2 2 2 2 2 2 2 2 2 2 2
left_child=2 4 11 8 5 6 7 21 27 -4 -11 14 -13 -14 -1 16 17 -15 -8 -20 25 -2 26 24 -24 -21 29 -3 -29 -10
right_child=1 3 9 -5 -6 -7 18 -9 22 10 -12 12 13 15 -16 -17 -18 -19 19 20 -22 -23 23 -25 -26 -27 -28 28 -30 -31
leaf_value=0.0015047706011533019 -0.00032443328483834128 -0.00058929869893917979 0.0014497869986702097 -0.00032443328483834128 -0.00032443328483834128 0.0018558809147680025 -0.00032443328483834128 0.0010014983838938115 -0.00091408141848080846 0.0037312350135349694 0.0020477298298217069 0.0033971751922334745 8.7972231342854142e-06 0.0021052622174922006 0 0.00042459424054321488 0.0029209467145433357 0.0004092084943159078 -0.00011519532780284419 0.0010014983838938115 -9.4988922381899283e-06 0.00065877169060210398 -0.0016416354430808266 -0.00078451219660066913 -0.0010397564250902169 0 -0.00078451219660066913 -0.00078451219660066913 -0.00058929869893917979 -0.0016433842379863332
leaf_weight=31 25 21 23 51 65 23 39 26 106 49 39 26 25 31 26 26 21 30 65 36 31 20 112 99 144 20 121 56 147 31
leaf_count=31 25 21 23 51 65 23 39 26 106 49 39 26 25 31 26 26 21 30 65 36 31 20 112 99 144 20 121 56 147 31
internal_value=-6.94771e-06 -0.000519618 0.00191827 -0.000782846 0.000133979 0.000303156 0.000147116 0.000701179 -0.000854164 0.00276112 0.00304506 0.00146092 0.0016618 0.00128269 0.000811098 0.00153103 0.00182001 0.00135501 -3.29395e-05 9.40426e-05 0.000456659 0 -0.000979726 -0.00112818 -0.00132314 0.000803394 -0.000784512 -0.000589299 -0.000589299 -0.00111665
internal_weight=1565 1238 327 888 350 285 262 71 837 111 88 216 159 133 57 108 82 61 191 152 87 45 613 355 256 56 258 224 203 137
internal_count=1565 1238 327 888 350 285 262 71 837 111 88 216 159 133 57 108 82 61 191 152 87 45 613 355 256 56 258 224 203 137
is_linear=0
shrinkage=0.05


Tree=32
num_leaves=31
num_cat=0
split_feature=8 12 6 6 0 8 1 3 6 18 7 3 8 6 3 8 1 6 6 6 6 7 9 6 6 8 6 6 6 6
split_gain=0.556574 0.0769703 0.0380775 0.0336577 0.0288479 0.0202592 0.0178647 0.0135548 0.0153117 0.0129411 0.0119228 0.0112995 0.0107244 0.0103638 0.0100784 0.00896709 0.00677988 0.0066544 0.0302648 0.0263782 0.00515963 0.00401306 0.00360765 0.00269662 0.00154826 0.00144571 0.00129237 6.01518e-05 0.00060229 7.77901e-05
threshold=3.6950000000000007 0.73105000000000009 5.4250427013533056 5.92474640245341 82.500000000000014 0.71500000000000019 8.7500000000000018 81.050000000000011 5.0763403263403273 1.0000000180025095e-35 0.30825000000000008 85.750000000000014 7.1750000000000007 6.4022471910112371 91.15000000000002 5.7400000000000011 5.3500000000000005 6.8156843156843179 6.3431455004205226 7.0871212121212137 7.0385185185185195 0.87175000000000014 21.250000000000004 5.0581473968897912 6.3312236286919843 42.855000000000011 6.9962406015037599 5.8303357314148689 5.3528240147958464 6.2095088819226767
decision_type=2 2 2 2 2 2 2 2 2 2 2 2 2 2 2 2 2 2 2 2 2 2 2 2 2 2 2 2 2 2
left_child=2 6 14 5 11 -4 10 8 -8 16 -2 -5 15 -13 -1 -10 -3 18 -6 -19 21 22 25 -11 -14 -18 -26 28 -25 -29
right_child=1 9 3 4 17 -7 7 -9 12 23 -12 13 24 -15 -16 -17 20 19 -20 -21 -22 -23 -24 27 26 -27 -28 29 -30 -31
leaf_value=0 -5.6184089293255525e-05 -0.0011844414903072944 0.0044212975496180961 0 0.0016789350770094068 0.0020181412130990295 0.0013894576384428873 0.001435936944109682 0 -0.00040402329723564462 -0.00040402329723564462 8.0784068289977383e-05 -5.6184089293255525e-05 0.0016789350770094068 0.0013714774399658386 0.0012376244182225032 -0.00048406541768670759 0.0016789350770094068 0.0038465628033940678 0.0030471434564830146 -0.00040402329723564462 -0.0008568043448200065 -0.00040402329723564462 -0.00080784805036558877 0.00040898267017664466 -0.00065970835567815767 0 -0.00060613836606896549 -0.0017918186966021481 -0.0011308166517551138
leaf_weight=37 58 62 28 25 23 30 22 23 26 20 143 20 120 52 25 30 136 22 37 28 41 103 39 27 43 95 24 52 44 130
leaf_count=37 58 62 28 25 23 30 22 23 26 20 143 20 120 52 25 30 136 22 37 28 41 103 39 27 43 95 24 52 44 130
internal_value=-1.70749e-06 -0.000489525 0.00182943 0.00209895 0.00174528 0.00326996 0 0.000250858 0.000128638 -0.000808047 -0.000363226 0.0010195 0 0.00133849 0.000595417 0.000649789 -0.000625251 0.00233837 0.00284405 0.00167894 -0.000529167 -0.000606926 -0.000462612 -0.00110811 -5.61841e-05 -0.000564108 0.000243493 -0.00116401 -0.00148962 -0.00100878
internal_weight=1565 1238 327 265 207 58 489 288 265 749 201 97 243 72 62 56 476 110 60 50 414 373 270 273 187 231 67 253 71 182
internal_count=1565 1238 327 265 207 58 489 288 265 749 201 97 243 72 62 56 476 110 60 50 414 373 270 273 187 231 67 253 71 182
is_linear=0
shrinkage=0.05


Tree=33
num_leaves=31
num_cat=0
split_feature=2 18 3 6 6 13 1 3 8 6 6 6 8 8 6 14 3 8 8 9 3 1 6 6 1 9 6 8 8 6
split_gain=0.502763 0.0554399 0.038975 0.0435478 0.0506245 0.0389348 0.0157736 0.0154281 0.0169269 0.0127828 0.00904195 0.0487239 0.0159829 0.0147471 0.00817592 0.00796838 0.00747585 0.0061622 0.0148606 0.0104597 0.0117604 0.00589134 0.00405278 0.00377837 0.00359614 0.00337453 0.00278067 0.00375235 0.00617032 0.00374609
threshold=0.095000000000000015 1.0000000180025095e-35 85.750000000000014 5.4250427013533056 5.7187780772686443 1.0000000180025095e-35 11.950000000000001 80.450000000000017 33.115000000000009 5.9769353128313911 6.7974358974358982 7.0871212121212137 0.68500000000000016 0.80500000000000016 7.0385185185185195 1.0000000180025095e-35 91.15000000000002 8.9000000000000021 7.1750000000000007 16.100000000000005 33.050000000000004 8.8500000000000032 5.3169580068314257 5.0581473968897912 8.7500000000000018 9.5500000000000025 7.0678160919540245 43.665000000000006 38.975000000000001 5.8643678160919555
decision_type=2 2 2 2 2 2 2 2 2 2 2 2 2 2 2 2 2 2 2 2 2 2 2 2 2 2 2 2 2 2
left_child=2 5 6 16 -5 7 -1 8 17 -6 12 -12 -11 -13 -7 26 -4 18 24 20 -19 -9 -17 -3 -2 -22 27 28 -10 -30
right_child=1 23 3 4 9 14 -8 21 15 10 11 13 -14 -15 -16 22 -18 19 -20 -21 25 -23 -24 -25 -26 -27 -28 -29 29 -31
leaf_value=0.00053999112621056541 -2.1733256955793235e-05 -0.00012988980247903223 0.00053999112621056541 0.0044041487924424702 0.00053999112621056541 -0.0010469280809317263 0.0017240080397204688 0 -0.00072510194237424095 0.0033651416001934339 0.00053999112621056541 0.0034493684170705803 0.0016198017539946433 0.0012430407561548247 -1.890019223859302e-05 0.00048030996926888038 0.001303176815351156 -0.00092033396708596368 -0.0010126717674015507 0.00053999112621056541 -0.00026617076988165 0.00053999112621056541 -0.00023419354582331119 -0.0011841388671127609 0.00053999112621056541 0.00022904168867121161 0 -0.00098544565690886861 -0.0004888145913907433 0.00041031631971004921
leaf_weight=67 20 20 30 27 24 178 33 35 65 42 32 27 44 24 33 21 25 31 38 95 25 31 114 263 23 41 24 86 20 27
leaf_count=67 20 20 30 27 24 178 33 35 65 42 32 27 44 24 33 21 25 31 38 95 25 31 114 263 23 41 24 86 20 27
internal_value=-3.35291e-06 -0.000509631 0.00158961 0.00190766 0.00223032 -0.000311271 0.000664011 -0.000122497 -0.000204785 0.0018982 0.00206565 0.0015186 0.00253317 0.00251341 -0.000909917 -0.000433652 0.000539991 7.62441e-05 -0.000260688 0.000244477 -8.19077e-05 0.000539991 -8.57657e-05 -0.00112737 0.000288654 0.000229042 -0.000622559 -0.000685293 -0.000409543 0
internal_weight=1565 1190 375 275 220 907 100 696 630 193 169 83 86 51 211 357 55 273 81 192 97 66 135 283 43 66 222 198 112 47
internal_count=1565 1190 375 275 220 907 100 696 630 193 169 83 86 51 211 357 55 273 81 192 97 66 135 283 43 66 222 198 112 47
is_linear=0
shrinkage=0.05


Tree=34
num_leaves=31
num_cat=0
split_feature=8 2 17 14 8 20 9 8 3 3 3 6 18 6 6 6 6 3 3 6 6 9 6 6 6 6 6 6 6 6
split_gain=0.452262 0.0625437 0.0317348 0.0305907 0.0154919 0.0125164 0.020224 0.00956695 0.0115589 0.0075567 0.0360787 0.00898919 0.00572671 0.00587288 0.00472101 0.0270452 0.0118013 0.0103206 0.00860276 0.00703106 0.0111333 0.00442032 0.00743751 0.00870109 0.00426626 0.00335891 0.00159595 0.00334425 0.00247241 0.0012128
threshold=3.6950000000000007 0.78500000000000014 1.0000000180025095e-35 1.0000000180025095e-35 50.680000000000007 1.0000000180025095e-35 23.500000000000004 7.1750000000000007 48.000000000000007 92.15000000000002 89.850000000000009 5.9929577464788748 1.0000000180025095e-35 7.0385185185185195 5.5747210804462721 5.944671086180521 5.3090185676392583 85.450000000000017 92.250000000000014 7.163170633319889 6.5919899874843564 8.8500000000000032 6.3676588897827857 6.9962406015037599 6.3431455004205226 7.2158423593892742 5.0840395480225995 5.8303357314148689 5.3528240147958464 6.2359266287160038
decision_type=2 2 2 2 2 2 2 2 2 2 2 2 2 2 2 2 2 2 2 2 2 2 2 2 2 2 2 2 2 2
left_child=2 5 14 4 12 6 7 8 24 10 -4 -11 13 29 16 -16 -1 -17 19 20 -19 -9 -23 -24 -2 -15 -14 28 -28 -3
right_child=1 3 9 -5 -6 -7 -8 21 -10 11 -12 -13 26 25 15 17 -18 18 -20 -21 -22 22 23 -25 -26 -27 27 -29 -30 -31
leaf_value=0.0012442210098155418 -0.00027822853051286627 -0.00065379368675337092 0.0028518773512946783 -0.00027822853051286627 -0.00027822853051286627 -0.00027822853051286627 0.0017117835236592337 -0.00027822853051286627 0.00092010216190349658 0.0015741571316151258 0 0.0035328187906425302 -0.00027822853051286627 -0.00027822853051286627 0.0030069027224491379 0 -4.4438467867782003e-05 0.0018177037731477827 0.00023853245019106285 0.0025700519781700947 0.00022669312787053494 -9.7286570468755598e-05 0.00092010216190349658 -2.096235828915821e-05 0.00058889971601206858 -0.00080435949224279312 -0.00080453678493034035 -0.00095721557073179502 -0.0019468743239943614 -0.0010223635020846394
leaf_weight=35 25 211 29 155 64 65 23 39 26 21 23 38 21 29 26 25 22 31 26 21 30 81 42 29 20 26 27 177 44 134
leaf_count=35 25 211 29 155 64 65 23 39 26 21 23 38 21 29 26 25 22 31 26 21 30 81 42 29 20 26 27 177 44 134
internal_value=-3.16543e-06 -0.000443211 0.00164716 -0.000667145 -0.000812332 0.000110688 0.000274294 0.000128421 0.000628121 0.00238681 0.00167676 0.00292411 -0.000887863 -0.000727442 0.00124299 0.00141999 0.000660071 0.00107018 0.00128407 0.00155398 0.00111872 -3.13988e-05 8.36554e-05 0.000490294 0 -0.000278229 -0.00110747 -0.00115753 -0.00158453 -0.000811692
internal_weight=1565 1238 327 888 733 350 285 262 71 111 52 59 669 400 216 159 57 133 108 82 61 191 152 71 45 55 269 248 71 345
internal_count=1565 1238 327 888 733 350 285 262 71 111 52 59 669 400 216 159 57 133 108 82 61 191 152 71 45 55 269 248 71 345
is_linear=0
shrinkage=0.05


Tree=35
num_leaves=31
num_cat=0
split_feature=8 8 14 1 9 6 6 6 8 9 3 3 3 3 7 3 6 9 4 6 3 8 8 8 6 3 7 3 6 6
split_gain=0.441713 0.054553 0.0446814 0.044564 0.0152863 0.0132801 0.0116436 0.013019 0.0126091 0.0108411 0.00946534 0.009256 0.0156368 0.0480143 0.00862411 0.0319953 0.00854741 0.0108262 0.00825172 0.011056 0.00811435 0.00598838 0.00565131 0.00473728 0.00422121 0.00363739 0.00289829 0.00251622 0.00197235 0.00169845
threshold=2.6700000000000004 13.945000000000002 1.0000000180025095e-35 11.65 37.650000000000006 5.5143622869708642 6.6530054644808763 6.8903903903903911 10.675000000000002 16.350000000000005 90.350000000000009 85.750000000000014 90.15000000000002 91.850000000000009 0.30825000000000008 50.95000000000001 6.6530054644808763 9.2500000000000018 1.5000000000000002 5.7187780772686443 93.65000000000002 50.010000000000005 39.580000000000005 46.070000000000007 6.2359266287160038 39.600000000000009 0.81200000000000017 36.900000000000006 5.5747210804462721 6.0753578611143988
decision_type=2 2 2 2 2 2 2 2 2 2 2 2 2 2 2 2 2 2 2 2 2 2 2 2 2 2 2 2 2 2
left_child=4 6 3 21 5 10 14 -8 9 -9 -1 -7 -13 -14 18 -16 22 -18 27 -20 -15 25 29 -24 -21 -3 -23 -2 -25 -4
right_child=1 2 16 -5 -6 11 7 8 -10 -11 -12 12 13 20 15 -17 17 -19 19 24 -22 26 23 28 -26 -27 -28 -29 -30 -31
leaf_value=0 -0.00018222600587187686 0 -0.00033826204039264245 0.0012378956812741865 0.0030208404987679058 0.00060100965723549932 0.0017191461980891175 -0.0010004185144164603 0.0012169143865368777 0.00044548825056577816 0.0014535379672283805 0.002323477149504254 -4.3246139835123074e-05 0.002323477149504254 -0.0020686473937983397 -0.00018222600587187686 -0.0011640982490109806 6.1392812249510162e-05 0.0012447917659477166 0.00017075716759983167 0.0011902196192185256 4.6851554426795499e-05 0.00099470087900278685 0.00046145209487883808 0.00082285549230461195 -0.00090016799858001577 -0.00049963245680700917 0.00017075716759983167 -6.4592451220416914e-05 0.00018670942498618179
leaf_weight=29 23 20 31 25 33 24 23 23 23 25 28 63 31 30 24 33 27 34 33 21 35 20 38 25 27 660 48 31 24 21
leaf_count=29 23 20 31 25 33 24 23 23 23 25 28 63 31 30 24 33 27 34 33 21 35 20 38 25 27 660 48 31 24 21
internal_value=-5.471e-06 -0.0004041 -0.000583821 -0.000756701 0.00181406 0.00162611 0.000189843 0.000647132 0.000227606 -0.000144031 0.000790769 0.00185842 0.0020163 0.00142325 -8.22985e-06 -0.000546878 5.94199e-05 -0.000400222 0.000182426 0.00052374 0.00219846 -0.000830206 0.000297221 0.000550217 0.000170757 -0.000879263 -0.000265648 -0.000182226 0.000102358 -3.03336e-05
internal_weight=1532 1259 973 773 273 240 286 94 71 48 57 183 159 96 192 57 200 61 135 81 65 748 139 87 48 680 68 54 49 52
internal_count=1532 1259 973 773 273 240 286 94 71 48 57 183 159 96 192 57 200 61 135 81 65 748 139 87 48 680 68 54 49 52
is_linear=0
shrinkage=0.05


Tree=36
num_leaves=30
num_cat=0
split_feature=8 18 2 8 7 9 9 5 6 8 3 6 6 3 3 6 3 3 9 6 6 8 3 8 3 7 14 8 3
split_gain=0.404527 0.050274 0.0326508 0.0254882 0.0148039 0.0142158 0.0129015 0.0121579 0.0121488 0.0171432 0.0088534 0.00855918 0.0168954 0.00860585 0.0385388 0.0079145 0.0221474 0.00428862 0.00608406 0.00427272 0.00874493 0.00336714 0.00333216 0.00198658 0.00195832 0.00169705 0.000904512 0.000825052 0.000420349
threshold=2.6700000000000004 1.0000000180025095e-35 0.90500000000000014 52.810000000000009 0.30825000000000008 15.350000000000003 37.650000000000006 518.95000000000016 5.5143622869708642 0.9900000000000001 36.900000000000006 6.8094277329420416 7.1486643437862964 90.15000000000002 91.850000000000009 7.0385185185185195 80.950000000000017 78.050000000000011 18.850000000000005 6.0753578611143988 6.2258652094717677 46.690000000000005 35.500000000000007 10.530000000000003 42.150000000000013 0.84525000000000006 1.0000000180025095e-35 37.670000000000009 42.150000000000013
decision_type=2 2 2 2 2 2 2 2 2 2 2 2 2 2 2 2 2 2 2 2 2 2 2 2 2 2 2 2 2
left_child=6 2 3 4 5 22 8 26 9 -1 23 13 -13 -10 -15 16 17 18 25 -3 -21 -22 -2 -7 -12 -4 -6 -18 -24
right_child=1 19 15 -5 7 10 -8 -9 11 -11 24 12 -14 14 -16 -17 27 -19 -20 20 21 -23 28 -25 -26 -27 -28 -29 -30
leaf_value=0 1.2342375688702171e-05 -0.0012491249083475958 -0.00052827732744713848 0.0017553441864739531 -0.00030311977464197591 0.001462567913142185 0.00287025483139422 1.2342375688702171e-05 0.0022157474450403116 0.0016382625402743493 0.0003320501105611494 0.00017261422630343191 0.0018965752818345897 -5.9441029541678229e-05 0.0022157474450403116 -0.00030311977464197591 -0.0010019012180404092 -0.00030311977464197591 -0.00030311977464197591 0 -0.0010131393693727977 -0.00012553072192128816 0.0003320501105611494 0.00034354538309262756 0.00065815569832921032 -0.0011336280508377438 -0.00014538869947663689 -0.0019401268513726908 1.2342375688702171e-05
leaf_weight=29 43 129 80 20 130 36 33 140 48 28 28 33 40 23 39 50 44 60 25 23 106 27 32 20 37 43 130 33 23
leaf_count=29 43 129 80 20 130 36 33 140 48 28 28 33 40 23 39 50 44 60 25 23 106 27 32 20 37 43 130 33 23
internal_value=-2.36605e-06 -0.000383992 -0.000206484 0 -5.37347e-05 0.000265986 0.00173877 -0.000241302 0.00156124 0.000755131 0.000651758 0.00178447 0.00118695 0.00213415 0.00136547 -0.00060624 -0.000719395 -0.000416615 -0.000594614 -0.000972812 -0.000711637 -0.000870744 1.23424e-05 0.00115337 0.00033205 -0.000753435 -0.00030312 -0.00147084 0.00033205
internal_weight=1532 1259 974 639 619 219 273 400 240 57 121 183 73 110 62 335 285 208 148 285 156 133 98 56 65 123 260 77 55
internal_count=1532 1259 974 639 619 219 273 400 240 57 121 183 73 110 62 335 285 208 148 285 156 133 98 56 65 123 260 77 55
is_linear=0
shrinkage=0.05


Tree=37
num_leaves=26
num_cat=0
split_feature=8 18 2 8 7 9 5 9 6 8 6 6 6 13 6 6 6 6 6 6 6 8 8 8 8
split_gain=0.369951 0.0451222 0.0282725 0.0231915 0.0130958 0.0130303 0.0111845 0.0109469 0.011211 0.0155608 0.00784811 0.0152531 0.00748074 0.00939391 0.0109626 0.00678026 0.0130399 0.00534417 0.00424381 0.00366949 0.00805347 0.0028734 0.000966098 0.00519581 0.0130443
threshold=2.6700000000000004 1.0000000180025095e-35 0.90500000000000014 52.810000000000009 0.30825000000000008 15.350000000000003 567.1500000000002 37.650000000000006 5.5143622869708642 0.9900000000000001 6.8094277329420416 7.0611577964519148 7.0385185185185195 1.0000000180025095e-35 5.173462566844921 6.3196594427244595 5.7187780772686443 6.9604037267080754 5.5143622869708642 6.0753578611143988 6.2258652094717677 46.690000000000005 44.170000000000009 37.775000000000006 33.570000000000007
decision_type=2 2 2 2 2 2 2 2 2 2 2 2 2 2 2 2 2 2 2 2 2 2 2 2 2
left_child=7 2 3 4 5 -2 -6 8 9 -1 -10 -12 13 18 -15 16 -7 -17 -4 -3 -21 -22 23 24 -16
right_child=1 19 12 -5 6 15 -8 -9 10 -11 11 -13 -14 14 22 17 -18 -19 -20 20 21 -23 -24 -25 -26
leaf_value=0 3.9409934816583314e-06 -0.001186717032066436 -0.00089734891341525984 0.0016680135676609489 -0.00028521189488456934 0.0012572206041975018 3.9409934816583314e-06 0.0027271756950169351 0.0020472245193704068 0.0015566409625166039 0 0.0016375615305358319 -0.00028521189488456934 -0.00028521189488456934 -0.0014613394509367357 0.001687140973188369 0.00030861479903917556 0.00034875847462206757 -0.00028521189488456934 0 -0.00096253013454683121 -0.00011927732749759627 -0.00041269112104700073 -0.0019885915581958533 -0.00028521189488456934
leaf_weight=29 98 129 37 20 295 34 105 33 110 28 24 49 50 25 39 25 34 28 107 23 106 27 21 33 23
leaf_count=29 98 129 37 20 295 34 105 33 110 28 24 49 50 25 39 25 34 28 107 23 106 27 21 33 23
internal_value=-1.86794e-06 -0.000366963 -0.00019843 0 -5.76141e-05 0.000242113 -0.000234231 0.00166306 0.00149484 0.000714963 0.00170993 0.00113117 -0.000570424 -0.000679956 -0.000991256 0.000613289 0.000308615 0.00107622 -0.000339967 -0.000925123 -0.000676153 -0.000829127 -0.00120325 -0.00132481 -0.000888365
internal_weight=1532 1259 974 639 619 219 400 273 240 57 183 73 335 285 141 121 68 53 144 285 156 133 116 95 62
internal_count=1532 1259 974 639 619 219 400 273 240 57 183 73 335 285 141 121 68 53 144 285 156 133 116 95 62
is_linear=0
shrinkage=0.05


Tree=38
num_leaves=30
num_cat=0
split_feature=8 18 9 7 6 1 8 8 9 8 8 3 6 3 14 6 6 3 3 3 3 6 6 3 6 8 6 6 6
split_gain=0.335342 0.0406041 0.0251261 0.0242293 0.0233487 0.0136474 0.0113561 0.0146004 0.00951101 0.010465 0.0131136 0.0192399 0.0115118 0.0208205 0.00906627 0.00774404 0.00967424 0.00495953 0.00581463 0.0038596 0.0189478 0.00313419 0.00742172 0.00283455 0.00264169 0.00243568 0.00133165 0.000527977 0.000509231
threshold=2.6700000000000004 1.0000000180025095e-35 16.350000000000005 0.22675000000000003 6.770032051282052 12.65 13.035000000000002 26.505000000000003 37.650000000000006 1.7900000000000003 1.5300000000000002 85.750000000000014 6.3431455004205226 91.850000000000009 1.0000000180025095e-35 7.0385185185185195 5.173462566844921 80.450000000000017 78.350000000000009 91.050000000000011 93.450000000000017 6.0753578611143988 6.2258652094717677 78.950000000000017 6.9962406015037599 46.690000000000005 7.1887913223140512 6.2047140986468809 5.5143622869708642
decision_type=2 2 2 2 2 2 2 2 2 2 2 2 2 2 2 2 2 2 2 2 2 2 2 2 2 2 2 2 2
left_child=8 2 6 -4 5 -5 28 -8 9 10 11 -1 13 -13 15 16 -9 18 -18 -14 -21 -3 -23 -17 -16 -24 -6 -19 -2
right_child=1 21 3 4 26 -7 7 14 -10 -11 -12 12 19 -15 24 23 17 27 -20 20 -22 22 25 -25 -26 -27 -28 -29 -30
leaf_value=0 -0.00062731499579620083 -0.0011274271445185823 0.0015848715812809965 -0.00014194035038369554 0.00079243579064049825 0.00079243579064049825 -0.0016849657258820917 -0.00014194035038369554 0.0025912288569330359 0.0020066952412448567 0 4.4361704393573422e-05 0.0020066952412448567 0.001881704648403257 -0.00014194035038369554 -0.00063365088697894215 -0.00075471768068493519 -0.00065852819342959094 -0.00014194035038369554 0 0.0020066952412448567 0 -0.00091444898950443834 -0.00014194035038369554 -0.00068541635979118166 -0.00011333549269337577 8.6382244314466201e-05 -0.0015656436052848034 -0.00014194035038369554
leaf_weight=24 25 129 26 266 45 26 28 30 33 39 25 39 39 34 88 31 131 29 36 20 20 23 106 30 27 27 23 38 95
leaf_count=24 25 129 26 266 45 26 28 30 33 39 25 39 39 34 88 31 131 29 36 20 20 23 106 30 27 27 23 38 95
internal_value=-2.29008e-06 -0.000350043 -0.00018982 0.00011363 0 -0.00014194 -0.00039751 -0.000515681 0.00158268 0.00142216 0.0012068 0.00135989 0.00156759 0.000969913 -0.000429545 -0.000571514 -0.000692848 -0.000805002 -0.000596271 0.0020067 0.00113742 -0.000879817 -0.000642441 -0.00014194 -0.00014194 -0.00078959 0.000792436 -0.00124909 -0.00014194
internal_weight=1532 1259 974 386 360 292 588 468 273 240 201 176 152 73 440 325 264 234 167 79 40 285 156 61 115 133 68 67 120
internal_count=1532 1259 974 386 360 292 588 468 273 240 201 176 152 73 440 325 264 234 167 79 40 285 156 61 115 133 68 67 120
is_linear=0
shrinkage=0.05


Tree=39
num_leaves=31
num_cat=0
split_feature=8 18 2 8 16 9 7 6 20 6 6 3 3 3 3 8 6 3 3 6 6 3 9 8 3 6 6 8 7 9
split_gain=0.306939 0.0371251 0.0229537 0.0206113 0.0109826 0.00934087 0.0172826 0.00942541 0.00828943 0.0227973 0.0186165 0.0132235 0.0184502 0.0197919 0.0135519 0.0126635 0.00685529 0.0181282 0.00607814 0.00526541 0.00518461 0.00416136 0.00529496 0.00301071 0.00247889 0.00164293 0.00763393 0.00308603 0.00144323 0.00116666
threshold=2.6700000000000004 1.0000000180025095e-35 0.90500000000000014 52.810000000000009 1.0000000180025095e-35 16.650000000000002 0.22675000000000003 5.3528240147958464 1.0000000180025095e-35 6.5636927480916043 5.5143622869708642 90.15000000000002 91.850000000000009 93.65000000000002 88.550000000000011 0.9900000000000001 7.0385185185185195 80.950000000000017 35.500000000000007 7.077787381158168 6.7159214830970564 78.050000000000011 18.850000000000005 29.445000000000004 77.850000000000009 6.0753578611143988 6.2258652094717677 46.690000000000005 0.84525000000000006 7.3500000000000005
decision_type=2 2 2 2 2 2 2 2 2 2 2 2 2 2 2 2 2 2 2 2 2 2 2 2 2 2 2 2 2 2
left_child=8 2 3 4 5 18 -7 24 10 -10 15 14 -13 -14 -12 -1 17 21 -2 29 -9 22 28 -3 -8 -25 -27 -28 -4 -20
right_child=1 23 16 -5 -6 6 7 20 9 -11 11 12 13 -15 -16 -17 -18 -19 19 -21 -22 -23 -24 25 -26 26 27 -29 -30 -31
leaf_value=-0.00020105659844042246 -0.00025591314285054625 0 -0.00045831764728376334 0.0015748469323494394 -0.00025591314285054625 0.001537760081645324 0.00082672276434348651 6.8271522467334191e-05 0.0031989340589186825 0.00066664394662137283 0.0015683696278638193 0 0.0025948660674188417 0.00052833179197642741 0.0034718301879921791 0.001204118218678445 -0.00025591314285054625 -0.0012959647816654185 -0.00025591314285054625 -0.00025591314285054625 0.00059021650340388169 -0.00025591314285054625 -0.00025591314285054625 -0.0011088400700561497 6.8271522467334191e-05 0 -0.0009732391410245296 -0.00010768964282465527 -0.0010128888794088094 6.8271522467334191e-05
leaf_weight=28 48 21 80 20 72 25 28 130 30 21 56 29 28 33 21 27 50 77 24 38 56 60 25 120 20 22 95 27 43 178
leaf_count=28 48 21 80 20 72 25 28 130 30 21 56 29 28 33 21 27 50 77 24 38 56 60 25 120 20 22 95 27 43 178
internal_value=0 -0.000330116 -0.00017666 0 -5.20534e-05 4.83041e-05 0.000272789 0.000115685 0.00151899 0.00225742 0.0013259 0.00160084 0.00106837 0.00156143 0.00215618 0.000398946 -0.000511826 -0.000616061 -0.000136246 8.35806e-06 6.82715e-05 -0.000339837 -0.000509019 -0.000836774 0.00076587 -0.000885645 -0.000664311 -0.000822878 -0.000660722 6.82715e-05
internal_weight=1532 1259 974 639 619 547 259 234 273 51 222 167 90 61 77 55 335 285 288 240 186 208 148 285 48 264 144 122 123 202
internal_count=1532 1259 974 639 619 547 259 234 273 51 222 167 90 61 77 55 335 285 288 240 186 208 148 285 48 264 144 122 123 202
is_linear=0
shrinkage=0.05


Tree=40
num_leaves=26
num_cat=0
split_feature=8 2 1 14 6 7 3 3 6 6 9 9 6 3 6 3 6 9 8 6 6 6 6 6 6
split_gain=0.347352 0.0285469 0.0225351 0.01971 0.0191302 0.0234167 0.0200638 0.0199254 0.0108982 0.00905671 0.00841857 0.00638952 0.00697851 0.0059199 0.0100972 0.00612839 0.00537965 0.00436136 0.00615275 0.0046675 0.00194234 0.00186182 0.00286164 0.00275233 0.000377208
threshold=4.1950000000000012 0.79500000000000015 8.4500000000000011 1.0000000180025095e-35 5.4250427013533056 0.44925000000000009 92.850000000000009 88.450000000000017 5.1583124477861331 6.2095088819226767 24.100000000000005 24.700000000000006 5.7637088733798612 48.000000000000007 7.0036496350364974 50.650000000000013 5.347685931383837 8.8500000000000032 8.3000000000000025 6.3676588897827857 6.4022471910112371 7.0283649986620294 7.163170633319889 7.2557695644629545 7.1887913223140512
decision_type=2 2 2 2 2 2 2 2 2 2 2 2 2 2 2 2 2 2 2 2 2 2 2 2 2
left_child=2 8 -1 11 10 7 9 -6 -2 -7 -4 12 16 14 -10 -15 -3 -17 -19 -20 -14 -22 -23 -24 -16
right_child=1 3 4 -5 5 6 -8 -9 13 -11 -12 -13 20 15 24 17 -18 18 19 -21 21 22 23 -25 -26
leaf_value=0 0.00094907704402702551 -0.00064208501630081891 0.00077796037014992629 -0.00026408064648820816 0.0018832979040769875 0.0016775312351057733 0.0018563698417941111 0.0038984557354815024 -0.00026408064648820816 0.00077796037014992629 0.0014450082719202307 -0.00026408064648820816 -0.0004759955935182917 0.0009706995524095363 0.00072118065595645374 -0.00026408064648820816 -0.0012999195044518146 -2.3185189093876912e-05 2.8445782446127671e-05 0.0011241398135362448 -0.00082615141503153151 -0.0004759955935182917 -0.0012426979839801789 -0.0004759955935182917 1.670918033564848e-06
leaf_weight=26 28 119 26 150 76 36 60 24 160 54 34 41 194 20 20 22 96 24 34 24 179 43 27 31 20
leaf_count=26 28 119 26 150 76 36 60 24 160 54 34 41 194 20 20 22 96 24 34 24 179 43 27 31 20
internal_value=9.49609e-06 -0.000375947 0.00143736 -0.000528161 0.00155592 0.00176436 0.00129244 0.0024203 0 0.00077796 0.00077796 -0.000648723 -0.000687911 -7.72565e-05 -0.000256019 0.000170755 -0.000959529 0 0.00021771 0.000569049 -0.000553986 -0.000687433 -0.000475996 -0.000746992 0.000487015
internal_weight=1568 1232 336 880 310 250 150 100 352 90 60 730 689 324 200 124 215 104 82 58 474 280 101 58 40
internal_count=1568 1232 336 880 310 250 150 100 352 90 60 730 689 324 200 124 215 104 82 58 474 280 101 58 40
is_linear=0
shrinkage=0.05


Tree=41
num_leaves=31
num_cat=0
split_feature=8 18 1 6 7 3 3 0 6 3 6 3 14 7 3 8 6 8 8 8 8 3 3 8 6 3 3 8 8 8
split_gain=0.310655 0.0249784 0.0201372 0.0178997 0.0212948 0.0188778 0.0175405 0.0137342 0.0170687 0.0104971 0.00929534 0.00790481 0.00753117 0.00856476 0.00701687 0.00734317 0.00592761 0.00493855 0.00870096 0.00549576 0.00341904 0.00339318 0.00274587 0.005442 0.0024716 0.00226486 0.00179879 0.00207965 0.00115481 0.00032971
threshold=4.1950000000000012 1.0000000180025095e-35 8.4500000000000011 5.4250427013533056 0.44925000000000009 92.850000000000009 88.450000000000017 44.500000000000007 5.0763403263403273 85.750000000000014 6.2095088819226767 91.15000000000002 1.0000000180025095e-35 0.30825000000000008 39.250000000000007 7.8050000000000006 7.0036496350364974 36.545000000000009 35.38000000000001 34.425000000000004 33.570000000000007 78.65000000000002 71.350000000000009 40.770000000000003 5.626871257485031 79.350000000000009 84.050000000000011 32.600000000000009 29.110000000000003 40.030000000000008
decision_type=2 2 2 2 2 2 2 2 2 2 2 2 2 2 2 2 2 2 2 2 2 2 2 2 2 2 2 2 2 2
left_child=2 7 -1 11 6 10 -5 17 -9 12 -6 -4 13 14 16 -16 -10 18 19 20 26 -3 23 -14 -24 -26 27 -2 -23 -19
right_child=1 21 3 4 5 -7 -8 8 9 -11 -12 -13 22 -15 15 -17 -18 29 -20 -21 -22 28 24 -25 25 -27 -28 -29 -30 -31
leaf_value=0 -0.00029002412150057761 -0.00015366033310323116 0.00073605178918635281 0.0017892567530358836 0.0015938870463045596 0.0017616487684003071 0.0037043417498654843 0.00098939134674559865 -0.00013066869500672374 0.00093265511269278046 0.00073605178918635281 0.0014852246291885488 0.0010349353909751965 -0.00029002412150057761 0 0.0010795394702751548 0.00062382601885534671 -0.00093809374858445254 -0.00029002412150057761 -0.0014722985348531179 -0.00029002412150057761 -0.00012393351511862037 0.00036893449845101453 0 -0.00029002412150057761 1.4143564896739991e-05 -0.0011048705858805504 -0.00089538989112877745 -0.00088871563071219795 -0.00035264731881853867
leaf_weight=26 49 39 34 76 36 60 24 34 94 20 54 26 20 250 37 28 24 77 50 23 24 21 21 35 38 34 25 23 229 37
leaf_count=26 49 39 34 76 36 60 24 34 94 20 54 26 20 250 37 28 24 77 50 23 24 21 21 35 38 34 25 23 229 37
internal_value=9.52906e-06 -0.00035481 0.00136002 0.0014721 0.0016743 0.00122123 0.00230207 -0.000222599 -8.01847e-05 -0.000149166 0.000736052 0.000736052 -0.000195164 -0.000290024 2.86867e-05 0.000470153 -0.000130669 -0.000499864 -0.000301895 -0.000652067 -0.00045378 -0.000768689 8.80112e-05 0.000379223 -3.07276e-05 -0.000216994 -0.000604746 -0.000360452 -0.000844541 -0.000792377
internal_weight=1568 1232 336 310 250 150 100 943 635 601 90 60 581 433 183 65 118 308 194 144 121 289 148 55 93 72 97 72 250 114
internal_count=1568 1232 336 310 250 150 100 943 635 601 90 60 581 433 183 65 118 308 194 144 121 289 148 55 93 72 97 72 250 114
is_linear=0
shrinkage=0.05


Tree=42
num_leaves=31
num_cat=0
split_feature=8 18 1 6 6 15 12 6 6 3 3 3 3 1 5 6 7 3 8 6 8 6 9 3 3 8 6 8 6 6
split_gain=0.279339 0.0224458 0.0179945 0.0166939 0.0198987 0.0222965 0.0119602 0.0119583 0.0112031 0.0111011 0.0103158 0.00796486 0.00709667 0.00694966 0.00685352 0.00566221 0.00523151 0.00669757 0.00527776 0.00526313 0.00519138 0.00340391 0.00625967 0.00339771 0.00293039 0.00290205 0.00268827 0.00259886 0.00192893 0.00960877
threshold=4.1950000000000012 1.0000000180025095e-35 8.4500000000000011 5.4250427013533056 6.6141439205955344 1.0000000180025095e-35 0.83725000000000016 5.1986842105263174 7.1486643437862964 91.15000000000002 79.15000000000002 88.450000000000017 91.15000000000002 9.0500000000000025 454.30000000000007 5.8012345679012354 0.30825000000000008 39.250000000000007 7.8050000000000006 7.0036496350364974 38.275000000000013 6.3006849315068498 13.950000000000001 94.050000000000011 78.65000000000002 45.520000000000003 7.0871212121212137 36.645000000000003 6.8790584415584428 6.7357679914070898
decision_type=2 2 2 2 2 2 2 2 2 2 2 2 2 2 2 2 2 2 2 2 2 2 2 2 2 2 2 2 2 2
left_child=2 6 -1 12 5 23 7 14 28 11 16 -7 -4 27 -2 20 17 19 -19 -9 -8 -17 26 -5 -3 -22 -23 -12 29 -6
right_child=1 24 3 4 8 9 15 10 -10 -11 13 -13 -14 -15 -16 21 -18 18 -20 -21 25 22 -24 -25 -26 -27 -28 -29 -30 -31
leaf_value=0 -2.3973702837652816e-05 -0.0001459969732853229 0.00069643916902210412 0.0021905593692546571 0.00069643916902210412 0.00093094503367816852 -0.00027670254937725688 -0.00013835127468862844 0.001777097777881491 0.00069643916902210412 0.00037652983108188871 0.0026089114264114064 0.0014112479223823355 0.0010350674235250384 0.00087771824330700506 -0.00027670254937725688 -0.00027670254937725688 0 0.00097110203103344334 0.00059276417736350503 -0.0015736839215407536 -0.00095021164751085034 -0.00027670254937725688 0.0038673486597650673 -0.00080333396530163153 -0.00042671937965305584 -0.00048347511588285098 -0.00025204142921755456 0.00069643916902210412 0.0018979555718711954
leaf_weight=26 20 39 34 39 22 28 42 91 38 27 30 26 26 24 47 71 303 36 26 24 32 74 28 20 250 25 35 35 30 20
leaf_count=26 20 39 34 39 22 28 42 91 38 27 30 26 26 24 47 71 303 36 26 24 32 74 28 20 250 25 35 35 30 20
internal_value=6.12304e-06 -0.000339205 0.00128693 0.00139288 0.0015888 0.00202273 -0.000213458 -8.01257e-05 0.000989773 0.00135634 -0.000161354 0.00183461 0.000696439 0.000307879 0.000534406 -0.000473279 -0.000258818 0 0.000428812 -0.000138351 -0.000815596 -0.000286009 -0.000481823 0.00284915 -0.000732004 -0.00115982 -0.000690248 0 0.000696439 0.000945848
internal_weight=1568 1232 336 310 250 140 943 636 110 81 569 54 60 89 67 307 480 177 62 115 99 208 137 59 289 57 109 65 72 42
internal_count=1568 1232 336 310 250 140 943 636 110 81 569 54 60 89 67 307 480 177 62 115 99 208 137 59 289 57 109 65 72 42
is_linear=0
shrinkage=0.05


Tree=43
num_leaves=31
num_cat=0
split_feature=8 18 3 3 0 6 3 6 6 8 7 3 8 1 8 8 3 9 3 7 6 6 8 8 8 6 8 6 6 6
split_gain=0.250449 0.0205526 0.0135903 0.0212446 0.0106633 0.0145298 0.00950228 0.00859765 0.0211537 0.0181685 0.0176624 0.011367 0.0218907 0.00937913 0.00669164 0.00693874 0.00659863 0.00919646 0.00599648 0.0059962 0.00475955 0.0167759 0.00438407 0.00775367 0.00500292 0.00356725 0.00325207 0.00279682 0.0026058 0.00286632
threshold=3.8450000000000006 1.0000000180025095e-35 95.600000000000009 94.250000000000014 44.500000000000007 5.0763403263403273 85.750000000000014 5.4745817245817259 5.92474640245341 1.6100000000000003 0.44925000000000009 92.850000000000009 0.82500000000000018 11.15 43.665000000000006 16.905000000000005 77.450000000000017 13.350000000000003 90.550000000000011 0.30825000000000008 6.1258802816901419 5.5966101694915258 36.545000000000009 35.38000000000001 34.425000000000004 7.0036496350364974 33.570000000000007 5.0581473968897912 5.8303357314148689 6.0361093038386473
decision_type=2 2 2 2 2 2 2 2 2 2 2 2 2 2 2 2 2 2 2 2 2 2 2 2 2 2 2 2 2 2
left_child=2 4 3 7 22 -6 14 9 -9 -1 13 12 -12 -10 15 19 17 -17 -14 20 21 -7 23 24 26 -22 -2 -3 -29 -30
right_child=1 27 -4 -5 5 6 -8 8 10 -11 11 -13 18 -15 -16 16 -18 -19 -20 -21 25 -23 -24 -25 -26 -27 -28 28 29 -31
leaf_value=0.0012996760730636958 -0.00055707324467442097 0 0.0026860054739894553 -7.8728045354743557e-05 0.00091129023593009234 -0.0001158999163818811 0.00089045394054470368 0.0024422266523525787 0.0011012239797718374 -0.00038572240568439424 -0.00088451522604638582 0.0011012239797718374 0 0.0022893090959824188 -0.00025982203436259024 0 -0.00025982203436259024 0.0010109823175870089 0.0011012239797718374 -0.00025982203436259024 -0.0001158999163818811 0.0011907921968680672 -0.00072002326754369919 -0.00025982203436259024 -0.0013835049544771512 0.00037102368139743441 -0.00025982203436259024 -0.001051621583665469 0 -0.00063621434799991878
leaf_weight=35 97 20 20 26 34 35 20 47 42 23 28 25 21 43 211 34 25 47 20 88 79 35 114 50 23 33 24 86 21 162
leaf_count=35 97 20 20 26 34 35 20 47 42 23 28 25 21 43 211 34 25 47 20 88 79 35 114 50 23 33 24 86 21 162
internal_value=3.09759e-06 -0.000319969 0.00122996 0.00111907 -0.00020004 -7.43418e-05 -0.000137927 0.00124631 0.00140367 0.000545756 0.00110184 0.000545765 0.000104964 0.00165668 -0.000181628 -1.29387e-05 0.000314449 0.000556866 0.000902868 -0.000160049 2.80222e-05 0.000374102 -0.000445302 -0.000259822 -0.000601202 -0.0001159 -0.000410192 -0.000696285 -0.000739478 -0.000564986
internal_weight=1568 1238 330 310 949 641 607 284 226 58 179 94 69 85 587 376 106 81 41 270 182 70 308 194 144 112 121 289 269 183
internal_count=1568 1238 330 310 949 641 607 284 226 58 179 94 69 85 587 376 106 81 41 270 182 70 308 194 144 112 121 289 269 183
is_linear=0
shrinkage=0.05


Tree=44
num_leaves=31
num_cat=0
split_feature=8 18 1 6 7 3 3 1 3 14 7 0 6 8 9 8 3 3 8 8 8 8 8 8 8 8 8 3 6 6
split_gain=0.228484 0.017971 0.0157133 0.0145709 0.0181066 0.0157731 0.0150212 0.00926712 0.0248704 0.0119678 0.0166509 0.00986762 0.00910976 0.00819341 0.00632501 0.00337646 0.00267318 0.00239051 0.00224261 0.00122221 0.00340426 0.00290763 0.00367041 0.00515494 0.00202403 0.00244594 0.00120049 0.00119161 0.00626852 0.00247285
threshold=4.1950000000000012 1.0000000180025095e-35 8.4500000000000011 5.4250427013533056 0.44925000000000009 92.850000000000009 88.450000000000017 12.350000000000003 43.20000000000001 1.0000000180025095e-35 0.30825000000000008 63.500000000000007 6.2095088819226767 10.370000000000003 24.100000000000005 5.9300000000000006 78.65000000000002 78.750000000000014 35.38000000000001 32.320000000000007 34.82500000000001 36.645000000000003 38.975000000000001 41.45000000000001 48.990000000000009 45.595000000000006 29.110000000000003 80.950000000000017 7.0502311895754533 6.3676588897827857
decision_type=2 2 2 2 2 2 2 2 2 2 2 2 2 2 2 2 2 2 2 2 2 2 2 2 2 2 2 2 2 2
left_child=2 7 -1 14 6 12 -5 9 -9 10 15 13 -6 -12 -4 -2 -3 19 -11 -15 -21 -22 -23 -24 25 -25 -18 -19 29 -29
right_child=1 16 3 4 5 -7 -8 8 -10 18 11 -13 -14 17 -16 -17 26 27 -20 20 21 22 23 24 -26 -27 -28 28 -30 -31
leaf_value=0 -0.000198105421708284 -0.00010361734018384185 0.00062968762935805762 0.0015420932861830692 0.0013625693581018009 0.0015228545242673853 0.0033208231194354434 8.2987728031678709e-05 0.0015999362813596874 -0.00032269514919517885 -0.0014663960664657895 -0.000198105421708284 0.00062968762935805762 -0.0003785317261288872 0.0012359766125722715 8.2987728031678709e-05 -4.2715645836604418e-05 -0.0003785317261288872 8.2987728031678709e-05 -0.0013290151388251356 -0.0003785317261288872 -0.0013054547301954277 -0.0003785317261288872 -0.00046280056177477251 -0.0003785317261288872 -0.0013149144100141372 -0.00077113876492035317 -0.00041185626544726762 -0.0003785317261288872 -0.0012131918946230429
leaf_weight=26 31 39 26 76 36 60 24 25 29 29 29 34 54 38 34 127 21 68 177 30 23 28 30 49 48 34 229 58 23 33
leaf_count=26 31 39 26 76 36 60 24 25 29 29 29 34 54 38 34 127 21 68 177 30 23 28 30 49 48 34 229 58 23 33
internal_value=1.67171e-06 -0.000310347 0.00116037 0.00125938 0.0014437 0.00102388 0.00202183 -0.000196965 0.000405181 -0.000239206 -0.000341409 -0.000478407 0.000629688 -0.000558958 0.000629688 8.21958e-05 -0.000662818 -0.000490872 7.53913e-05 -0.000614587 -0.000683136 -0.000567581 -0.000645968 -0.000499499 -0.000674368 -0.00087319 -0.000729985 -0.000378532 -0.000482855 -0.000758348
internal_weight=1568 1232 336 310 250 150 100 943 54 889 683 525 90 491 60 158 289 462 206 280 242 212 189 161 131 83 250 182 114 91
internal_count=1568 1232 336 310 250 150 100 943 54 889 683 525 90 491 60 158 289 462 206 280 242 212 189 161 131 83 250 182 114 91
is_linear=0
shrinkage=0.05


Tree=45
num_leaves=31
num_cat=0
split_feature=8 7 6 6 6 14 3 6 6 8 6 6 6 3 3 3 1 8 8 6 6 8 6 3 6 1 3 3 0 3
split_gain=0.17102 0.0403464 0.0321177 0.0181023 0.0175539 0.0100284 0.00969285 0.014115 0.017866 0.00897508 0.00771935 0.00635345 0.0117272 0.00750221 0.00600405 0.00507446 0.00593858 0.00499594 0.00570327 0.00457228 0.00899115 0.00857561 0.00354626 0.0028442 0.00270012 0.00237136 0.00227121 0.00333278 0.00141165 0.00128654
threshold=1.6100000000000003 0.79475000000000018 6.5399074609600936 6.7281223449447767 7.3300330033003309 1.0000000180025095e-35 87.65000000000002 5.9769353128313911 5.6172079421271368 50.330000000000005 6.8444760550023718 7.1241438356164393 7.3623737373737379 49.20000000000001 91.550000000000011 33.550000000000004 13.350000000000003 8.9000000000000021 10.855000000000002 5.7454747538901243 5.347685931383837 39.175000000000004 5.3353783231083849 88.850000000000009 5.9689455946076082 7.5500000000000007 67.350000000000009 72.200000000000003 63.500000000000007 87.050000000000011
decision_type=2 2 2 2 2 2 2 2 2 2 2 2 2 2 2 2 2 2 2 2 2 2 2 2 2 2 2 2 2 2
left_child=2 3 6 15 14 9 -1 8 22 19 -5 25 13 -13 -4 -2 17 -17 -19 20 21 -3 -8 -18 -21 -12 28 -28 -20 -26
right_child=1 5 4 10 -6 -7 7 -9 -10 -11 11 12 -14 -15 -16 16 23 18 26 24 -22 -23 -24 -25 29 -27 27 -29 -30 -31
leaf_value=0.00067841787584129441 -0.00014455080343264638 -0.00014455080343264638 0.00051393258661407712 0.0014351806926301957 0.0017277324145188349 -0.00014455080343264638 0.001165249187640528 0.0030480726975483249 0.00020293240589405078 -0.00014455080343264638 -0.00014455080343264638 0.0018260744527847936 -0.00010916087423314413 0.00034469366678890716 -0.00037000974751637619 -0.00014455080343264638 0.00027373678695718915 0.00027373678695718915 -0.00014455080343264638 -0.00014455080343264638 -0.0012206920804325593 -0.00093101495723665211 0.0028350269813849104 0.00093934760827817587 -0.00038954528435991852 0.00028940569578986307 0.00027373678695718915 -0.00014389545291300441 0.00016617733703191536 -0.00074313668719126172
leaf_weight=27 70 59 43 26 24 84 21 36 25 64 27 24 21 30 30 88 26 27 75 60 83 47 22 29 260 42 40 38 25 86
leaf_count=27 70 59 43 26 24 84 21 36 25 64 27 24 21 30 30 88 26 27 75 60 83 47 22 29 260 42 40 38 25 86
internal_value=4.06614e-05 -0.000172798 0.00130823 0.000130193 0.00054224 -0.000419295 0.00183642 0.00208809 0.00150271 -0.000492333 0.000567045 0.000374713 0.00069348 0.00109766 8.22599e-05 -3.56084e-05 7.12096e-05 -1.58712e-06 0.000143662 -0.000555938 -0.000794948 -0.000413621 0.00214016 0.000549061 -0.000432194 0 -1.64593e-05 0.000158163 -0.000144551 -0.000492068
internal_weight=1559 1331 228 588 97 743 131 104 68 659 170 144 75 54 73 418 348 293 205 595 189 106 43 55 406 69 178 78 100 346
internal_count=1559 1331 228 588 97 743 131 104 68 659 170 144 75 54 73 418 348 293 205 595 189 106 43 55 406 69 178 78 100 346
is_linear=0
shrinkage=0.05


Tree=46
num_leaves=31
num_cat=0
split_feature=2 7 15 6 6 9 6 7 3 9 14 6 6 3 6 3 1 3 6 6 3 3 6 3 3 6 6 6 9 6
split_gain=0.149482 0.0287554 0.0153408 0.0180794 0.0149556 0.0104441 0.00911547 0.0155081 0.0310489 0.00764655 0.00751263 0.00572752 0.00456319 0.0040716 0.00478347 0.00929834 0.00657555 0.00243545 0.00209234 0.00208196 0.00173386 0.00186628 0.00115951 0.0017149 0.00114752 0.00146625 0.00510152 0.000594754 0.000241136 5.31751e-05
threshold=0.040000000000000008 0.79475000000000018 1.0000000180025095e-35 6.6141439205955344 6.7281223449447767 22.300000000000004 5.2189897698209728 0.46075000000000005 88.450000000000017 8.8500000000000032 1.0000000180025095e-35 5.9929577464788748 5.7454747538901243 33.550000000000004 6.1166747690811869 65.250000000000014 12.350000000000003 41.350000000000001 5.2299154334038063 5.1234756097560981 67.050000000000011 89.350000000000009 7.0283649986620294 87.850000000000009 80.550000000000011 6.8444760550023718 6.4022471910112371 6.0753578611143988 25.700000000000006 5.92474640245341
decision_type=2 2 2 2 2 2 2 2 2 2 2 2 2 2 2 2 2 2 2 2 2 2 2 2 2 2 2 2 2 2
left_child=2 4 3 11 13 10 -4 8 -8 -6 12 -1 18 -2 16 -16 17 -15 19 -3 -14 22 23 24 29 26 27 -26 -18 -22
right_child=1 5 6 -5 9 -7 7 -9 -10 -11 -12 -13 20 14 15 -17 28 -19 -20 -21 21 -23 -24 -25 25 -27 -28 -29 -30 -31
leaf_value=0.00142769459760069 -0.00015652710718151646 -0.00066421443571679792 0.0017546373962413102 0.00052702429580925097 -0.00015652710718151646 -0.00015652710718151646 0.00073327527817951146 0.00042687576756024774 0.0023504114585609446 0.00042687576756024774 -0.00031510083754220596 0.0029173451004982872 -0.0010101501055835905 0.00013517433018936565 0.00042687576756024774 -0.00015652710718151646 0.00013517433018936565 -0.00015652710718151646 -0.00099417534160589909 -0.00031510083754220596 -0.00031510083754220596 -0.00072714503746049153 -0.00031510083754220596 -0.00031510083754220596 -0.00061664030899675527 -0.00031510083754220596 -0.0013857593797180418 -0.00031510083754220596 0.00042687576756024774 -0.00034505420944010005
leaf_weight=39 70 52 24 38 45 76 64 70 36 103 61 27 23 26 68 40 20 125 105 24 27 57 71 20 26 24 28 26 21 123
leaf_count=39 70 52 24 38 45 76 64 70 36 103 61 27 23 26 68 40 20 125 105 24 27 57 71 20 26 24 28 26 21 123
internal_value=3.942e-05 -0.000195269 0.00104902 0.00158465 8.27671e-05 -0.000395821 0.000735447 0.00056122 0.00103967 0.000426876 -0.000473675 0.00211623 -0.000546362 -7.83979e-05 3.38385e-05 0.000311817 -9.65773e-05 -0.000156527 -0.000793528 -0.000449672 -0.000429174 -0.000383256 -0.000315101 -0.00039837 -0.000442624 -0.000627538 -0.000766443 -0.000334976 0.000426876 -0.000315101
internal_weight=1559 1261 298 104 518 743 194 170 100 148 667 66 606 370 300 108 192 151 181 76 425 402 345 274 254 104 80 52 41 150
internal_count=1559 1261 298 104 518 743 194 170 100 148 667 66 606 370 300 108 192 151 181 76 425 402 345 274 254 104 80 52 41 150
is_linear=0
shrinkage=0.05


Tree=47
num_leaves=31
num_cat=0
split_feature=8 5 6 6 7 6 6 3 14 6 3 3 9 9 3 3 6 6 6 8 6 8 8 6 6 3 3 8 3 3
split_gain=0.139441 0.0324308 0.0273659 0.0263028 0.0248935 0.0161614 0.00922583 0.0121199 0.00904082 0.00901273 0.00787839 0.00677947 0.00616258 0.00613397 0.0050181 0.00396481 0.00696032 0.00615539 0.00385613 0.00487272 0.00523425 0.00247139 0.00239036 0.002239 0.00165919 0.00158907 0.00201944 0.00152407 0.0014125 0.00068727
threshold=1.6100000000000003 1035.9000000000003 6.5399074609600936 6.2751859364435445 0.79475000000000018 7.3300330033003309 5.4250427013533056 88.450000000000017 1.0000000180025095e-35 6.7281223449447767 90.850000000000009 93.950000000000017 22.100000000000005 8.8500000000000032 91.550000000000011 48.000000000000007 5.5465467436974807 6.4504441327723248 5.7454747538901243 38.275000000000013 5.4518236254763206 43.630000000000003 41.855000000000011 5.3257653717519942 6.8444760550023718 89.350000000000009 67.050000000000011 7.8050000000000006 50.95000000000001 87.850000000000009
decision_type=2 2 2 2 2 2 2 2 2 2 2 2 2 2 2 2 2 2 2 2 2 2 2 2 2 2 2 2 2 2
left_child=2 4 6 -3 9 14 -1 -8 12 15 -9 -12 18 28 24 23 -17 22 19 20 -6 -21 -18 -2 -4 26 -20 -15 -11 -28
right_child=1 3 5 -5 8 -7 7 10 -10 13 11 -13 -14 27 -16 16 17 -19 25 21 -22 -23 -24 -25 -26 -27 29 -29 -30 -31
leaf_value=0.00077090047255862421 0.00022698263434629387 0.00034965619343967422 0 0.002467884491220932 -0.00035057469358530972 0.0016038562619915674 0.00068593451181326172 0.0035263414517860505 -0.00017928260616553507 9.3071161362504105e-05 0.00097870410242377188 0.0026827630049442472 -0.00017928260616553507 9.3071161362504105e-05 -0.00038411205207489652 -0.00017928260616553507 0.00034965619343967422 -0.00017928260616553507 -0.00095986126079445797 -0.0014207278998329112 -0.0010902906389137202 -0.00059428038728836228 -0.00017412975629272967 -0.00017928260616553507 0.00078286006661544354 -0.00075547667720968648 -0.00035057469358530972 0.00034965619343967422 -0.00017928260616553507 -0.00035057469358530972
leaf_weight=38 32 46 23 20 58 24 24 20 84 20 29 20 52 35 30 62 69 31 23 45 27 51 25 147 20 55 320 79 25 25
leaf_count=38 32 46 23 20 58 24 24 20 84 20 29 20 52 35 30 62 69 31 23 45 27 51 25 147 20 55 320 79 25 25
internal_value=3.91037e-05 -0.000153314 0.00118388 0.00091224 -0.000212928 0.000472266 0.0016719 0.00198512 -0.00040043 4.18652e-05 0.002363 0.00178012 -0.000474052 0.000349656 3.01515e-05 -8.3827e-05 6.81869e-05 0.000315737 -0.000521867 -0.000753083 -0.000375332 -0.00103478 0.000349656 -0.000179283 0.000435403 -0.000410958 -0.000350575 0.000349656 -0.000163514 -0.000350575
internal_weight=1559 1331 228 66 1265 97 131 93 740 525 69 49 656 159 73 366 187 125 604 181 85 96 94 179 43 423 368 114 45 345
internal_count=1559 1331 228 66 1265 97 131 93 740 525 69 49 656 159 73 366 187 125 604 181 85 96 94 179 43 423 368 114 45 345
is_linear=0
shrinkage=0.05


Tree=48
num_leaves=31
num_cat=0
split_feature=8 5 6 6 18 3 6 13 6 8 9 3 6 8 8 6 3 6 6 3 8 3 8 1 3 3 1 3 3 6
split_gain=0.126599 0.0289287 0.0247721 0.0238057 0.0163237 0.0146164 0.0210244 0.0116059 0.00979243 0.00994377 0.00828251 0.0151986 0.0113267 0.010324 0.00825743 0.00819328 0.0107105 0.00768929 0.0088033 0.00655694 0.00620289 0.00578589 0.0056447 0.00342745 0.00221501 0.00215501 0.00200614 0.00189672 0.00155339 0.000569169
threshold=1.6100000000000003 1035.9000000000003 6.5399074609600936 6.2751859364435445 1.0000000180025095e-35 91.550000000000011 7.2016949152542384 1.0000000180025095e-35 6.8870673952641175 37.670000000000009 14.900000000000002 35.500000000000007 6.3196594427244595 10.855000000000002 44.170000000000009 5.4250427013533056 88.450000000000017 5.4745817245817259 5.206290021885386 90.850000000000009 33.380000000000003 93.950000000000017 30.980000000000004 12.450000000000001 77.750000000000014 83.65000000000002 6.1500000000000012 93.950000000000017 82.450000000000017 5.2707722385141755
decision_type=2 2 2 2 2 2 2 2 2 2 2 2 2 2 2 2 2 2 2 2 2 2 2 2 2 2 2 2 2 2
left_child=2 4 15 29 7 6 -4 10 9 20 11 13 23 -2 -11 -1 -17 18 -13 -18 22 -21 -9 -12 -6 -14 -19 -7 -10 -3
right_child=1 3 5 -5 24 27 -8 8 28 14 12 17 25 -15 -16 16 19 26 -20 21 -22 -23 -24 -25 -26 -27 -28 -29 -30 -31
leaf_value=0.00073245659561001566 -0.0015573706883649637 0.00033163782911463277 8.5129776624286071e-05 0.0023451041471935921 0 0 0.0022560233788750184 0 -0.00019994763963258086 -0.0015809578338810495 -1.3561593636970115e-05 -1.3561593636970115e-05 0.00033163782911463277 -1.3561593636970115e-05 -9.8028935795456022e-05 0.00065178010067844542 0.0033509015972119065 -0.00037200400970763221 -0.0013226420283356209 0.00092993700641601056 0.00026413435660481861 0.0025492922685558519 -0.0012047695786078678 0.00033163782911463277 -0.00059256130575460666 -1.3561593636970115e-05 -1.3561593636970115e-05 -0.00052826725497040581 0.00029066543614446631 0.0004648119632254615
leaf_weight=38 31 20 35 20 28 20 21 26 20 42 214 31 136 23 22 24 20 51 24 29 29 20 21 27 248 21 234 21 37 26
leaf_count=38 31 20 35 20 28 20 21 26 20 42 214 31 136 23 22 24 20 51 24 29 29 20 21 27 248 21 234 21 37 26
internal_value=4.02041e-05 -0.000142974 0.00113106 0.000862738 -0.000199462 0.000450316 0.000990912 -9.83333e-05 -0.000442228 -0.000670435 -6.43643e-06 -0.00017486 0.000147737 -0.000957661 -0.00115015 0.00159626 0.00189434 -3.55865e-05 -0.000604672 0.00225261 -0.000199779 0.00169658 -0.000592133 -1.35616e-05 -0.000543566 0.000331638 -1.35616e-05 -0.000167018 3.09061e-05 0.000331638
internal_weight=1559 1331 228 66 1265 97 56 989 197 140 792 394 398 54 64 131 93 340 55 69 76 49 47 241 276 157 285 41 57 46
internal_count=1559 1331 228 66 1265 97 56 989 197 140 792 394 398 54 64 131 93 340 55 69 76 49 47 241 276 157 285 41 57 46
is_linear=0
shrinkage=0.05


Tree=49
num_leaves=31
num_cat=0
split_feature=8 5 6 6 3 6 9 3 9 14 8 6 6 3 6 3 3 6 3 2 3 3 6 8 3 6 8 8 8 6
split_gain=0.115365 0.0257522 0.022394 0.0216349 0.0149407 0.0137097 0.0128961 0.0126188 0.00965318 0.0116288 0.00921079 0.00872128 0.00726647 0.00944769 0.00572027 0.00538957 0.00523782 0.00492352 0.00490439 0.00437992 0.00415658 0.00405464 0.00380629 0.00535446 0.00359968 0.00202346 0.00814471 0.00756202 0.00486609 0.00464328
threshold=1.6100000000000003 1035.9000000000003 6.5399074609600936 6.2751859364435445 71.350000000000009 7.3300330033003309 14.900000000000002 35.500000000000007 27.350000000000001 1.0000000180025095e-35 10.855000000000002 6.3196594427244595 5.4250427013533056 88.450000000000017 5.5143622869708642 90.850000000000009 91.65000000000002 7.0283649986620294 93.950000000000017 0.95500000000000007 91.550000000000011 67.950000000000017 7.1486643437862964 40.030000000000008 89.850000000000009 5.7454747538901243 38.975000000000001 33.225000000000001 37.775000000000006 6.4022471910112371
decision_type=2 2 2 2 2 2 2 2 2 2 2 2 2 2 2 2 2 2 2 2 2 2 2 2 2 2 2 2 2 2
left_child=2 4 12 -3 6 20 7 10 9 16 -2 21 -1 -14 -9 -15 17 24 -17 -16 -4 -8 -19 -24 25 26 -6 29 -29 -27
right_child=1 3 5 -5 8 -7 11 14 -10 -11 -12 -13 13 15 19 18 -18 22 -20 -21 -22 -23 23 -25 -26 27 -28 28 -30 -31
leaf_value=0.00069592992959695624 -0.0014797525146490987 0.00031232146023413271 0.00039284460246833064 0.0022284323247659266 -0.00026352878882055593 0.0014719169967299661 1.6875148746860451e-05 -0.00060395464174916333 0.00031232146023413271 -2.8114212928144262e-05 0 0.00031232146023413271 0.00061932634832762587 0.0031841900572644093 1.6875148746860451e-05 0.00088359993143179985 -0.0010068003128679566 -2.8114212928144262e-05 0.0024224618551742971 -0.00064209927272092812 -0.00035356242376754056 0.00031232146023413271 -0.0010937890121296271 -2.8114212928144262e-05 -2.8114212928144262e-05 -0.00010792867302945798 -0.0010844525287810342 -2.8114212928144262e-05 -0.00035110332248641573 -0.0011462730470297034
leaf_weight=38 31 46 43 20 85 24 133 38 29 118 23 104 24 20 125 29 52 34 20 27 30 21 20 26 29 29 76 48 169 48
leaf_count=38 31 46 43 20 85 24 133 38 29 118 23 104 24 20 125 29 52 34 20 27 30 21 20 26 29 29 76 48 169 48
internal_value=3.97262e-05 -0.000134981 0.00108115 0.000813101 -0.000188458 0.000430099 1.39671e-05 -0.000235851 -0.000328177 -0.00036855 -0.000912753 0.000269602 0.00152439 0.00180808 -1.67877e-05 0.00214771 -0.000458026 -0.000398397 0.00161719 1.68751e-05 1.76385e-05 1.68751e-05 -2.81142e-05 -0.000480427 -0.00045881 -0.000493706 -0.000682515 -0.000373112 -0.000190953 -0.000820706
internal_weight=1559 1331 228 66 1265 97 502 244 763 734 54 258 131 93 190 69 616 564 49 152 73 154 80 46 484 455 161 294 217 77
internal_count=1559 1331 228 66 1265 97 502 244 763 734 54 258 131 93 190 69 616 564 49 152 73 154 80 46 484 455 161 294 217 77
is_linear=0
shrinkage=0.05


Tree=50
num_leaves=31
num_cat=0
split_feature=8 3 3 3 3 6 3 9 3 6 9 3 20 8 1 9 6 6 18 3 6 3 6 8 1 3 3 6 6 3
split_gain=0.106536 0.0370138 0.0183993 0.0129066 0.0303364 0.0201719 0.0126507 0.0200692 0.0105357 0.0101422 0.00732005 0.00670745 0.0060391 0.00602153 0.0123109 0.00592283 0.0151129 0.0118977 0.00550077 0.00579854 0.00531074 0.00523451 0.00501015 0.00678869 0.0115867 0.0085922 0.00500261 0.00485526 0.0280438 0.0147091
threshold=2.3250000000000006 88.450000000000017 70.050000000000011 90.450000000000017 91.950000000000017 6.6530054644808763 31.450000000000003 15.750000000000002 37.350000000000001 5.7454747538901243 7.2500000000000009 86.65000000000002 1.0000000180025095e-35 9.8900000000000023 10.65 14.050000000000002 6.3006849315068498 6.8903903903903911 1.0000000180025095e-35 73.550000000000011 5.9769353128313911 35.500000000000007 7.0385185185185195 37.345000000000006 8.8500000000000032 79.550000000000011 77.750000000000014 5.6704174000502894 6.2699215785479394 94.65000000000002
decision_type=2 2 2 2 2 2 2 2 2 2 2 2 2 2 2 2 2 2 2 2 2 2 2 2 2 2 2 2 2 2
left_child=1 9 6 5 20 -3 7 -2 21 -1 -10 -11 15 -4 18 -12 -17 -18 19 -15 -5 -8 23 -21 25 -25 -20 -6 -29 -30
right_child=2 3 13 4 27 -7 8 -9 10 11 12 -13 -14 14 -16 16 17 -19 26 22 -22 -23 -24 24 -26 -27 -28 28 29 -31
leaf_value=-0.0010107398192995966 -0.0014268554573676543 0.0028916431139103492 -0.0011368994634077523 0.00028278560641763813 0.0020842915453086388 0.00058722590218253791 0.0003013743333834365 0.00015627447907333425 -0.00059691785288804836 0.00083409320691482875 3.3312568031456362e-06 -0.00016413052546785934 -0.00021592569648800359 -0.00069315307398956671 0.00066686348519143983 0.00027433362201881442 0.0021024095041375932 0.00027433362201881442 0 3.0358748847423195e-05 -0.00078237358045148023 0.0015458145229822369 0.00016772024576949883 -0.00024885853648691112 0.0001410711853114167 -0.0010535304914012489 -0.00059681828569961657 -0.00023408275632829214 0.0023158265742077955 0.00033893144728481026
leaf_weight=20 34 31 26 20 32 23 40 37 35 30 126 24 71 58 29 69 24 20 29 139 20 20 57 74 57 71 244 24 35 22
leaf_count=20 34 31 26 20 32 23 40 37 35 30 126 24 71 58 29 69 24 20 29 139 20 20 57 74 57 71 244 24 35 22
internal_value=2.17455e-05 0.000904761 -0.000171269 0.00124816 0.000947084 0.00200545 6.53044e-05 -0.000532461 0.000182546 0 6.02534e-05 0.000298533 0.000150743 -0.00032127 -0.000286552 0.000280626 0.000545336 0.00131809 -0.000331423 -0.000206224 -0.000125729 0.000801264 -0.000122549 -0.000206421 -0.000394028 -0.000638788 -0.000522086 0.00137082 0.00102509 0.00164231
internal_weight=1541 281 1260 207 153 54 476 71 405 74 345 54 310 784 758 239 113 44 729 456 40 60 398 341 202 145 273 113 81 57
internal_count=1541 281 1260 207 153 54 476 71 405 74 345 54 310 784 758 239 113 44 729 456 40 60 398 341 202 145 273 113 81 57
is_linear=0
shrinkage=0.05


Tree=51
num_leaves=31
num_cat=0
split_feature=8 3 3 3 3 6 3 9 3 6 9 3 20 8 5 7 6 9 3 8 3 9 6 6 3 3 3 6 8 1
split_gain=0.0964225 0.0337843 0.0164758 0.0115027 0.0274452 0.0178301 0.0112833 0.0182185 0.00968191 0.00910173 0.00657343 0.00611173 0.0054385 0.00540441 0.0158902 0.00533444 0.00729053 0.0139968 0.0133986 0.00503799 0.00491454 0.0077853 0.00481861 0.00464898 0.00457526 0.00420104 0.0252367 0.0107099 0.00371069 0.00394683
threshold=2.3250000000000006 88.450000000000017 70.050000000000011 90.450000000000017 91.950000000000017 6.6530054644808763 31.450000000000003 15.750000000000002 37.350000000000001 5.7454747538901243 7.2500000000000009 86.65000000000002 1.0000000180025095e-35 9.8900000000000023 673.65000000000009 0.78925000000000012 6.3312236286919843 9.1500000000000004 46.000000000000007 35.655000000000008 87.15000000000002 19.700000000000006 5.9769353128313911 6.6141439205955344 35.500000000000007 95.600000000000009 94.050000000000011 6.6285602299451272 37.345000000000006 8.8500000000000032
decision_type=2 2 2 2 2 2 2 2 2 2 2 2 2 2 2 2 2 2 2 2 2 2 2 2 2 2 2 2 2 2
left_child=1 9 6 5 22 -3 7 -2 24 -1 -10 -11 15 -4 20 16 19 -18 -19 -12 28 -22 -5 -14 -8 26 27 -6 -15 -30
right_child=2 3 13 4 25 -7 8 -9 10 11 12 -13 23 14 -16 -17 17 18 -20 -21 21 -23 -24 -25 -26 -27 -28 -29 29 -31
leaf_value=-0.00096045428532551031 -0.0013557218639261999 0.0027475258759207949 -0.0010802722903560861 0.00026871663754555715 0.00092476091612471814 0.00055799173286690646 0.00028634318766042479 0.00014848179934481083 -0.00056715699458664598 0.00079252712051090216 9.4172264845206996e-05 -0.00015595807436734332 -0.00021304136536298915 -3.5174562178718764e-05 0.0010280934224231831 -0.00019034266602420641 9.4172264845206996e-05 0.0006407066586185024 0.0018861725472263391 0.00065472254655424343 -0.0007355810557018082 0.00014152431701870626 -0.00074344955115991445 0.00040220308569315598 0.0014689082909949977 0.0021352070642642954 0 0.0027435018708790414 -0.0004255251164008789 0
leaf_weight=20 34 31 26 20 37 23 40 37 35 30 85 24 46 207 21 39 20 23 35 37 134 20 20 25 20 24 32 20 280 96
leaf_count=20 34 31 26 20 37 23 40 37 35 30 85 24 46 207 21 39 20 23 35 37 134 20 20 25 20 24 32 20 280 96
internal_value=2.12431e-05 0.000861429 -0.000162217 0.00118955 0.000901493 0.00191012 6.1176e-05 -0.000502411 0.00017242 0 5.45926e-05 0.000279048 0.000141074 -0.000304216 -0.000270862 0.00026488 0.000378687 0.000767106 0.00118724 9.41723e-05 -0.000314792 -0.000589207 -0.00011327 -0.000205145 0.000765514 0.00130469 0.00102247 0.00165417 -0.000233642 -0.000329572
internal_weight=1541 281 1260 207 153 54 476 71 405 74 345 54 310 784 758 239 200 78 58 122 737 154 40 71 60 113 89 57 583 376
internal_count=1541 281 1260 207 153 54 476 71 405 74 345 54 310 784 758 239 200 78 58 122 737 154 40 71 60 113 89 57 583 376
is_linear=0
shrinkage=0.05


Tree=52
num_leaves=31
num_cat=0
split_feature=8 3 3 3 3 6 3 9 3 6 9 6 3 6 3 6 3 18 8 5 3 6 8 1 3 8 6 6 3 3
split_gain=0.0878705 0.0308744 0.0144572 0.0102219 0.0248611 0.0157341 0.00984315 0.0165421 0.00913649 0.00816593 0.00573347 0.00571105 0.00506124 0.0103384 0.0115295 0.0106801 0.00899461 0.00503422 0.00735152 0.0114288 0.00478286 0.00514721 0.00607784 0.00891802 0.00749872 0.00605418 0.00467311 0.0247943 0.0126039 0.00444017
threshold=2.3250000000000006 88.450000000000017 70.050000000000011 90.450000000000017 91.950000000000017 6.6530054644808763 31.450000000000003 15.750000000000002 37.350000000000001 5.7454747538901243 7.2500000000000009 6.5399074609600936 43.20000000000001 5.5067877453678236 54.45000000000001 6.2359266287160038 51.650000000000013 1.0000000180025095e-35 9.8900000000000023 673.65000000000009 73.550000000000011 7.0385185185185195 37.345000000000006 8.8500000000000032 79.550000000000011 35.38000000000001 5.6704174000502894 6.2699215785479394 94.65000000000002 77.750000000000014
decision_type=2 2 2 2 2 2 2 2 2 2 2 2 2 2 2 2 2 2 2 2 2 2 2 2 2 2 2 2 2 2
left_child=1 9 6 5 -5 -3 7 -2 -8 -1 -10 -11 -12 -14 16 -16 -15 18 -4 20 -20 22 25 24 -24 -22 -6 -28 -29 -19
right_child=2 3 17 4 26 -7 8 -9 10 11 12 -13 13 14 15 -17 -18 29 19 -21 21 -23 23 -25 -26 -27 27 28 -30 -31
leaf_value=-0.00091267046854548645 -0.0012881345563510822 0.0026105913040123377 -0.0010264656335201073 -0.00010143141064820741 0.0019297522336035686 0.00053021292232664384 0.00073154453240868061 0.00014107773216024563 -0.00053887992368963284 0.00092223135752259131 -0.0002075852661709524 -1.1004388651190166e-05 -0.0002075852661709524 0.00045072198952741341 0.0007105989705006525 -0.0002075852661709524 0.0018174077588559139 0 -0.00062123334464135149 0.00097693240852646918 -0.00014831943279573946 0.00029920279577833395 -0.0002596437449681901 6.5119661226213307e-05 -0.00097764471613601611 0.00039568084159116246 -0.00027202955259713517 0.0021142987575530582 0.00026892301728827792 -0.00054608934833852505
leaf_weight=20 34 31 26 40 32 23 60 37 35 21 60 33 62 65 40 61 22 29 60 21 99 57 74 63 71 40 24 35 22 244
leaf_count=20 34 31 26 40 32 23 60 37 35 21 60 33 62 65 40 61 22 29 60 21 99 57 74 63 71 40 24 35 22 244
internal_value=1.83529e-05 0.000820577 -0.000156639 0.0011343 0.000858764 0.00181954 5.19261e-05 -0.000473859 0.000156538 0 4.1865e-05 0.000260533 0.000123709 0.000233999 0.000430955 1.53904e-05 0.000855416 -0.000289635 -0.000180593 -0.000124737 -0.000185571 -0.000108357 -0.000189777 -0.000363712 -0.000584407 3.46276e-05 0.00124265 0.000907511 0.00149133 -0.00047529
internal_weight=1541 281 1260 207 153 54 476 71 405 74 345 54 310 250 188 101 87 784 511 485 464 404 347 208 145 139 113 81 57 273
internal_count=1541 281 1260 207 153 54 476 71 405 74 345 54 310 250 188 101 87 784 511 485 464 404 347 208 145 139 113 81 57 273
is_linear=0
shrinkage=0.05


Tree=53
num_leaves=31
num_cat=0
split_feature=8 3 3 3 3 3 9 3 9 1 8 18 20 9 3 3 3 0 3 3 3 8 8 0 3 3 8 3 3 9
split_gain=0.0794843 0.0281481 0.0128283 0.00914399 0.022763 0.00871138 0.0150232 0.0083335 0.00511664 0.00493297 0.00714478 0.00501377 0.00480248 0.00541246 0.00469196 0.0212422 0.00413598 0.00495196 0.00413568 0.00400835 0.00396138 0.00387525 0.00624481 0.00387222 0.00289454 0.00282072 0.0114472 0.0040919 0.00382318 0.0022931
threshold=2.3250000000000006 88.450000000000017 70.050000000000011 90.450000000000017 91.850000000000009 31.450000000000003 15.750000000000002 37.350000000000001 7.2500000000000009 12.350000000000003 26.505000000000003 1.0000000180025095e-35 1.0000000180025095e-35 21.950000000000003 95.600000000000009 94.050000000000011 86.65000000000002 77.500000000000014 35.500000000000007 77.750000000000014 78.050000000000011 37.670000000000009 41.815000000000005 51.500000000000007 63.750000000000007 48.000000000000007 15.610000000000001 68.15000000000002 42.150000000000013 18.500000000000004
decision_type=2 2 2 2 2 2 2 2 2 2 2 2 2 2 2 2 2 2 2 2 2 2 2 2 2 2 2 2 2 2
left_child=1 16 5 -3 -5 6 -2 18 -9 10 -4 20 13 25 15 -6 17 -1 -7 -13 23 -22 -23 29 -14 28 -27 -28 -10 -12
right_child=2 3 9 4 14 7 -8 8 12 -11 11 19 24 -15 -16 -17 -18 -19 -20 -21 21 22 -24 -25 -26 26 27 -29 -30 -31
leaf_value=-6.2162275647331545e-05 -0.0012239167076205054 0.0017334777693128189 -0.0012961310158432716 -0.00014888472061835208 0.0014515667002006573 0.00023557575537992682 0.00013404284526074349 -0.00051201270958036414 0.00030186324451348122 0.00040052927687615899 -0.00060899726891579416 0 -0.00019896589041160543 0.0010581032991576105 0.00199811320473668 0 -0.00048013848130512522 0.00087059083804766194 0.0013594330552576194 -0.00051436637813051902 5.1067967981605614e-05 -0.00060682371339912747 0 0 0.00025007315455058095 0.00059564428445897525 -0.00019896589041160543 0.00039648700910228712 -0.00019896589041160543 -0.00024920089081318899
leaf_weight=22 34 54 20 37 60 40 37 35 34 20 100 29 45 20 24 32 32 20 20 242 128 63 108 53 26 48 70 32 35 21
leaf_count=22 34 54 20 37 60 40 37 35 34 20 100 29 45 20 24 32 32 20 20 242 128 63 108 53 26 48 70 32 35 21
internal_value=1.74409e-05 0.000780564 -0.000148828 0.00108017 0.000815955 4.70772e-05 -0.000446731 0.000146078 3.59457e-05 -0.000274138 -0.000298393 -0.000264682 0.000114081 0.000231906 0.00116663 0.000893505 0 0.000264254 0.000695028 -0.000446438 -0.000149906 -2.11409e-05 -0.000211084 -0.000342317 -0.000198966 0.000133185 0.000264463 -2.3668e-05 -7.98123e-05 -0.000498402
internal_weight=1541 281 1260 207 153 476 71 405 345 784 764 744 310 239 116 92 74 42 60 271 473 299 171 174 71 219 150 102 69 121
internal_count=1541 281 1260 207 153 476 71 405 345 784 764 744 310 239 116 92 74 42 60 271 473 299 171 174 71 219 150 102 69 121
is_linear=0
shrinkage=0.05


Tree=54
num_leaves=31
num_cat=0
split_feature=8 3 3 6 6 3 3 6 6 3 9 3 6 6 9 6 3 3 6 3 6 6 1 8 6 6 1 3 3 7
split_gain=0.0714759 0.0255573 0.0114192 0.00860644 0.0270252 0.0104934 0.015188 0.0203112 0.0245828 0.00774616 0.0136469 0.00768182 0.00728022 0.0052138 0.00458372 0.00477928 0.009645 0.00634321 0.0101131 0.0131437 0.0108258 0.00666164 0.00448621 0.00642919 0.00397341 0.00609859 0.00479469 0.00404533 0.00377114 0.00528845
threshold=2.3250000000000006 88.450000000000017 70.050000000000011 7.3060200668896327 6.8094277329420416 90.450000000000017 94.450000000000017 5.7187780772686443 6.2699215785479394 31.450000000000003 15.750000000000002 37.350000000000001 5.7454747538901243 6.5399074609600936 7.2500000000000009 6.770032051282052 48.650000000000013 48.000000000000007 5.5143622869708642 54.45000000000001 6.2359266287160038 5.3883861236802426 12.350000000000003 26.505000000000003 5.7454747538901243 5.347685931383837 8.9500000000000011 81.65000000000002 73.350000000000009 0.8962500000000001
decision_type=2 2 2 2 2 2 2 2 2 2 2 2 2 2 2 2 2 2 2 2 2 2 2 2 2 2 2 2 2 2
left_child=1 12 9 4 5 -3 7 -7 -9 10 -2 -11 -1 -14 -13 17 -17 21 -19 -20 -21 -16 23 -4 25 27 -27 -25 -26 -30
right_child=2 3 22 -5 -6 6 -8 8 -10 11 -12 14 13 -15 15 16 -18 18 19 20 -22 -23 -24 24 28 26 -28 -29 29 -31
leaf_value=-0.00086513454429295613 -0.0011629003608091312 0.001988356217211528 -0.0012316468775860818 0.0021347086910343815 -0.00029362281181854999 0.0012461945065580435 0.0019032385537778463 -0.0014926434319668632 0.00081055901641219992 0.00066456914818946423 0.00012735878079727975 -0.0004864849853896512 0.00087584508273980078 -1.2461439587859558e-05 0.00075773552050860372 0.0012310323854944031 0 -0.00019018146434337125 0.0013676096441520152 0.00072722215827106674 -0.00019018146434337125 -0.00019018146434337125 0.0003806024500219828 2.6640678371209774e-05 -0.00062206574213818553 -0.00093792570593081808 -1.3357112363843281e-05 -0.00046642555293946523 5.1669716330040841e-06 -0.00034727702765876384
leaf_weight=20 34 38 20 22 34 41 28 22 22 60 37 35 21 33 20 26 51 49 32 39 29 64 20 77 43 78 31 62 309 144
leaf_count=20 34 38 20 22 34 41 28 22 22 60 37 35 21 33 20 26 51 49 32 39 29 64 20 77 43 78 31 62 309 144
internal_value=1.69539e-05 0.000740751 -0.000140542 0.0010263 0.000866393 0.0011607 0.000836654 0.00042473 -0.000228437 4.37798e-05 -0.000420955 0.000137678 0 0.00024155 3.13904e-05 0.000106122 0.000447511 0 0.000208392 0.000522724 5.02849e-05 -0.000190181 -0.00025882 -0.00028215 -0.000249745 -0.000425548 -0.000721058 -0.00015752 -0.000151696 -9.5885e-05
internal_weight=1541 281 1260 207 185 151 113 85 44 476 71 405 74 54 345 310 77 233 149 100 68 84 784 764 744 248 109 139 496 453
internal_count=1541 281 1260 207 185 151 113 85 44 476 71 405 74 54 345 310 77 233 149 100 68 84 784 764 744 248 109 139 496 453
is_linear=0
shrinkage=0.05


Tree=55
num_leaves=29
num_cat=0
split_feature=17 7 3 6 6 14 6 3 3 9 7 3 3 6 3 3 3 6 3 6 6 6 6 6 6 6 3 3
split_gain=0.0383028 0.0171749 0.0137099 0.0121012 0.0171534 0.00910606 0.00841061 0.0186923 0.0391364 0.0045602 0.00424948 0.00348004 0.0031918 0.00448061 0.00215884 0.00145659 0.00343516 0.00101674 0.00099819 0.00312262 0.00532356 0.00402412 0.000776062 0.00468996 0.000324815 0.00290478 0.000312345 0.000135047
threshold=1.0000000180025095e-35 0.47875000000000006 52.550000000000004 6.5919899874843564 5.2299154334038063 1.0000000180025095e-35 5.8214066653036198 93.750000000000014 90.15000000000002 21.250000000000004 0.44125000000000009 92.15000000000002 30.450000000000003 6.3786315503665501 85.850000000000009 89.850000000000009 86.65000000000002 7.2684391080617514 78.950000000000017 5.9929577464788748 6.7281223449447767 6.4022471910112371 6.8685175484546894 6.6186826843413433 6.3196594427244595 6.1371473354231982 87.350000000000009 78.65000000000002
decision_type=2 2 2 2 2 2 2 2 2 2 2 2 2 2 2 2 2 2 2 2 2 2 2 2 2 2 2 2
left_child=1 2 12 4 -4 9 -2 8 -8 11 -5 14 13 -1 17 16 -6 18 22 -20 21 -21 23 24 25 -3 27 -11
right_child=6 5 3 10 15 -7 7 -9 -10 26 -12 -13 -14 -15 -16 -17 -18 -19 19 20 -22 -23 -24 -25 -26 -27 -28 -29
leaf_value=0 6.8353323086028513e-05 -0.00046976340983452742 -4.9310008852380749e-07 0.00055771894933747356 0.001056822083797557 -4.9310008852380749e-07 0.0020111731730818871 0.0023706769108615272 -0.00072781148244185283 -4.9310008852380749e-07 -4.9310008852380749e-07 -0.00081642304170064265 -4.9310008852380749e-07 0.00091973448583445 -0.00015912707013326647 0.0014787520711977906 3.9173546339945478e-05 -0.00015912707013326647 -0.00015912707013326647 -0.00025184528106406856 -0.00015912707013326647 -0.0013535480839462378 -0.00077750324971191675 -0.00015912707013326647 -0.00081094810711848067 -0.00015912707013326647 -4.9310008852380749e-07 -0.00015912707013326647
leaf_weight=27 32 118 22 34 37 192 24 26 25 24 50 43 218 23 128 43 25 23 89 37 57 23 43 29 34 20 25 23
leaf_count=27 32 118 22 34 37 192 24 26 25 24 50 43 218 23 128 43 25 23 89 37 57 23 43 29 34 20 25 23
internal_value=1.32085e-05 -5.37346e-05 0.000183309 0.000488443 0.000796414 -0.000184295 0.000926891 0.00122604 0.000513263 -0.000273669 0 -0.000317761 -4.931e-07 0.00040798 -0.000273635 0.00108397 0.000727719 -0.00033643 -0.000354846 -0.000218022 -0.000411817 -0.000758909 -0.000449742 -0.000354409 -0.000480776 -0.000362695 -4.931e-07 -0.000144658
internal_weight=1494 1387 479 211 127 908 107 75 49 716 84 644 268 50 601 105 62 473 450 206 117 60 244 201 172 138 72 47
internal_count=1494 1387 479 211 127 908 107 75 49 716 84 644 268 50 601 105 62 473 450 206 117 60 244 201 172 138 72 47
is_linear=0
shrinkage=0.05


Tree=56
num_leaves=31
num_cat=0
split_feature=8 6 3 15 3 3 3 1 7 3 6 6 1 3 6 6 3 8 8 8 8 8 3 6 3 7 6 6 6 3
split_gain=0.0393397 0.0214727 0.0144759 0.0166327 0.0225835 0.0117798 0.0137495 0.0108036 0.00857494 0.0106546 0.0117144 0.00648676 0.00505668 0.0208973 0.00648201 0.00794571 0.00650166 0.00354031 0.00523047 0.00484424 0.00413471 0.00658475 0.00464898 0.0031511 0.0029616 0.00521787 0.0027889 0.00618541 0.00270664 0.00254743
threshold=7.3600000000000003 5.1583124477861331 51.650000000000013 1.0000000180025095e-35 92.250000000000014 89.850000000000009 91.050000000000011 11.950000000000001 0.44125000000000009 92.15000000000002 6.5235814296241719 6.3086080586080593 12.450000000000001 43.20000000000001 5.3169580068314257 5.5067877453678236 78.050000000000011 36.545000000000009 35.38000000000001 50.475000000000009 14.810000000000002 18.365000000000006 75.550000000000011 5.8927563016581965 79.850000000000009 0.89975000000000016 5.1234756097560981 5.0581473968897912 6.0248687055915982 73.550000000000011
decision_type=2 2 2 2 2 2 2 2 2 2 2 2 2 2 2 2 2 2 2 2 2 2 2 2 2 2 2 2 2 2
left_child=1 -1 -3 8 5 7 -7 -5 -4 10 -10 -11 14 -14 26 16 -16 18 20 28 -17 -22 -23 -9 -24 -26 27 -2 -19 -30
right_child=12 2 3 4 -6 6 -8 23 9 11 -12 -13 13 -15 15 17 -18 19 -20 -21 21 22 24 -25 25 -27 -28 -29 29 -31
leaf_value=-0.00084808460158395597 4.8383987067059992e-05 0 0.0021031233375312973 -0.0003217565207587364 -0.00068178298146366037 0.002124912254655041 0.00011090032438531306 0.0002135265916344372 0.00098832667970554129 0.00034427875393177882 -0.00060874184116313415 0.0014787065053079688 0.00010736123593116906 0.0017477695413156233 -0.001303296557930806 3.6515041684826962e-05 -8.9021063209554846e-05 -5.1559935021728614e-05 0.00010736123593116906 5.0077190637295157e-05 -0.0011583482184999399 0.00010736123593116906 -0.00067487461572438652 0.0010973040487278864 0.00010736123593116906 -0.00058535865257775357 0.00010736123593116906 -0.00081557177593289266 -0.00072594990265321881 -0.000288566390043841
leaf_weight=27 61 78 27 36 37 26 21 20 23 25 20 29 20 20 32 124 32 104 46 78 22 31 45 31 52 36 70 26 72 223
leaf_count=27 61 78 27 36 37 26 21 20 23 25 20 29 20 20 32 124 32 104 46 78 22 31 45 31 52 36 70 26 72 223
internal_value=1.36532e-05 0.000440922 0.000547831 0.000708577 0.000345732 0.000667032 0.00133334 0.000248551 0.00116798 0.00085429 0.000129806 0.00133747 -0.000138025 0.000377073 -0.000162351 -0.00021627 -0.000775248 -0.000167234 -3.13008e-05 -0.000258178 -0.000152856 -0.000305922 -0.000160466 0.00074881 -0.000321398 -8.33284e-05 0.000107361 -0.000153044 -0.000330964 -0.000412471
internal_weight=1494 400 373 295 171 134 47 87 124 97 43 54 1094 40 1054 897 64 833 356 477 310 186 164 51 133 88 157 87 399 295
internal_count=1494 400 373 295 171 134 47 87 124 97 43 54 1094 40 1054 897 64 833 356 477 310 186 164 51 133 88 157 87 399 295
is_linear=0
shrinkage=0.05


Tree=57
num_leaves=28
num_cat=0
split_feature=17 1 9 6 6 3 3 7 14 6 6 6 6 3 3 6 6 6 6 6 3 6 3 3 6 3 6
split_gain=0.0320961 0.0134538 0.01247 0.0123829 0.00727686 0.0160915 0.0356966 0.00587702 0.00740947 0.00359944 0.00347674 0.00337789 0.00241173 0.00834857 0.00316692 0.00225268 0.00189232 0.00123167 0.00407001 0.000623144 0.0013974 0.00240895 0.00211801 0.00300783 0.00206924 0.00204305 0.00113143
threshold=1.0000000180025095e-35 12.350000000000003 25.100000000000005 5.5465467436974807 5.8214066653036198 93.750000000000014 90.15000000000002 0.47125000000000006 1.0000000180025095e-35 5.8366666666666678 7.0036496350364974 5.2851875948818057 7.163170633319889 86.750000000000014 86.350000000000009 6.3431455004205226 7.2684391080617514 6.5636927480916043 6.8870673952641175 7.0036496350364974 69.350000000000009 5.2559846234492413 79.550000000000011 82.250000000000014 5.5298573975044567 83.750000000000014 6.8156843156843179
decision_type=2 2 2 2 2 2 2 2 2 2 2 2 2 2 2 2 2 2 2 2 2 2 2 2 2 2 2
left_child=1 7 9 -4 -2 6 -6 10 12 -3 11 -1 14 16 19 -5 -14 -16 -19 20 -9 -22 24 -24 -23 -25 -26
right_child=4 2 3 15 5 -7 -8 8 -10 -11 -12 -13 13 -15 17 -17 -18 18 -20 -21 21 22 23 25 26 -27 -28
leaf_value=0.00013734955651874788 4.2968723528388867e-05 0.00013734955651874788 0.0016068941762304714 0.00046885320602310068 0.0018946429275950084 0.0021941577464384934 -0.00072186921585900383 -0.00055982373281120135 -5.213079557187821e-05 0.00046885320602310068 0.00013734955651874788 -5.213079557187821e-05 -0.00051462060716281181 -0.0014776652959170775 -5.213079557187821e-05 0.00097382047717896466 -5.213079557187821e-05 -0.00085441855475102638 -5.213079557187821e-05 -5.213079557187821e-05 -5.213079557187821e-05 -0.00059244596553350475 -0.00083862872647948075 -5.213079557187821e-05 -5.213079557187821e-05 -0.00041907603868970985 -0.00040720005638862107
leaf_weight=20 32 41 35 33 24 26 25 76 192 29 88 213 20 20 125 21 25 20 27 37 61 25 47 30 136 45 21
leaf_count=20 32 41 35 33 24 26 25 76 192 29 88 213 20 20 125 21 25 20 27 37 61 25 47 30 136 45 21
internal_value=1.4986e-05 -4.59939e-05 0.00037994 0.000800357 0.000851436 0.00112929 0.000459103 -0.000105241 -0.00017196 0.00013735 6.76979e-05 -5.21308e-05 -0.000260432 -0.000600032 -0.000218693 0.000468853 -9.66967e-05 -5.21308e-05 -0.00030651 -0.000287352 -0.000305381 -0.000238567 -0.000297793 -0.000481747 -0.000146829 -0.000190705 -5.21308e-05
internal_weight=1494 1387 159 89 107 75 49 1228 907 70 321 233 715 65 650 54 45 172 47 478 441 365 304 122 182 75 157
internal_count=1494 1387 159 89 107 75 49 1228 907 70 321 233 715 65 650 54 45 172 47 478 441 365 304 122 182 75 157
is_linear=0
shrinkage=0.05


end of trees

feature_importances:
strength_weight_ratio=397
recyclability_percentage=376
material_eco_strength=329
weight_fragility_interaction=98
biodegradability_score=71
weight_capacity=67
eco_quality_score=58
material_bamboo=52
material_paper=40
material_glass=27
strength=21
strength_weight_product=16
material_jute=14
material_metal=11
shipping_Air=6
weight_squared=4
material_bagasse=4
strength_squared=3
biodegradability_squared=2
fragility_level=1

parameters:
[boosting: gbdt]
[objective: regression]
[metric: rmse]
[tree_learner: serial]
[device_type: cpu]
[data_sample_strategy: bagging]
[data: ]
[valid: ]
[num_iterations: 1000]
[learning_rate: 0.05]
[num_leaves: 31]
[num_threads: 0]
[seed: 0]
[deterministic: 0]
[force_col_wise: 0]
[force_row_wise: 0]
[histogram_pool_size: -1]
[max_depth: -1]
[min_data_in_leaf: 20]
[min_sum_hessian_in_leaf: 0.001]
[bagging_fraction: 0.8]
[pos_bagging_fraction: 1]
[neg_bagging_fraction: 1]
[bagging_freq: 5]
[bagging_seed: 3]
[bagging_by_query: 0]
[feature_fraction: 0.9]
[feature_fraction_bynode: 1]
[feature_fraction_seed: 2]
[extra_trees: 0]
[extra_seed: 6]
[early_stopping_round: 0]
[early_stopping_min_delta: 0]
[first_metric_only: 0]
[max_delta_step: 0]
[lambda_l1: 0.1]
[lambda_l2: 0.1]
[linear_lambda: 0]
[min_gain_to_split: 0]
[drop_rate: 0.1]
[max_drop: 50]
[skip_drop: 0.5]
[xgboost_dart_mode: 0]
[uniform_drop: 0]
[drop_seed: 4]
[top_rate: 0.2]
[other_rate: 0.1]
[min_data_per_group: 100]
[max_cat_threshold: 32]
[cat_l2: 10]
[cat_smooth: 10]
[max_cat_to_onehot: 4]
[top_k: 20]
[monotone_constraints: 1,1,-1,0,1,1,0,-1,0,1,1,1,-1,0,0,0,0,0,0,0,0,0]
[monotone_constraints_method: basic]
[monotone_penalty: 0]
[feature_contri: ]
[forcedsplits_filename: ]
[refit_decay_rate: 0.9]
[cegb_tradeoff: 1]
[cegb_penalty_split: 0]
[cegb_penalty_feature_lazy: ]
[cegb_penalty_feature_coupled: ]
[path_smooth: 0]
[interaction_constraints: ]
[verbosity: -1]
[saved_feature_importance_type: 0]
[use_quantized_grad: 0]
[num_grad_quant_bins: 4]
[quant_train_renew_leaf: 0]
[stochastic_rounding: 1]
[linear_tree: 0]
[max_bin: 255]
[max_bin_by_feature: ]
[min_data_in_bin: 3]
[bin_construct_sample_cnt: 200000]
[data_random_seed: 1]
[is_enable_sparse: 1]
[enable_bundle: 1]
[use_missing: 1]
[zero_as_missing: 0]
[feature_pre_filter: 1]
[pre_partition: 0]
[two_round: 0]
[header: 0]
[label_column: ]
[weight_column: ]
[group_column: ]
[ignore_column: ]
[categorical_feature: ]
[forcedbins_filename: ]
[precise_float_parser: 0]
[parser_config_file: ]
[objective_seed: 5]
[num_class: 1]
[is_unbalance: 0]
[scale_pos_weight: 1]
[sigmoid: 1]
[boost_from_average: 1]
[reg_sqrt: 0]
[alpha: 0.9]
[fair_c: 1]
[poisson_max_delta_step: 0.7]
[tweedie_variance_power: 1.5]
[lambdarank_truncation_level: 30]
[lambdarank_norm: 1]
[label_gain: ]
[lambdarank_position_bias_regularization: 0]
[eval_at: ]
[multi_error_top_k: 1]
[auc_mu_weights: ]
[num_machines: 1]
[local_listen_port: 12400]
[time_out: 120]
[machine_list_filename: ]
[machines: ]
[gpu_platform_id: -1]
[gpu_device_id: -1]
[gpu_use_dp: 0]
[num_gpu: 1]

end of parameters

pandas_categorical:[]
