tree
version=v4
num_class=1
num_tree_per_iteration=1
label_index=0
max_feature_idx=21
objective=regression
feature_names=strength weight_capacity biodegradability_score recyclability_percentage fragility_level strength_weight_product strength_weight_ratio eco_quality_score material_eco_strength weight_fragility_interaction weight_squared strength_squared biodegradability_squared material_bagasse material_bamboo material_glass material_jute material_metal material_paper material_plastic shipping_Air shipping_Ground
monotone_constraints=1 1 -1 0 1 1 0 -1 0 1 1 1 -1 0 0 0 0 0 0 0 0 0
feature_infos=[30:99] [4.2000000000000002:18.300000000000001] [0:1] [25.199999999999999:98] [1:3] [126:1738.5] [3.5294117647058822:11.411764705882353] [0.1615:0.96799999999999997] [0:83.299999999999997] [4.2999999999999998:54.900000000000006] [17.640000000000001:334.89000000000004] [900:9801] [0:1] [0:1] [0:1] [0:1] [0:1] [0:1] [0:1] [0:1] [0:1] [0:1]
tree_sizes=1075 1132 1299 1048 1046 1206 1611 1366 1280 1575 1224 1591 1498 1588 1724 1750 1730 1655 1596 1319 1747 1577 1677 1558 1539 1709 1705 2029 2026 1657 2287 2331 2581 1921 2128 2263 1892 1519 2061 2372 1931 1919 2214 1863 1800 2486 2861 2843 1746 1625 2328 2705 2713 2517 2233 1658 2180 1586 2779 2795 1881 1705 2124 1912 2000 2397 1685 1669 1779 3129 3106 3306 2580 2493 2790

Tree=0
num_leaves=11
num_cat=0
split_feature=2 2 15 2 14 16 1 14 8 9
split_gain=18.0355 3.17597 0.71213 0.313453 0.268085 0.159472 0.0596582 0.0192388 0.00824818 0.0131953
threshold=0.040000000000000008 0.85500000000000009 1.0000000180025095e-35 0.50000000000000011 1.0000000180025095e-35 1.0000000180025095e-35 10.250000000000002 1.0000000180025095e-35 13.945000000000002 19.900000000000002
decision_type=2 2 2 2 2 2 2 2 2 2
left_child=2 3 -1 8 5 -3 7 -5 -2 -10
right_child=1 4 -4 6 -6 -7 -8 -9 9 -11
leaf_value=0.30886179458785745 0.29687778948989957 0.29037807908110175 0.30379071218157117 0.29353880036538132 0.29353880036538132 0.29214598569910272 0.29559567510181278 0.2945685422984709 0.29559567510181278 0.29669827944626365
leaf_weight=130 334 548 223 41 66 254 34 147 25 26
leaf_count=130 334 548 223 41 66 254 34 147 25 26
internal_value=0.295555 0.293133 0.30571 0.295885 0.291192 0.290918 0.294425 0.29404 0.296766 0.295739
internal_weight=1828 1475 353 607 868 802 222 188 385 51
internal_count=1828 1475 353 607 868 802 222 188 385 51
is_linear=0
shrinkage=1


Tree=1
num_leaves=11
num_cat=0
split_feature=2 2 15 2 14 16 1 14 8 9
split_gain=16.2838 2.85937 0.63719 0.284278 0.246798 0.14128 0.0560723 0.017315 0.00757849 0.0121676
threshold=0.040000000000000008 0.85500000000000009 1.0000000180025095e-35 0.50000000000000011 1.0000000180025095e-35 1.0000000180025095e-35 10.250000000000002 1.0000000180025095e-35 13.945000000000002 16.650000000000002
decision_type=2 2 2 2 2 2 2 2 2 2
left_child=2 3 -1 8 5 -3 7 -5 -2 -10
right_child=1 4 -4 6 -6 -7 -8 -9 9 -11
leaf_value=0.012669979712867957 0.0012837001186331125 -0.0048912262611638764 0.0078514710840286561 -0.0018889040582505013 -0.0018889040582505013 -0.003211773502355865 6.2453421663389528e-05 -0.00091024290717182238 6.2453421663389528e-05 0.001045316772492412
leaf_weight=130 334 548 223 41 66 254 34 147 21 30
leaf_count=130 334 548 223 41 66 254 34 147 21 30
internal_value=2.78582e-05 -0.00227289 0.0096777 0.000336889 -0.0041147 -0.00437943 -0.00105194 -0.00142769 0.00117685 0.000181241
internal_weight=1828 1475 353 607 868 802 222 188 385 51
internal_count=1828 1475 353 607 868 802 222 188 385 51
is_linear=0
shrinkage=0.05


Tree=2
num_leaves=13
num_cat=0
split_feature=2 2 15 2 14 16 8 14 8 9 1 3
split_gain=14.7025 2.57379 0.569815 0.257801 0.227333 0.124995 0.0529288 0.0217227 0.00706511 0.0111463 0.00314119 0.000642352
threshold=0.040000000000000008 0.85500000000000009 1.0000000180025095e-35 0.50000000000000011 1.0000000180025095e-35 1.0000000180025095e-35 48.615000000000002 1.0000000180025095e-35 13.945000000000002 16.650000000000002 9.6500000000000004 31.450000000000003
decision_type=2 2 2 2 2 2 2 2 2 2 2 2
left_child=2 3 -1 8 5 -3 7 -5 11 -10 -9 -2
right_child=1 4 -4 6 -6 -7 -8 10 9 -11 -12 -13
leaf_value=0.012037939247221373 0.00050879839356405057 -0.0046467987349664199 0.0074594251654580895 -0.0017950391042623902 -0.0017950391042623902 -0.0030513744336903396 5.6032486096194074e-05 -0.00093062660586049311 5.6032486096194074e-05 0.00099356838382116627 0 0.0013441689242337808
leaf_weight=130 68 548 223 39 66 254 36 122 21 30 25 266
leaf_count=130 68 548 223 39 66 254 36 122 21 30 25 266
internal_value=2.70534e-05 -0.00215873 0.00919681 0.000316117 -0.00390619 -0.00416154 -0.0010049 -0.00138006 0.00111697 0.000149397 -0.000815943 0.00121957
internal_weight=1828 1475 353 607 868 802 222 186 385 51 147 334
internal_count=1828 1475 353 607 868 802 222 186 385 51 147 334
is_linear=0
shrinkage=0.05


Tree=3
num_leaves=10
num_cat=0
split_feature=2 2 15 2 18 14 1 3 0
split_gain=13.1799 2.3366 0.674029 0.225126 0.220302 0.105611 0.0418676 0.00544221 0.000470879
threshold=0.040000000000000008 0.85500000000000009 1.0000000180025095e-35 0.50000000000000011 1.0000000180025095e-35 1.0000000180025095e-35 10.250000000000002 27.650000000000002 58.500000000000007
decision_type=2 2 2 2 2 2 2 2 2
left_child=2 3 -1 7 5 -3 8 -2 -5
right_child=1 4 -4 6 -6 -7 -8 -9 -10
leaf_value=0.011873019202437671 0.00011499485537143968 -0.0033095422433197306 0.0069392977571607478 -0.0012990230163858931 -0.0048234182249148709 -0.0016769234390947901 0.00011499485537143968 0.00117080842094217 -0.00054436645393941732
leaf_weight=125 29 473 228 166 320 65 34 348 22
leaf_count=125 29 473 228 166 320 65 34 348 22
internal_value=6.5442e-05 -0.00202667 0.00873742 0.000346928 -0.00370078 -0.00300285 -0.000878317 0.00110831 -0.00120373
internal_weight=1810 1457 353 599 858 538 222 377 188
internal_count=1810 1457 353 599 858 538 222 377 188
is_linear=0
shrinkage=0.05


Tree=4
num_leaves=10
num_cat=0
split_feature=2 2 15 2 18 14 1 8 0
split_gain=11.8955 2.10917 0.603612 0.202266 0.198317 0.0974583 0.0387793 0.011893 0.000505895
threshold=0.040000000000000008 0.85500000000000009 1.0000000180025095e-35 0.50000000000000011 1.0000000180025095e-35 1.0000000180025095e-35 10.250000000000002 14.810000000000002 58.500000000000007
decision_type=2 2 2 2 2 2 2 2 2
left_child=2 3 -1 7 5 -3 8 -2 -5
right_child=1 4 -4 6 -6 -7 -8 -9 -10
leaf_value=0.011280789353244799 0.0011524105066054468 -0.0031441700576560387 0.0065927886193805005 -0.001234189011069755 -0.00458247328343994 -0.0015909981292620862 0.0001129346475482575 0.0001129346475482575 -0.00051517696784908939
leaf_weight=125 338 473 228 166 320 65 34 39 22
leaf_count=125 338 473 228 166 320 65 34 39 22
internal_value=6.44628e-05 -0.00192268 0.00830347 0.000331321 -0.00351332 -0.00284732 -0.000828001 0.00105387 -0.00114329
internal_weight=1810 1457 353 599 858 538 222 377 188
internal_count=1810 1457 353 599 858 538 222 377 188
is_linear=0
shrinkage=0.05


Tree=5
num_leaves=12
num_cat=0
split_feature=2 2 15 2 18 14 5 14 8 3 8
split_gain=10.7366 1.90357 0.54028 0.181591 0.178504 0.0899765 0.036129 0.0125123 0.0105884 0.0010442 0.000385889
threshold=0.040000000000000008 0.85500000000000009 1.0000000180025095e-35 0.50000000000000011 1.0000000180025095e-35 1.0000000180025095e-35 562.30000000000007 1.0000000180025095e-35 14.810000000000002 80.450000000000017 50.010000000000005
decision_type=2 2 2 2 2 2 2 2 2 2 2
left_child=2 3 -1 8 5 10 7 -5 -2 -8 -3
right_child=1 4 -4 6 -6 -7 9 -9 -10 -11 -12
leaf_value=0.010718100641929178 0.001094841081802542 -0.0031192772713605991 0.0062635824421646688 -0.0015095292580709874 -0.0043535641850185438 -0.0015095292580709874 0 -0.0006442693032855662 0.00011071665133605044 0.00011071665133605044 -0.0017725589086891092
leaf_weight=125 338 415 228 39 320 65 24 139 39 20 58
leaf_count=125 338 415 228 39 320 65 24 139 39 20 58
internal_value=6.34187e-05 -0.00182402 0.00789118 0.000316174 -0.00333523 -0.00269958 -0.000780235 -0.0011201 0.00100167 0.000110717 -0.00298706
internal_weight=1810 1457 353 599 858 538 222 178 377 44 473
internal_count=1810 1457 353 599 858 538 222 178 377 44 473
is_linear=0
shrinkage=0.05


Tree=6
num_leaves=17
num_cat=0
split_feature=2 2 15 18 2 14 8 9 9 3 8 3 2 3 8 3
split_gain=9.7132 1.57966 0.462655 0.243685 0.105259 0.104533 0.0441553 0.00559793 0.00495478 0.00655009 0.014355 0.0215176 0.00416909 0.00219084 0.00169404 0.0011341
threshold=0.040000000000000008 0.84500000000000008 1.0000000180025095e-35 1.0000000180025095e-35 0.50000000000000011 1.0000000180025095e-35 50.680000000000007 10.450000000000001 8.7500000000000018 48.000000000000007 5.9300000000000006 45.350000000000001 0.95500000000000007 71.350000000000009 9.7100000000000026 82.250000000000014
decision_type=2 2 2 2 2 2 2 2 2 2 2 2 2 2 2 2
left_child=2 4 -1 5 8 6 -3 -6 14 10 -10 -12 -8 -9 -2 -15
right_child=1 3 -4 -5 7 -7 12 13 9 -11 11 -13 -14 15 -16 -17
leaf_value=0.010103862021916259 0.00045501069721061866 -0.0028776898037800643 0.0059417614779260766 -0.0041680601052995437 -0.0011216214707602732 -0.001331197671136546 -0.001331197671136546 0 0.00050254098416187894 0.0014550807854968562 0.00113535429476673 0.00050254098416187894 -0.0018171913640193705 -0.00049124545894843716 9.0573465952486015e-05 0
leaf_weight=126 21 453 223 335 63 82 27 26 49 91 165 26 35 50 21 20
leaf_count=126 21 453 223 335 63 82 27 26 49 91 165 26 35 50 21 20
internal_value=0 -0.00178439 0.00749474 -0.00302673 0.000364338 -0.00235941 -0.00267698 -0.000660351 0.000841498 0.000914509 0.000645559 0.000881008 -0.0013312 -0.000199328 9.05735e-05 -0.000363781
internal_weight=1813 1464 349 932 532 597 515 159 373 331 240 191 62 96 42 70
internal_count=1813 1464 349 932 532 597 515 159 373 331 240 191 62 96 42 70
is_linear=0
shrinkage=0.05


Tree=7
num_leaves=14
num_cat=0
split_feature=2 2 15 18 2 14 1 14 9 8 3 3 8
split_gain=8.77031 1.42217 0.413469 0.154486 0.150439 0.0699547 0.027599 0.0117515 0.00445646 0.00626213 0.00398938 0.018612 0.00159427
threshold=0.040000000000000008 0.85500000000000009 1.0000000180025095e-35 1.0000000180025095e-35 0.50000000000000011 1.0000000180025095e-35 10.250000000000002 1.0000000180025095e-35 8.7500000000000018 5.160000000000001 50.95000000000001 46.550000000000004 9.7100000000000026
decision_type=2 2 2 2 2 2 2 2 2 2 2 2 2
left_child=2 4 -1 5 8 -3 7 -6 12 -10 11 -11 -2
right_child=1 3 -4 -5 6 -7 -8 -9 9 10 -12 -13 -14
leaf_value=0.0095998690671546313 0.00043028199057753398 -0.0026651036755836474 0.0056450725727632441 -0.0039410092189346851 -0.001418589220983307 -0.001418589220983307 -1.9380274692501043e-05 -0.00062742240864360234 0.00043028199057753398 0.00099398107161686447 0.0017334578309771021 0.00043028199057753398 0
leaf_weight=126 21 479 223 321 42 65 33 151 55 186 50 40 21
leaf_count=126 21 479 223 321 42 65 33 151 55 186 50 40 21
internal_value=0 -0.00169442 0.00712284 -0.0029918 0.000154623 -0.00240228 -0.000830849 -0.00107996 0.000792088 0.000860564 0.00099081 0.000758143 0
internal_weight=1813 1464 349 865 599 544 226 193 373 331 276 226 42
internal_count=1813 1464 349 865 599 544 226 193 373 331 276 226 42
is_linear=0
shrinkage=0.05


Tree=8
num_leaves=13
num_cat=0
split_feature=2 2 15 18 2 14 1 14 8 9 8 3
split_gain=7.92139 1.27708 0.36927 0.139138 0.136471 0.0645352 0.0260762 0.0105318 0.00496228 0.00962729 0.00447306 0.00225704
threshold=0.040000000000000008 0.85500000000000009 1.0000000180025095e-35 1.0000000180025095e-35 0.50000000000000011 1.0000000180025095e-35 10.250000000000002 1.0000000180025095e-35 13.945000000000002 19.900000000000002 5.160000000000001 43.20000000000001
decision_type=2 2 2 2 2 2 2 2 2 2 2 2
left_child=2 4 -1 5 8 -3 7 -6 10 -10 11 -2
right_child=1 3 -4 -5 6 -7 -8 -9 9 -11 -12 -13
leaf_value=0.0091210158558758542 0 -0.002531931929834311 0.0053631979305173265 -0.0037441426075338724 -0.0013494383801479308 -0.0013494383801479308 -2.3789960662715107e-05 -0.00059611349511698832 -2.3789960662715107e-05 0.00096385559884338038 0.00094480114496845065 0.00046418878017788051
leaf_weight=126 33 479 223 321 42 65 33 151 26 25 260 29
leaf_count=126 33 479 223 321 42 65 33 151 26 25 260 29
internal_value=0 -0.00161017 0.0067695 -0.00283961 0.000140731 -0.00227654 -0.000796611 -0.00104004 0.000749031 0 0.000829649 0.000103757
internal_weight=1813 1464 349 865 599 544 226 193 373 51 322 62
internal_count=1813 1464 349 865 599 544 226 193 373 51 322 62
is_linear=0
shrinkage=0.05


Tree=9
num_leaves=16
num_cat=0
split_feature=8 2 17 2 18 14 1 7 3 0 0 3 3 3 3
split_gain=7.10079 1.21001 0.258269 0.13003 0.122168 0.0588085 0.0304363 0.0112796 0.0163756 0.00244778 0.00237094 0.000632301 0.000906792 0.00824495 0.00464822
threshold=2.7650000000000006 0.85500000000000009 1.0000000180025095e-35 0.50000000000000011 1.0000000180025095e-35 1.0000000180025095e-35 10.250000000000002 0.30825000000000008 50.95000000000001 52.500000000000007 58.500000000000007 43.20000000000001 30.450000000000003 27.650000000000002 31.850000000000005
decision_type=2 2 2 2 2 2 2 2 2 2 2 2 2 2 2
left_child=2 3 -1 7 5 9 10 11 -9 -3 -5 12 13 -2 -14
right_child=1 4 -4 6 -6 -7 -8 8 -10 -11 -12 -13 14 -15 -16
leaf_value=0.0051270980996161739 0.00061017285840813664 -0.0025316175466534394 0.0083300998597207777 -0.0010810322286649444 -0.0035541109282921837 -0.0012643224312925124 2.2455840649978276e-05 2.2455840649978276e-05 0.00061017285840813664 -0.0012847150595080728 -0.0004876847293926904 0.0015642142030104216 0.00061017285840813664 0.0018610516784675739 0.00065030042140224722
leaf_weight=228 25 429 129 177 326 64 32 66 63 58 20 59 20 35 107
leaf_count=228 25 429 129 177 326 64 32 66 63 58 20 59 20 35 107
internal_value=0 -0.00152038 0.00633249 0.000178592 -0.00270724 -0.00217731 -0.000726492 0.000771403 0.000222765 -0.00241478 -0.000997825 0.000997581 0.000736499 0.00123674 0.000610173
internal_weight=1838 1481 357 604 877 551 229 375 129 487 197 246 187 60 127
internal_count=1838 1481 357 604 877 551 229 375 129 487 197 246 187 60 127
is_linear=0
shrinkage=0.05


Tree=10
num_leaves=12
num_cat=0
split_feature=2 2 15 2 18 14 1 7 3 0 3
split_gain=6.40999 1.10021 0.223788 0.117836 0.109579 0.0547621 0.0283355 0.0103951 0.0152661 0.00234526 0.00173256
threshold=0.040000000000000008 0.85500000000000009 1.0000000180025095e-35 0.50000000000000011 1.0000000180025095e-35 1.0000000180025095e-35 10.250000000000002 0.30825000000000008 50.95000000000001 58.500000000000007 80.550000000000011
decision_type=2 2 2 2 2 2 2 2 2 2 2
left_child=2 3 -1 7 5 10 9 -2 -9 -5 -3
right_child=1 4 -4 6 -6 -7 -8 8 -10 -11 -12
leaf_value=0.0079145612603533141 0.00095674306007219919 -0.0020166916974653478 0.0048938983538383725 -0.0010270720708826888 -0.0033765686911805082 -0.0011963221898542388 2.8819100425754324e-05 2.8819100425754324e-05 0.00058203495004589074 -0.00045902205608159869 -0.0028806871094818479
leaf_weight=129 248 348 226 177 326 64 32 66 63 20 139
leaf_count=129 248 348 226 177 326 64 32 66 63 20 139
internal_value=0 -0.0014375 0.00603952 0.000177801 -0.00257045 -0.00206472 -0.000682798 0.000740436 0.000207327 -0.000946863 -0.0022957
internal_weight=1838 1483 355 606 877 551 229 377 129 197 487
internal_count=1838 1483 355 606 877 551 229 377 129 197 487
is_linear=0
shrinkage=0.05


Tree=11
num_leaves=16
num_cat=0
split_feature=8 2 17 2 14 16 1 14 7 3 9 3 3 3 3
split_gain=5.78666 0.987089 0.20377 0.103892 0.0987765 0.065319 0.0263005 0.00884023 0.00873186 0.0141747 0.00306627 0.000843291 0.000705148 0.00843943 0.00347404
threshold=2.7650000000000006 0.85500000000000009 1.0000000180025095e-35 0.50000000000000011 1.0000000180025095e-35 1.0000000180025095e-35 10.250000000000002 1.0000000180025095e-35 0.30825000000000008 50.95000000000001 11.550000000000002 43.20000000000001 30.450000000000003 27.650000000000002 31.850000000000005
decision_type=2 2 2 2 2 2 2 2 2 2 2 2 2 2 2
left_child=2 3 -1 8 5 -3 7 -5 11 -10 -9 12 13 -2 -14
right_child=1 4 -4 6 -6 -7 -8 10 9 -11 -12 -13 14 -15 -16
leaf_value=0.0046284314258039595 0.00054527804826089968 -0.0029647547089144337 0.0075197514338160984 -0.0011383270188404112 -0.0011383270188404112 -0.0017872053647190009 2.7165655393273162e-05 -0.00092776062152461641 2.7165655393273162e-05 0.00054527804826089968 -0.0004356505833445325 0.0014388039906809192 0.00054527804826089968 0.0017213593036590658 0.00057017290033834042
leaf_weight=228 25 557 129 43 64 256 32 68 66 63 86 59 20 35 107
leaf_count=228 25 557 129 43 64 256 32 68 66 63 86 59 20 35 107
internal_value=1.0492e-06 -0.00136842 0.00572061 0.000163873 -0.00244053 -0.0026132 -0.000641357 -0.000898467 0.000695688 0.000192412 -0.000474522 0.000898144 0.000645445 0.00112248 0.000545278
internal_weight=1838 1481 357 604 877 813 229 197 375 129 154 246 187 60 127
internal_count=1838 1481 357 604 877 813 229 197 375 129 154 246 187 60 127
is_linear=0
shrinkage=0.05


Tree=12
num_leaves=15
num_cat=0
split_feature=2 2 15 14 2 16 1 9 2 3 14 3 3 9
split_gain=5.24416 0.848028 0.183315 0.101101 0.0804363 0.0467995 0.0229029 0.00766819 0.0142032 0.00924028 0.00694116 0.00482488 0.0119561 0.00165554
threshold=0.040000000000000008 0.85500000000000009 1.0000000180025095e-35 1.0000000180025095e-35 0.50000000000000011 1.0000000180025095e-35 10.250000000000002 16.650000000000002 0.18500000000000003 31.850000000000005 1.0000000180025095e-35 36.900000000000006 42.150000000000013 11.550000000000002
decision_type=2 2 2 2 2 2 2 2 2 2 2 2 2 2
left_child=2 4 -1 5 7 -3 10 8 9 -2 -6 -9 -13 -12
right_child=1 3 -4 -5 6 -7 -8 11 -10 -11 13 12 -14 -15
leaf_value=0.0072103748170097284 0.00024654768466981814 -0.0027993458027912384 0.0044284276614387314 -0.001098685684156186 -0.001098685684156186 -0.001748878695903251 -2.1502485605529206e-05 0.0013645660557275753 -2.1502485605529206e-05 0.00051459785494516544 -0.0008910350405218581 0.00051459785494516544 0.00090154709515198042 -0.00044344322830983872
leaf_weight=129 31 546 221 65 42 257 34 64 58 92 64 37 100 83
leaf_count=129 31 546 221 65 42 257 34 64 58 92 64 37 100 83
internal_value=0 -0.00130434 0.00550189 -0.00230652 0.000109149 -0.0024826 -0.000613262 0.000570257 0.000208397 0.000514598 -0.000865384 0.000820799 0.000514598 -0.000455273
internal_weight=1823 1473 350 868 605 803 223 382 181 123 189 201 137 147
internal_count=1823 1473 350 868 605 803 223 382 181 123 189 201 137 147
is_linear=0
shrinkage=0.05


Tree=13
num_leaves=16
num_cat=0
split_feature=2 2 15 14 2 16 8 14 9 9 2 3 3 3 5
split_gain=4.73582 0.761985 0.162391 0.096842 0.0719871 0.0408166 0.0218573 0.0108692 0.00794991 0.00652046 0.0132872 0.00851234 0.00448083 0.0111221 9.23666e-06
threshold=0.040000000000000008 0.85500000000000009 1.0000000180025095e-35 1.0000000180025095e-35 0.50000000000000011 1.0000000180025095e-35 48.615000000000002 1.0000000180025095e-35 10.450000000000001 16.650000000000002 0.18500000000000003 31.850000000000005 36.900000000000006 42.150000000000013 450.15000000000003
decision_type=2 2 2 2 2 2 2 2 2 2 2 2 2 2 2
left_child=2 4 -1 5 9 -3 7 -6 -9 10 11 -2 -11 -14 -10
right_child=1 3 -4 -5 6 -7 -8 8 14 12 -12 -13 13 -15 -16
leaf_value=0.0068506925867233715 0.00023033268533784431 -0.0026594553757274811 0.0042073063247269407 -0.0010442068529853115 -0.0010442068529853115 -0.0016615367540198326 -2.2115048688152754e-05 -0.00083622692850130712 -2.7426478451265387e-05 0.0012966560706797507 -2.2115048688152754e-05 0.00048278041936384132 0.00048278041936384132 0.00085660455983068524 -2.2115048688152754e-05
leaf_weight=129 31 546 221 65 40 257 36 57 54 64 58 92 37 100 36
leaf_count=129 31 546 221 65 40 257 36 57 54 64 58 92 37 100 36
internal_value=0 -0.00123851 0.00522944 -0.00218851 0.000100099 -0.00235948 -0.000581755 -0.0008355 -0.000369855 0.000537525 0.000193577 0.00048278 0.000771984 0.00048278 -2.2115e-05
internal_weight=1823 1473 350 868 605 803 223 187 147 382 181 123 201 137 90
internal_count=1823 1473 350 868 605 803 223 187 147 382 181 123 201 137 90
is_linear=0
shrinkage=0.05


Tree=14
num_leaves=18
num_cat=0
split_feature=8 2 17 14 2 16 8 14 9 3 7 8 6 6 3 3 5
split_gain=4.27884 0.677519 0.147667 0.092474 0.0643986 0.0354877 0.0208624 0.00977294 0.0071003 0.00640004 0.0175908 0.0126421 0.0109553 0.0163316 0.00399458 7.03223e-05 3.75967e-07
threshold=2.7650000000000006 0.85500000000000009 1.0000000180025095e-35 1.0000000180025095e-35 0.50000000000000011 1.0000000180025095e-35 48.615000000000002 1.0000000180025095e-35 10.450000000000001 48.000000000000007 0.30825000000000008 5.9300000000000006 5.7318352059925095 6.8903903903903911 39.600000000000009 77.250000000000014 450.15000000000003
decision_type=2 2 2 2 2 2 2 2 2 2 2 2 2 2 2 2 2
left_child=2 4 -1 5 9 -3 7 -6 -9 10 11 -2 -11 -14 -13 -7 -10
right_child=1 3 -4 -5 6 15 -8 8 16 12 -12 14 13 -15 -16 -17 -18
leaf_value=0.0039784376551246997 0.00024740233622385824 -0.0025265556473731549 0.0065089527204235153 -0.00099711162256200169 -0.00099711162256200169 -0.001755084431553793 -3.0905051049933415e-05 -0.00079463444833837143 -3.0905051049933415e-05 0 -3.0905051049933415e-05 0.00042624622553471506 0.0017636486846989736 0 0.0014087971099856682 -0.00099711162256200169 -3.0905051049933415e-05
leaf_weight=223 59 546 129 65 40 204 36 57 54 25 42 132 50 29 43 53 36
leaf_count=223 59 546 129 65 40 204 36 57 54 25 42 132 50 29 43 53 36
internal_value=0 -0.00118151 0.00495314 -0.0020764 8.21766e-05 -0.00224252 -0.000561042 -0.000811018 -0.000352902 0.000499232 0.000285646 0.00052571 0.000919788 0.00120752 0.000755238 -0.00157856 -3.09051e-05
internal_weight=1823 1471 352 868 603 803 223 187 147 380 276 234 104 79 175 257 90
internal_count=1823 1471 352 868 603 803 223 187 147 380 276 234 104 79 175 257 90
is_linear=0
shrinkage=0.05


Tree=15
num_leaves=18
num_cat=0
split_feature=2 2 15 14 0 8 18 1 8 7 0 3 9 3 9 3 3
split_gain=4.01891 0.65915 0.162537 0.12248 0.0538976 0.0475795 0.0364452 0.0147431 0.0106704 0.00883583 0.0233326 0.0146968 0.00853096 0.00643126 0.00111668 0.00223875 3.47424e-05
threshold=0.040000000000000008 0.84500000000000008 1.0000000180025095e-35 1.0000000180025095e-35 57.500000000000007 14.810000000000002 1.0000000180025095e-35 12.550000000000002 1.0000000180025095e-35 0.31775000000000003 63.500000000000007 52.550000000000004 9.6500000000000004 31.450000000000003 23.300000000000001 52.550000000000004 73.350000000000009
decision_type=2 2 2 2 2 2 2 2 2 2 2 2 2 2 2 2 2
left_child=2 5 -1 4 6 9 -3 8 -4 13 11 -11 -7 -2 15 -14 -17
right_child=1 3 7 -5 -6 12 -8 -9 -10 10 -12 -13 14 -15 -16 16 -18
leaf_value=0.0064158601715711807 0.00038445928546522955 -0.001804265751487958 0.0018415570821375454 -0.00083623590245970674 -0.00083623590245970674 -0.00083623590245970674 -0.0026904973065251542 0.004493669607042553 0.0033444142999912371 -0.00083623590245970674 0.00038445928546522955 -0.00014941588725993519 -0.00041811795122985337 0.00096569644252101185 6.4331156632024006e-05 -4.533155075754198e-05 -7.2802371866492743e-05
leaf_weight=128 67 494 21 84 23 58 338 125 83 32 33 21 21 192 34 38 51
leaf_count=128 67 494 21 84 23 58 338 125 83 32 33 21 21 192 34 38 51
internal_value=2.51442e-05 -0.00111127 0.00479439 -0.00191669 -0.00211221 0.000244219 -0.00218316 0.00381544 0.00284586 0.00061645 0 -0.000683291 -0.000317347 0.000768919 0 -0.000154994 -4.53316e-05
internal_weight=1843 1486 357 939 855 547 832 229 104 345 86 53 202 259 144 110 89
internal_count=1843 1486 357 939 855 547 832 229 104 345 86 53 202 259 144 110 89
is_linear=0
shrinkage=0.05


Tree=16
num_leaves=18
num_cat=0
split_feature=2 2 15 14 0 8 18 9 1 8 3 6 6 9 3 3 3
split_gain=3.62505 0.592781 0.14419 0.116128 0.0511064 0.0435485 0.0316548 0.0135756 0.0118853 0.009297 0.00736814 0.00773336 0.00781521 0.00606086 0.00315185 0.00138143 0.000132183
threshold=0.040000000000000008 0.84500000000000008 1.0000000180025095e-35 1.0000000180025095e-35 57.500000000000007 13.945000000000002 1.0000000180025095e-35 10.350000000000003 12.550000000000002 1.0000000180025095e-35 31.450000000000003 5.5067877453678236 5.1986842105263174 15.750000000000002 46.550000000000004 67.950000000000017 73.350000000000009
decision_type=2 2 2 2 2 2 2 2 2 2 2 2 2 2 2 2 2
left_child=2 5 -1 4 6 10 -3 -7 9 -4 13 12 -12 -2 -9 -16 -17
right_child=1 3 8 -5 -6 7 -8 14 -10 -11 11 -13 -14 -15 15 16 -18
leaf_value=0.0060958174489937943 -0.00038411965326286192 -0.0017141072271437347 0.0017522144861970826 -0.00079202288232513773 -0.00079202288232513773 -0.00079202288232513773 -0.0025560916390847013 0.0004382167126112633 0.0042695240964198819 0.0031777958550556411 0.00088486366450051554 0.00087826579807616422 -0.00023923020273672815 0.00054245240852934611 -0.00039601144116256887 5.1031116718696218e-05 -6.4197667451339216e-05
leaf_weight=128 30 494 21 84 23 70 338 32 125 83 22 207 36 36 24 28 62
leaf_count=128 30 494 21 84 23 70 338 32 125 83 22 207 36 36 24 28 62
internal_value=2.67051e-05 -0.00105218 0.00455661 -0.00181607 -0.00200582 0.000232029 -0.00207498 -0.000273581 0.00362399 0.00269425 0.000607199 0.000727904 0 0 0 -0.000121125 0
internal_weight=1843 1486 357 939 855 547 832 216 229 104 331 265 58 66 146 114 90
internal_count=1843 1486 357 939 855 547 832 216 229 104 331 265 58 66 146 114 90
is_linear=0
shrinkage=0.05


Tree=17
num_leaves=17
num_cat=0
split_feature=2 2 15 14 8 1 16 1 8 7 0 3 3 8 1 3
split_gain=3.2705 0.532997 0.127756 0.0861732 0.058273 0.0335078 0.0303015 0.0093863 0.00879111 0.00768443 0.0218999 0.0143076 0.00567218 0.00486598 0.0012935 0.000613622
threshold=0.040000000000000008 0.85500000000000009 1.0000000180025095e-35 1.0000000180025095e-35 14.810000000000002 11.250000000000002 1.0000000180025095e-35 12.550000000000002 1.0000000180025095e-35 0.31775000000000003 63.500000000000007 52.550000000000004 31.450000000000003 48.615000000000002 8.8500000000000032 77.250000000000014
decision_type=2 2 2 2 2 2 2 2 2 2 2 2 2 2 2 2
left_child=2 4 -1 6 9 13 -3 8 -4 12 11 -11 -2 14 -6 -8
right_child=1 3 7 -5 5 -7 15 -9 -10 10 -12 -13 -14 -15 -16 -17
leaf_value=0.0057917390309603746 0.00035001936645001554 -0.0022087148656609458 0.0016669732087044406 -0.00084032914143771864 -0.00084032914143771864 0.00083126702635182123 -0.0014946255256901362 0.0040565589750564679 0.0030194782913895331 -0.00084032914143771864 0.00035001936645001554 -0.00016854764632067744 0.0008817106911890041 0 -0.00015183620649271971 -0.00084032914143771864
leaf_weight=128 67 551 21 67 144 36 205 125 83 32 33 21 192 24 64 50
leaf_count=128 67 551 21 67 144 36 205 125 83 32 33 21 192 24 64 50
internal_value=2.76213e-05 -0.000996727 0.00433067 -0.00179111 0.000110447 -0.00041092 -0.00194955 0.00344208 0.00255017 0.000558897 0 -0.000687115 0.000700039 -0.000669069 -0.000746748 -0.00132887
internal_weight=1843 1486 357 873 613 268 806 229 104 345 86 53 259 232 208 255
internal_count=1843 1486 357 873 613 268 806 229 104 345 86 53 259 232 208 255
is_linear=0
shrinkage=0.05


Tree=18
num_leaves=16
num_cat=0
split_feature=8 2 14 17 7 10 3 8 6 6 10 3 6 6 6
split_gain=2.81252 0.451581 0.0812788 0.0725926 0.0497023 0.0563225 0.0222106 0.00509762 0.00651327 0.00488469 0.00459513 0.00343899 0.00135749 0.00110415 0.0109606
threshold=2.7650000000000006 0.85500000000000009 1.0000000180025095e-35 1.0000000180025095e-35 0.31775000000000003 78.325000000000031 80.250000000000014 14.810000000000002 5.5067877453678236 5.1986842105263174 157.50500000000002 49.20000000000001 7.2767145135566205 5.7187780772686443 6.3676588897827857
decision_type=2 2 2 2 2 2 2 2 2 2 2 2 2 2 2
left_child=3 4 6 10 7 12 -3 8 9 -2 -1 -7 -6 -10 -15
right_child=1 2 -4 -5 5 11 -8 -9 13 -11 -12 -13 -14 14 -16
leaf_value=0.0024437316708545332 0.00089032695794854079 -0.0014553956947594752 -0.00079240801101854825 0.0052169709760063014 -0.00079240801101854825 -0.00031892697828923356 -0.0022003959992628447 0.00015455405444008113 0.0017438555171821815 0.00015455405444008113 0.0038462358144099301 0.00015455405444008113 -0.00031892697828923356 0.00015455405444008113 0.00092313481221370497
leaf_weight=104 21 422 67 126 151 33 380 20 22 28 125 118 24 70 111
leaf_count=104 21 422 67 126 151 33 380 20 22 28 125 118 24 70 111
internal_value=1.31583e-05 -0.000945096 -0.00167359 0.00401272 8.87786e-05 -0.000297295 -0.00182778 0.000606403 0.000670304 0.000154554 0.00327874 0.000154554 -0.000792408 0.000802177 0.000602287
internal_weight=1822 1467 869 355 598 326 802 272 252 49 229 151 175 203 181
internal_count=1822 1467 869 355 598 326 802 272 252 49 229 151 175 203 181
is_linear=0
shrinkage=0.05


Tree=19
num_leaves=13
num_cat=0
split_feature=2 2 14 15 7 1 3 8 3 8 3 1
split_gain=2.54143 0.409444 0.0776976 0.0605574 0.0452009 0.0526056 0.0190061 0.00482355 0.00303976 0.0024126 0.0025653 0.000641953
threshold=0.040000000000000008 0.85500000000000009 1.0000000180025095e-35 1.0000000180025095e-35 0.31775000000000003 8.8500000000000032 80.250000000000014 14.810000000000002 49.20000000000001 5.160000000000001 43.20000000000001 12.550000000000002
decision_type=2 2 2 2 2 2 2 2 2 2 2 2
left_child=3 4 6 -1 7 -6 -3 9 -7 10 -2 -5
right_child=1 2 -4 11 5 8 -8 -9 -10 -11 -12 -13
leaf_value=0.0049567418585156082 0.00015056172486379834 -0.0013826776250621593 -0.0007493397824626239 0.0023390972136518944 -0.0007493397824626239 -0.00029938902879941278 -0.0020904629973001881 0.00015056172486379834 0.00015056172486379834 0.00075764975711298916 0.00049231738239882748 0.0036543846000228427
leaf_weight=126 30 422 67 102 175 33 380 20 118 195 29 125
leaf_count=126 30 422 67 102 175 33 380 20 118 195 29 125
internal_value=1.4612e-05 -0.000892665 -0.00158712 0.00383023 8.84421e-05 -0.000278969 -0.00173739 0.000580092 0.000150562 0.00064203 0.000150562 0.00313323
internal_weight=1822 1469 869 353 600 326 802 274 151 254 59 227
internal_count=1822 1469 869 353 600 326 802 274 151 254 59 227
is_linear=0
shrinkage=0.05


Tree=20
num_leaves=18
num_cat=0
split_feature=8 2 14 17 7 1 18 8 6 6 3 3 8 6 6 6 8
split_gain=2.29628 0.366318 0.0730874 0.0540824 0.0393783 0.0489203 0.0171891 0.00442526 0.00645435 0.0038135 0.0024025 0.00181723 0.0116437 0.00143931 0.0262997 0.00115953 0.000709736
threshold=2.7650000000000006 0.85500000000000009 1.0000000180025095e-35 1.0000000180025095e-35 0.31775000000000003 8.8500000000000032 1.0000000180025095e-35 14.810000000000002 5.5067877453678236 5.1986842105263174 49.20000000000001 43.20000000000001 5.9300000000000006 6.8790584415584428 7.1486643437862964 7.2767145135566205 50.010000000000005
decision_type=2 2 2 2 2 2 2 2 2 2 2 2 2 2 2 2 2
left_child=3 4 6 13 7 15 16 8 9 -2 -7 12 -10 -1 -15 -6 -3
right_child=1 2 -4 -5 5 10 -8 -9 11 -11 -12 -13 -14 14 -16 -17 -18
leaf_value=0.003283950324716468 0.00081175943670418335 -0.0014336626050609948 -0.00071244038812272412 0.0047094934619778825 -0.00071244038812272412 -0.00028555428123918253 -0.0020532787192288258 0.00014133182564435905 0.00014133182564435905 0.00014133182564435905 0.00014133182564435905 0.001222439814703523 0.00070686480233871335 0 0.0026332161993584567 -0.00028555428123918253 -0.00071244038812272412
leaf_weight=168 21 432 67 126 151 33 317 20 29 28 118 57 117 22 39 24 53
leaf_count=168 21 432 67 126 151 33 317 20 29 28 118 57 117 22 39 24 53
internal_value=1.63087e-05 -0.00084874 -0.00150498 0.00363095 8.01016e-05 -0.000260083 -0.00165152 0.000542747 0.000602812 0.000141332 0.000141332 0.000731559 0.000435271 0.00296671 0.00183651 -0.00071244 -0.00135691
internal_weight=1822 1467 869 355 598 326 802 272 252 49 151 203 146 229 61 175 485
internal_count=1822 1467 869 355 598 326 802 272 252 49 151 203 146 229 61 175 485
is_linear=0
shrinkage=0.05


Tree=21
num_leaves=16
num_cat=0
split_feature=8 2 0 17 14 7 0 3 3 3 1 6 1 3 3
split_gain=2.05771 0.332202 0.0801729 0.0718298 0.0396047 0.0277091 0.0266546 0.0193728 0.0087741 0.00732881 0.00626115 0.0045532 0.00446059 0.00258775 0.0216279
threshold=2.6700000000000004 0.84500000000000008 54.500000000000007 1.0000000180025095e-35 1.0000000180025095e-35 0.30825000000000008 63.500000000000007 80.950000000000017 27.650000000000002 82.450000000000017 9.7500000000000018 5.5067877453678236 12.550000000000002 39.600000000000009 30.450000000000003
decision_type=2 2 2 2 2 2 2 2 2 2 2 2 2 2 2
left_child=3 5 4 12 7 8 9 -3 -2 10 -7 -10 -1 14 -13
right_child=1 2 -4 -5 -6 6 -8 -9 11 -11 -12 13 -14 -15 -16
leaf_value=0.002004626595970475 0.00019810839807977602 -0.0012977275310730311 -0.00061360802003997226 0.0047230915021625949 -0.0010782330201742425 -0.00061360802003997226 0.00019810839807977602 -0.0019983009100343059 0.00019810839807977602 -0.00014939330965428824 -0.00014939330965428824 0.0015580301790839375 0.0033339250983649713 0.0011894649207684757 0.00019810839807977602
leaf_weight=101 28 432 87 119 43 158 64 372 45 22 40 30 117 72 82
leaf_count=101 28 432 87 119 43 158 64 372 45 22 40 30 117 72 82
internal_value=0 -0.00080786 -0.00138052 0.00352091 -0.00154286 0.000153303 -0.000146795 -0.00164115 0.000543012 -0.000496895 -0.00060762 0.000656791 0.00279037 0.000779815 0.000380424
internal_weight=1812 1475 934 337 847 541 284 804 257 220 198 229 218 184 112
internal_count=1812 1475 934 337 847 541 284 804 257 220 198 229 218 184 112
is_linear=0
shrinkage=0.05


Tree=22
num_leaves=17
num_cat=0
split_feature=8 2 18 17 14 8 7 0 3 3 10 6 10 3 3 8
split_gain=1.85715 0.298285 0.0815432 0.0624214 0.0382556 0.0390082 0.0241693 0.0247712 0.00821598 0.00696139 0.00575146 0.0041213 0.00243662 0.00220758 0.0198076 0.000634016
threshold=2.6700000000000004 0.84500000000000008 1.0000000180025095e-35 1.0000000180025095e-35 1.0000000180025095e-35 49.435000000000009 0.30825000000000008 63.500000000000007 27.650000000000002 82.450000000000017 95.065000000000012 5.5067877453678236 157.50500000000002 39.600000000000009 30.450000000000003 29.445000000000004
decision_type=2 2 2 2 2 2 2 2 2 2 2 2 2 2 2 2
left_child=3 6 4 12 5 -3 8 9 -2 10 -8 -10 -1 14 -13 -4
right_child=1 2 15 -5 -6 -7 7 -9 11 -11 -12 13 -14 -15 -16 -17
leaf_value=0.00190469210069656 0.00019048708643930228 -0.0012923572166585479 -0.00057925934104030531 0.0044875308141648631 -0.00057925934104030531 -0.00057925934104030531 -0.00057925934104030531 0.00019048708643930228 0.00019048708643930228 -0.00014115079899861414 -0.00014115079899861414 0.0014808999829412292 0.0031676551314765641 0.0011302384879584341 0.00019048708643930228 -0.0020589225008108046
leaf_weight=101 28 456 26 119 79 69 158 64 45 22 40 30 117 72 82 304
leaf_count=101 28 456 26 119 79 69 158 64 45 22 40 30 117 72 82 304
internal_value=0 -0.000762643 -0.0013054 0.00334976 -0.000911733 -0.00110494 0.000146878 -0.000130346 0.00051132 -0.000472789 -0.000579259 0.000622438 0.00265466 0.000739493 0.00035238 -0.00197903
internal_weight=1812 1475 934 337 604 525 541 284 257 220 198 229 218 184 112 330
internal_count=1812 1475 934 337 604 525 541 284 257 220 198 229 218 184 112 330
is_linear=0
shrinkage=0.05


Tree=23
num_leaves=17
num_cat=0
split_feature=8 2 14 17 8 1 3 6 6 3 2 3 3 8 8 1
split_gain=1.67669 0.269419 0.0581233 0.0540459 0.0291155 0.0386151 0.0192167 0.00631184 0.004076 0.00349871 0.0032864 0.0047227 0.00207014 0.00206423 0.00101544 0.000686891
threshold=2.6700000000000004 0.85500000000000009 1.0000000180025095e-35 1.0000000180025095e-35 13.945000000000002 11.15 80.950000000000017 5.5966101694915258 5.3403574580759061 27.650000000000002 0.20500000000000004 31.450000000000003 44.350000000000001 47.525000000000013 50.680000000000007 12.550000000000002
decision_type=2 2 2 2 2 2 2 2 2 2 2 2 2 2 2 2
left_child=3 4 6 15 7 13 14 8 12 -9 11 -11 -2 -6 -3 -1
right_child=1 2 -4 -5 5 -7 -8 9 -10 10 -12 -13 -14 -15 -16 -17
leaf_value=0.0018097395194797373 0.00059714995336551701 -0.0011795142309998002 -0.00061371837068794038 0.0042637185916290536 -0.00061371837068794038 0.00098280375581190674 -0.0017749189406623238 0 -0.0004111982518443475 0.00032666402034100747 0 0.00076896672233899574 0 0 -0.00061371837068794038 0.003009677332772763
leaf_weight=101 27 392 62 119 206 42 358 21 33 30 30 169 22 30 53 117
leaf_count=101 27 392 62 119 206 42 358 21 33 30 30 169 22 30 53 117
internal_value=0 -0.00072032 -0.00128856 0.00318714 6.1128e-05 -0.000285869 -0.00141912 0.000396821 0 0.000521629 0.000578932 0.000653328 0.000304113 -0.000576089 -0.0010982 0.00252571
internal_weight=1812 1475 865 337 610 278 803 332 82 250 229 199 49 236 445 218
internal_count=1812 1475 865 337 610 278 803 332 82 250 229 199 49 236 445 218
is_linear=0
shrinkage=0.05


Tree=24
num_leaves=16
num_cat=0
split_feature=8 2 14 6 1 1 3 7 3 6 1 3 3 9 7
split_gain=1.56544 0.246988 0.0559799 0.0429157 0.0512546 0.0239354 0.0444319 0.020504 0.0115415 0.00855686 0.00797772 0.00746429 0.00564109 0.00374429 0.00236487
threshold=3.0900000000000003 0.85500000000000009 1.0000000180025095e-35 5.4250427013533056 12.550000000000002 12.350000000000003 43.20000000000001 0.74725000000000019 80.950000000000017 6.3006849315068498 8.8500000000000032 53.800000000000004 53.350000000000001 14.900000000000002 0.26325000000000004
decision_type=2 2 2 2 2 2 2 2 2 2 2 2 2 2 2
left_child=3 5 8 -1 -5 7 -7 9 -3 12 -9 13 14 -11 -2
right_child=1 2 -4 4 -6 6 -8 10 -10 11 -12 -13 -14 -15 -16
leaf_value=0.0013346110599666014 0.00010581644245925145 -0.0010791094467371429 -0.00058422726286627767 0.0022723722668570286 0.0040100696970216893 0.00049822689319609917 0.00236587152404036 -0.00058422726286627767 -0.0016766708149641683 0 -0.00014661352961380466 0 0.00049822689319609917 0.00049822689319609917 -0.00014661352961380466
leaf_weight=65 50 436 65 141 162 29 32 122 357 74 58 39 26 92 73
leaf_count=65 50 436 65 141 162 29 32 122 357 74 58 39 26 92 73
internal_value=3.76131e-05 -0.000691919 -0.00123568 0.00295702 0.00325394 6.72292e-05 0.00100927 -1.28141e-05 -0.00136757 0.000178289 -0.000471516 0.000398288 -2.41176e-05 0.000498227 -0.000146614
internal_weight=1821 1453 858 368 303 595 61 534 793 354 180 205 149 166 123
internal_count=1821 1453 858 368 303 595 61 534 793 354 180 205 149 166 123
is_linear=0
shrinkage=0.05


Tree=25
num_leaves=18
num_cat=0
split_feature=8 2 14 17 8 1 1 3 8 18 3 8 8 8 3 8 8
split_gain=1.41537 0.221659 0.0524872 0.028952 0.0208639 0.0216081 0.0146975 0.0142464 0.0107452 0.0102731 0.00584006 0.00899112 0.00652648 0.00274003 0.00187186 0.00148995 0.00130868
threshold=3.0900000000000003 0.85500000000000009 1.0000000180025095e-35 1.0000000180025095e-35 14.810000000000002 11.250000000000002 9.2500000000000018 48.000000000000007 1.0000000180025095e-35 1.0000000180025095e-35 46.550000000000004 5.9300000000000006 8.6650000000000009 48.615000000000002 53.800000000000004 29.445000000000004 4.4900000000000011
decision_type=2 2 2 2 2 2 2 2 2 2 2 2 2 2 2 2 2
left_child=3 4 9 6 7 13 -1 10 -8 -3 11 16 -13 -6 -9 -11 -2
right_child=1 2 -4 -5 5 -7 8 14 -10 15 -12 12 -14 -15 -16 -17 -18
leaf_value=9.2547239425281704e-05 0 -0.0010510491937064459 -0.00055465965736076466 0.0036573152402247901 -0.0005153938639279608 0.00077005578594139808 0.0012605210429706372 0.0011790970307286848 0.0026688807202227913 -0.00055465965736076466 -0.00055465965736076466 0.00095369136221308797 7.2561674132794982e-05 0 0 -0.0017142216586828272 -0.00043045648574407871
leaf_weight=21 26 482 65 130 206 35 35 56 182 25 20 50 121 23 30 286 28
leaf_count=21 26 482 65 130 206 35 35 56 182 25 20 50 121 23 30 286 28
internal_value=3.72424e-05 -0.000656025 -0.00117119 0.00281355 6.18743e-05 -0.000237129 0.0022857 0.00034563 0.00242849 -0.00130019 8.07733e-05 0.000206055 0.000418987 -0.000457289 0.000923446 -0.00163674 -0.000190574
internal_weight=1821 1453 858 368 595 264 238 331 217 793 245 225 171 229 86 311 54
internal_count=1821 1453 858 368 595 264 238 331 217 793 245 225 171 229 86 311 54
is_linear=0
shrinkage=0.05


Tree=26
num_leaves=18
num_cat=0
split_feature=8 2 14 6 10 10 3 7 3 6 10 3 3 9 8 6 8
split_gain=1.27852 0.200063 0.0493168 0.0391872 0.0427878 0.0197504 0.0406418 0.0169518 0.00936961 0.00805385 0.0071029 0.00656452 0.00533453 0.00298032 0.00233097 0.00166492 0.000399849
threshold=3.0900000000000003 0.85500000000000009 1.0000000180025095e-35 5.4250427013533056 157.50500000000002 152.52500000000006 43.20000000000001 0.74725000000000019 80.950000000000017 6.3006849315068498 78.325000000000031 53.800000000000004 53.350000000000001 14.900000000000002 1.0000000180025095e-35 5.2707722385141755 1.6100000000000003
decision_type=2 2 2 2 2 2 2 2 2 2 2 2 2 2 2 2 2
left_child=3 5 8 14 -5 7 -7 9 -3 12 -9 13 15 -11 -1 -2 -16
right_child=1 2 -4 4 -6 6 -8 10 -10 11 -12 -13 -14 -15 16 -17 -18
leaf_value=0 0.00019446313501107849 -0.00096687919901310463 -0.00052501469785233492 0.002041209271164138 0.0036581943518420746 0.00045319419967635133 0.0022234554902791702 -0.00052501469785233492 -0.0015226711639420255 0 -0.00013415069176933743 0 0.00045319419967635133 0.00045319419967635133 0.0020524004312503226 -0.00013415069176933743 0.00012489154242403247
leaf_weight=23 23 436 65 141 162 29 32 122 357 74 58 39 26 92 21 100 21
leaf_count=23 23 436 65 141 162 29 32 122 357 74 58 39 26 92 21 100 21
internal_value=3.77754e-05 -0.000620704 -0.00111021 0.00267681 0.00295796 6.01836e-05 0.000916397 -1.00091e-05 -0.00123648 0.000161074 -0.000429375 0.000376749 -3.53523e-05 0.000453194 0.00112896 -0.000134151 0.00145098
internal_weight=1821 1453 858 368 303 595 61 534 793 354 180 205 149 166 65 123 42
internal_count=1821 1453 858 368 303 595 61 534 793 354 180 205 149 166 65 123 42
is_linear=0
shrinkage=0.05


Tree=27
num_leaves=22
num_cat=0
split_feature=2 7 0 6 6 18 9 8 17 9 3 3 5 3 6 8 2 8 8 3 2
split_gain=1.14449 0.183945 0.0469937 0.0302418 0.0453137 0.0212913 0.0160467 0.0149313 0.00972024 0.00742212 0.0104848 0.0098667 0.00505535 0.00499963 0.00636111 0.00341029 0.00294519 0.00159927 0.0022657 0.000454095 6.85899e-05
threshold=0.040000000000000008 0.79575000000000007 54.500000000000007 5.4250427013533056 6.5919899874843564 1.0000000180025095e-35 16.650000000000002 33.115000000000009 1.0000000180025095e-35 15.250000000000002 34.550000000000004 36.900000000000006 319.70000000000005 42.150000000000013 5.5067877453678236 10.855000000000002 0.20500000000000004 40.930000000000007 48.615000000000002 53.800000000000004 0.84500000000000008
decision_type=2 2 2 2 2 2 2 2 2 2 2 2 2 2 2 2 2 2 2 2 2
left_child=3 7 5 6 8 20 -1 9 -5 10 15 -11 -9 -13 -15 -2 -12 -14 -19 -18 -3
right_child=1 2 -4 4 -6 -7 -8 12 -10 11 16 13 17 14 -16 -17 19 18 -20 -21 -22
leaf_value=0.00099823574673636273 -0.00049919482959194115 -0.00084179276568878349 -0.00049919482959194115 0.0027116169653465809 0.0019190055438189414 -0.0015577153292879408 0.0018784929721186528 -0.00049919482959194115 0.0046353551823885885 0.00099823574673636273 0.00022147043231026721 0.00022147043231026721 0.00010124727456171297 0.00022147043231026721 0.00070213892972581548 0 -0.0002256270464561408 -0.00024959741479597058 0 0 -0.00093648523000892177
leaf_weight=23 33 30 80 89 134 333 45 49 61 70 79 43 50 23 90 21 22 63 45 21 427
leaf_count=23 33 30 80 89 134 333 45 49 61 70 79 43 50 23 90 21 22 63 45 21 427
internal_value=1.4548e-05 -0.000587147 -0.00105459 0.00258362 0.00286323 -0.00118439 0.00118875 5.62017e-05 0.00360143 0.000253457 0 0.000442941 -0.000254328 0.00022147 0.000492416 -0.000499195 0.00022147 0 -0.000179323 0 -0.000878717
internal_weight=1831 1479 870 352 284 790 68 609 150 402 176 226 207 156 113 54 122 158 108 43 457
internal_count=1831 1479 870 352 284 790 68 609 150 402 176 226 207 156 113 54 122 158 108 43 457
is_linear=0
shrinkage=0.05


Tree=28
num_leaves=22
num_cat=0
split_feature=2 7 0 6 6 18 9 8 15 9 3 3 5 3 6 8 2 8 8 2 3
split_gain=1.03486 0.163369 0.04384 0.0275755 0.0397237 0.0188186 0.0156714 0.0133988 0.00674489 0.00630782 0.00988901 0.0092662 0.00466792 0.00433515 0.00599926 0.0031168 0.0025632 0.00146877 0.00212387 0.00084217 0.000410402
threshold=0.040000000000000008 0.79575000000000007 54.500000000000007 5.4250427013533056 6.5919899874843564 1.0000000180025095e-35 16.650000000000002 33.115000000000009 1.0000000180025095e-35 15.250000000000002 34.550000000000004 36.900000000000006 319.70000000000005 42.150000000000013 5.5067877453678236 10.855000000000002 0.20500000000000004 40.930000000000007 48.615000000000002 0.84500000000000008 53.800000000000004
decision_type=2 2 2 2 2 2 2 2 2 2 2 2 2 2 2 2 2 2 2 2 2
left_child=3 7 5 6 8 19 -1 9 -5 10 15 -11 -9 -13 -15 -2 -12 -14 -19 -3 -18
right_child=1 2 -4 4 -6 -7 -8 12 -10 11 16 13 17 14 -16 -17 20 18 -20 -21 -22
leaf_value=0.00094995973692771406 -0.00047539165135517827 -0.00080003377156193014 -0.00047539165135517827 0.0044047214483559673 0.0018232696298161372 -0.0014798996637507148 0.0017851903481577538 -0.00047539165135517827 0.0025764916582327142 0.00094861832719468772 0.00020515513665046573 0.00020515513665046573 9.621511604206139e-05 0.00020515513665046573 0.00066714863368162551 0 -0.0002144974692815481 -0.00023769582567758913 0 -0.00088969383373531494 0
leaf_weight=23 33 30 80 61 134 333 45 49 89 70 79 43 50 23 90 21 22 63 45 427 21
leaf_count=23 33 30 80 61 134 333 45 49 89 70 79 43 50 23 90 21 22 63 45 427 21
internal_value=1.41777e-05 -0.000557567 -0.000998071 0.00245749 0.00272584 -0.00112468 0.00111006 4.7288e-05 0.00342708 0.000235592 0 0.00041031 -0.000245856 0.000205155 0.00046228 -0.000475392 0.000205155 0 -0.000172063 -0.000832234 0
internal_weight=1831 1479 870 352 284 790 68 609 150 402 176 226 207 156 113 54 122 158 108 457 43
internal_count=1831 1479 870 352 284 790 68 609 150 402 176 226 207 156 113 54 122 158 108 457 43
is_linear=0
shrinkage=0.05


Tree=29
num_leaves=17
num_cat=0
split_feature=2 2 6 6 18 1 9 7 3 0 15 0 6 6 6 6
split_gain=0.935778 0.146756 0.0251816 0.0347717 0.0210217 0.0164859 0.0152542 0.0150695 0.0147902 0.0142704 0.014128 0.0096836 0.00426551 0.00473545 0.000889749 0.00373709
threshold=0.040000000000000008 0.85500000000000009 5.4250427013533056 6.6141439205955344 1.0000000180025095e-35 12.350000000000003 16.650000000000002 0.31775000000000003 43.20000000000001 64.500000000000014 1.0000000180025095e-35 52.500000000000007 6.7281223449447767 5.7187780772686443 7.0871212121212137 6.8528922180607585
decision_type=2 2 2 2 2 2 2 2 2 2 2 2 2 2 2 2
left_child=2 5 6 10 11 7 -1 12 -7 -9 -4 -3 13 -2 15 -5
right_child=1 4 3 14 -6 8 -8 9 -10 -11 -12 -13 -14 -15 -16 -17
leaf_value=0.00090409995760247974 0.00039440362540688067 -0.00082191380812345841 0.0042716898433684735 0.0016393745312723155 -0.0013301154524963663 0.00039440362540688067 0.0016965219377854607 -0.00045218416369803972 0.00090409995760247974 -1.279699557431898e-05 0.0023731401338361064 -0.00045218416369803972 0.00039440362540688067 -1.279699557431898e-05 0.0022748920066470581 0.00090409995760247974
leaf_weight=23 47 460 62 39 319 32 45 272 32 37 92 91 82 107 60 31
leaf_count=23 47 460 62 39 319 32 45 272 32 37 92 91 82 107 60 31
internal_value=1.38477e-05 -0.000529432 0.00233763 0.00259529 -0.000946961 4.25927e-05 0.00103526 -2.03089e-05 0.000809116 -0.000274337 0.00324152 -0.000697323 0.000248743 0 0.00170892 0.00100279
internal_weight=1831 1479 352 284 870 609 68 545 64 309 154 551 236 154 130 70
internal_count=1831 1479 352 284 870 609 68 545 64 309 154 551 236 154 130 70
is_linear=0
shrinkage=0.05


Tree=30
num_leaves=26
num_cat=0
split_feature=8 7 6 0 3 8 6 3 3 9 3 3 3 3 3 5 1 6 3 6 8 2 3 8 6
split_gain=0.88049 0.152042 0.0288983 0.0268386 0.0224687 0.0161127 0.0107591 0.00686999 0.00583346 0.00825984 0.00577734 0.00552383 0.00587966 0.00482166 0.0629847 0.00476724 0.00390045 0.00718404 0.00536647 0.00391579 0.00208022 0.00188815 0.000886606 0.00441673 0.0007477
threshold=2.3250000000000006 0.79975000000000018 5.4250427013533056 54.500000000000007 89.950000000000017 33.115000000000009 6.5399074609600936 87.050000000000011 31.450000000000003 15.250000000000002 29.000000000000004 94.450000000000017 86.450000000000017 90.15000000000002 94.65000000000002 319.70000000000005 12.350000000000003 5.5143622869708642 44.350000000000001 6.9528371407516598 45.755000000000003 0.84500000000000008 71.350000000000009 40.930000000000007 5.5747210804462721
decision_type=2 2 2 2 2 2 2 2 2 2 2 2 2 2 2 2 2 2 2 2 2 2 2 2 2
left_child=2 5 4 7 -1 8 13 21 9 -2 -11 12 -8 -4 -15 -7 17 18 -10 -19 22 -3 23 -17 -22
right_child=1 3 6 -5 -6 15 11 -9 16 10 -12 -13 -14 14 -16 20 -18 19 -20 -21 24 -23 -24 -25 -26
leaf_value=0 -0.00042951085392402798 -0.00072698880058237689 0.004257293651947029 -0.00042951085392402798 0.0017163608833678048 -0.00042951085392402798 0.00039414972698419907 -0.0014596850415785753 0 0.00098386436558599256 0 0.00021871205402596651 0.0024496572595821228 0.001045474774548417 0.0049659837184134383 0.00065027208386627745 0.00084756103547055969 0.00047482588979010499 -0.00042951085392402798 0 0 -0.00090793612975459631 0 0 -0.00021475542696201399
leaf_weight=24 36 27 51 73 37 53 23 178 20 20 21 22 99 53 20 32 59 170 23 71 21 570 39 23 53
leaf_count=24 36 27 51 73 37 53 23 178 20 20 21 22 99 53 20 32 59 170 23 71 21 570 39 23 53
internal_value=1.99658e-05 -0.000489035 0.00236752 -0.000929612 0.000936048 7.05908e-05 0.00263602 -0.00102447 0.0002701 0 0.000355068 0.00199107 0.00218671 0.0032577 0.00234015 -0.000240639 0.00036304 0.000208833 -0.000201181 0.000344312 0 -0.000868922 6.51157e-05 0.000217513 -0.000214755
internal_weight=1818 1489 329 848 61 641 268 775 420 77 41 144 122 124 73 221 343 284 43 241 168 597 94 55 74
internal_count=1818 1489 329 848 61 641 268 775 420 77 41 144 122 124 73 221 343 284 43 241 168 597 94 55 74
is_linear=0
shrinkage=0.05


Tree=31
num_leaves=26
num_cat=0
split_feature=8 2 18 6 3 5 15 3 3 3 3 9 6 8 8 3 6 1 3 8 7 3 6 2 1
split_gain=0.802741 0.136025 0.0347881 0.0258709 0.0205288 0.0154611 0.00964835 0.0415558 0.0507667 0.0173964 0.0115018 0.00881078 0.00682197 0.00856851 0.00983808 0.0057587 0.00539541 0.00358264 0.00582021 0.00147267 0.00110287 0.00104464 0.00237476 0.000803331 0.000539061
threshold=2.3250000000000006 0.84500000000000008 1.0000000180025095e-35 5.4250427013533056 89.950000000000017 512.70000000000016 1.0000000180025095e-35 89.750000000000014 92.15000000000002 85.750000000000014 91.15000000000002 8.8500000000000032 6.3196594427244595 7.8050000000000006 36.645000000000003 92.65000000000002 6.6186826843413433 12.350000000000003 43.20000000000001 29.445000000000004 0.8992500000000001 40.050000000000004 5.8012345679012354 0.075000000000000025 9.1500000000000004
decision_type=2 2 2 2 2 2 2 2 2 2 2 2 2 2 2 2 2 2 2 2 2 2 2 2 2
left_child=3 11 5 4 -1 20 7 -5 -9 -8 -11 16 17 23 -15 -12 -2 21 -19 -4 24 22 -13 -14 -3
right_child=1 2 19 6 -6 -7 9 8 -10 10 15 12 13 14 -16 -17 -18 18 -20 -21 -22 -23 -24 -25 -26
leaf_value=0 -6.916990886214917e-06 -0.0005921520503512751 -0.00035533382959547261 0.0055843905978855283 0.0016312330493537443 -0.00035533382959547261 0 0 0.0030654809283437341 0.0026652758179212966 0 0.0001786129192877183 0.00027970795063570207 0.00092131502942589751 0 0.0014415245141989831 -0.00035533382959547261 0.0001786129192877183 0.00082109000677494314 -0.0013622938977622418 -0.0011664590691273468 -6.916990886214917e-06 0 -6.916990886214917e-06 -0.00051621776895672644
leaf_weight=24 37 441 27 24 37 71 22 23 64 88 21 33 24 104 28 26 55 31 36 297 73 148 26 38 20
leaf_count=24 37 441 27 24 37 71 22 23 64 88 21 33 24 104 28 26 55 31 36 297 73 148 26 38 20
internal_value=2.06492e-05 -0.000464977 -0.00083822 0.00226249 0.00088425 -0.000567658 0.00251894 0.00318808 0.00233829 0.00194532 0.00217279 0.000127552 0.000233362 0.000467776 0.000695178 0.000922521 -0.000247196 1.23761e-05 0.000364143 -0.00129619 -0.000677102 -6.91699e-06 0.000178613 0 -0.000566386
internal_weight=1818 1489 929 329 61 605 268 111 87 157 135 560 468 194 132 47 92 274 67 324 534 207 59 62 461
internal_count=1818 1489 929 329 61 605 268 111 87 157 135 560 468 194 132 47 92 274 67 324 534 207 59 62 461
is_linear=0
shrinkage=0.05


Tree=32
num_leaves=29
num_cat=0
split_feature=8 7 18 6 3 12 8 6 3 6 3 3 9 3 6 1 8 8 3 9 9 3 3 3 3 6 8 8
split_gain=0.731876 0.122536 0.0256708 0.0230984 0.0187637 0.0149812 0.0133152 0.00950884 0.00785246 0.0217969 0.0123363 0.00526264 0.00727337 0.0052232 0.00428315 0.00315642 0.00658062 0.00902099 0.0081862 0.00311994 0.00268847 0.00165946 0.0272385 0.00133115 0.00244261 0.000595218 0.000540936 8.44642e-05
threshold=2.3250000000000006 0.79975000000000018 1.0000000180025095e-35 5.4250427013533056 89.950000000000017 0.81905000000000017 33.115000000000009 6.8094277329420416 94.050000000000011 7.0871212121212137 89.15000000000002 31.450000000000003 15.250000000000002 29.000000000000004 5.8756443298969083 12.350000000000003 10.855000000000002 12.625000000000002 44.350000000000001 13.350000000000003 21.500000000000004 90.15000000000002 94.450000000000017 67.950000000000017 71.350000000000009 6.8528922180607585 29.445000000000004 9.0050000000000008
decision_type=2 2 2 2 2 2 2 2 2 2 2 2 2 2 2 2 2 2 2 2 2 2 2 2 2 2 2 2
left_child=3 6 5 4 -1 -3 11 21 9 -9 -11 12 -2 -14 23 16 18 -18 -13 -16 -7 -5 -23 -8 -25 -21 -4 -17
right_child=1 2 26 7 -6 20 14 8 -10 10 -12 15 13 -15 19 27 17 -19 -20 25 -22 22 -24 24 -26 -27 -28 -29
leaf_value=0 -0.00039011020979834384 -0.00039011020979834384 -0.00039011020979834384 0.0035022865210986315 0.0015503274138277802 -0.00084011551746611738 -0.00015529410807692799 0.00014755279010180203 0 0.00059125438576319335 0.0035939856277771385 0.00048074091657688265 0.00091803123614764563 0 -0.00039011020979834384 0.00048074091657688265 -0.00039011020979834384 0.00022038564309311725 0 -0.00015515095323011887 -0.00058761154656388956 0.001199564624148531 0.0038284424434714167 0.0006356841914067177 0 0.00013971727444024636 -0.0012942479403010494 0.0012357399411838462
leaf_weight=24 36 154 27 77 37 345 34 30 20 21 25 81 20 21 73 31 36 74 93 41 25 70 25 21 27 25 297 28
leaf_count=24 36 154 27 77 37 345 34 30 20 21 25 81 20 21 73 31 36 74 93 41 25 70 25 21 27 25 297 28
internal_value=2.09519e-05 -0.000442362 -0.000837945 0.00216188 0.00083502 -0.000564913 5.77243e-05 0.00240671 0.00154522 0.00180855 0.00255986 0.000241109 0 0.000313168 -0.000222862 0.000330902 0.000184813 0 0.000387424 -0.00039011 -0.000785113 0.00279696 0.00205865 0 0.000227539 0 -0.00123233 0.000776669
internal_weight=1818 1489 848 329 61 524 641 268 96 76 46 420 77 41 221 343 284 110 174 139 370 172 95 82 48 66 324 59
internal_count=1818 1489 848 329 61 524 641 268 96 76 46 420 77 41 221 343 284 110 174 139 370 172 95 82 48 66 324 59
is_linear=0
shrinkage=0.05


Tree=33
num_leaves=21
num_cat=0
split_feature=8 2 0 6 6 18 8 3 5 6 6 6 3 6 3 6 6 3 3 9
split_gain=0.636653 0.109607 0.037252 0.0229368 0.0167135 0.0130232 0.0104436 0.0100415 0.0151785 0.00871455 0.00727752 0.00622204 0.0131242 0.0068104 0.00615905 0.00593459 0.00591454 0.005239 0.00444004 0.00354838
threshold=2.3250000000000006 0.83500000000000008 54.500000000000007 5.1583124477861331 6.8094277329420416 1.0000000180025095e-35 13.945000000000002 48.000000000000007 528.60000000000014 5.4250427013533056 7.0611577964519148 6.3676588897827857 30.450000000000003 5.7187780772686443 39.250000000000007 5.6172079421271368 5.846805736636246 73.100000000000009 41.350000000000001 12.750000000000002
decision_type=2 2 2 2 2 2 2 2 2 2 2 2 2 2 2 2 2 2 2 2
left_child=3 6 5 -1 9 -3 7 11 -9 -5 -6 13 -13 18 -14 -10 17 -8 -2 -18
right_child=1 2 -4 4 10 -7 16 8 15 -11 -12 12 14 -15 -16 -17 19 -19 -20 -21
leaf_value=0 0.00049897131775689021 -0.00064057676008245999 -0.0003123107584940248 0.00090715433086060798 4.9931793840216503e-05 -0.0011760530387241934 0.00067351010796274985 0 0.00056242538186123607 0.0026973448013522887 0.0015855065080521099 0.0013703833415132502 -0.0003123107584940248 -0.0003123107584940248 0.00050419671257335324 0.0015051423789857075 -0.0003123107584940248 0 -2.0108357431055559e-05 0
leaf_weight=26 48 520 101 36 34 336 31 37 23 175 62 25 39 57 38 51 62 32 29 67
leaf_count=26 48 520 101 36 34 336 31 37 23 175 62 25 39 57 38 51 62 32 29 67
internal_value=8.06137e-06 -0.000423893 -0.000747397 0.00199225 0.00211931 -0.000868619 0.000122776 0.000300807 0.000709737 0.00246462 0.00119927 4.43361e-05 0.000379092 -9.90652e-05 0 0.00112485 -0.000120943 0.000131865 0.000110105 -0.000312311
internal_weight=1829 1496 957 333 307 856 539 347 111 211 96 236 102 134 77 74 192 63 77 129
internal_count=1829 1496 957 333 307 856 539 347 111 211 96 236 102 134 77 74 192 63 77 129
is_linear=0
shrinkage=0.05


Tree=34
num_leaves=23
num_cat=0
split_feature=8 2 0 6 15 18 6 6 8 3 5 6 3 6 6 3 3 6 6 8 9 9
split_gain=0.579272 0.0972969 0.0332498 0.0199563 0.0156059 0.0155903 0.0105684 0.00897631 0.0057616 0.00908238 0.0137251 0.00570935 0.0119014 0.00566343 0.00558213 0.00547522 0.00406928 0.00389912 0.00387537 0.00294253 0.00186567 0.000969189
threshold=2.3250000000000006 0.79500000000000015 54.500000000000007 5.1583124477861331 1.0000000180025095e-35 1.0000000180025095e-35 6.8790584415584428 7.2016949152542384 13.945000000000002 48.000000000000007 528.60000000000014 6.3676588897827857 30.450000000000003 5.6172079421271368 5.7187780772686443 39.250000000000007 41.350000000000001 5.5747210804462721 5.846805736636246 16.905000000000005 23.650000000000006 14.150000000000002
decision_type=2 2 2 2 2 2 2 2 2 2 2 2 2 2 2 2 2 2 2 2 2 2
left_child=3 8 5 -1 -5 20 17 -8 9 11 -11 14 -13 -12 16 -14 -2 -6 -10 -20 -3 -21
right_child=1 2 -4 4 6 -7 7 -9 18 10 13 12 15 -15 -16 -17 -18 -19 19 21 -22 -23
leaf_value=0 0.00047417771457800533 -0.00059922595215097742 -0.00025583288792220408 0.0026770692536560742 0.00053741498872347229 -0.001117302827976551 0 0.0010095863761896207 0.00022665077634749376 0 0.00053224435494773968 0.0013026766615216675 -0.00025583288792220408 0.0014303253723951111 -0.00025583288792220408 0.00047918434332182042 -1.9113237670791252e-05 0.0021228662959418671 -0.00025583288792220408 -4.7542710383567807e-05 -0.00052415878318036078 0.00028279352098146737
leaf_weight=26 48 543 126 121 34 336 21 34 35 37 23 25 39 51 57 38 29 97 24 35 21 29
leaf_count=26 48 543 126 121 34 336 21 34 35 37 23 25 39 51 57 38 29 97 24 35 21 29
internal_value=8.52841e-06 -0.000403115 -0.000679038 0.00190154 0.00202092 -0.000792485 0.00150993 0.000475816 0.000167372 0.000281155 0.000669441 3.44324e-05 0.000358936 0.00106449 -0.000101137 0 9.49905e-05 0.00182779 -3.18741e-05 -0.000255833 -0.000571903 0
internal_weight=1829 1496 1026 333 307 900 186 55 470 347 111 236 102 74 134 77 77 131 123 88 564 64
internal_count=1829 1496 1026 333 307 900 186 55 470 347 111 236 102 74 134 77 77 131 123 88 564 64
is_linear=0
shrinkage=0.05


Tree=35
num_leaves=25
num_cat=0
split_feature=8 2 8 6 6 8 3 5 6 6 6 6 6 3 6 3 3 6 6 3 3 6 9 3
split_gain=0.526515 0.0866449 0.0313723 0.017261 0.0127826 0.00917669 0.00826088 0.0124114 0.00696409 0.00556326 0.00539998 0.00531713 0.00522791 0.0108158 0.00592738 0.00513454 0.00465086 0.00627838 0.00430663 0.00421195 0.00372589 0.0036798 0.00313602 0.00144985
threshold=2.3250000000000006 0.84500000000000008 50.330000000000005 5.1583124477861331 6.8094277329420416 13.945000000000002 48.000000000000007 528.60000000000014 7.0611577964519148 5.4250427013533056 5.6172079421271368 5.846805736636246 6.3676588897827857 30.450000000000003 5.7187780772686443 39.250000000000007 80.950000000000017 7.0385185185185195 7.163170633319889 71.350000000000009 41.350000000000001 5.206290021885386 12.750000000000002 79.850000000000009
decision_type=2 2 2 2 2 2 2 2 2 2 2 2 2 2 2 2 2 2 2 2 2 2 2 2
left_child=3 5 16 -1 9 6 12 -8 -6 -5 -9 19 14 -14 20 -15 21 -18 -19 -7 -2 -3 -13 -23
right_child=1 2 -4 4 8 11 7 10 -10 -11 -12 22 13 15 -16 -17 17 18 -20 -21 -22 23 -24 -25
leaf_value=0 0.00045061608690645082 -0.00029468626120938903 -0.00029468626120938903 0.00080310376254378593 0 0.000648715942296883 0 0.00050358074852127534 0.00143609341498566 0.0024491192495228039 0.0013592273171411985 -0.00029468626120938903 0.0012383151504951032 -0.00029468626120938903 -0.00029468626120938903 0.00045541279551672805 -0.0011060049954101691 -0.00029468626120938903 -0.00064685084450117388 0 -1.8167357618440558e-05 -0.00071179324673482675 0 -0.00029468626120938903
leaf_weight=26 48 70 107 36 34 26 37 23 62 175 51 67 25 39 57 38 324 21 33 44 29 353 72 32
leaf_count=26 48 70 107 36 34 26 37 23 62 175 51 67 25 39 57 38 324 21 33 44 29 353 72 32
internal_value=9.06561e-06 -0.000382996 -0.000677627 0.00181416 0.00192615 8.82544e-05 0.00026192 0.000631171 0.00107398 0.00224081 0.00100716 -0.000128374 2.41865e-05 0.000338995 -0.000103976 0 -0.000793702 -0.00100133 -0.000294686 8.74813e-05 8.06268e-05 -0.000587716 -0.000294686 -0.000669241
internal_weight=1829 1496 940 333 307 556 347 111 96 211 74 209 236 102 134 77 833 378 54 70 77 455 139 385
internal_count=1829 1496 940 333 307 556 347 111 96 211 74 209 236 102 134 77 833 378 54 70 77 455 139 385
is_linear=0
shrinkage=0.05


Tree=36
num_leaves=20
num_cat=0
split_feature=8 2 17 3 3 9 5 8 7 1 8 8 6 8 5 8 7 8 3
split_gain=0.45505 0.066183 0.0301057 0.0187259 0.0782442 0.0168764 0.0225319 0.028046 0.0162961 0.016295 0.0164684 0.00825251 0.00763734 0.00852204 0.00509574 0.0049944 0.000702362 0.000229073 0.00115326
threshold=3.8450000000000006 0.85500000000000009 1.0000000180025095e-35 89.750000000000014 92.15000000000002 13.950000000000001 829.20000000000016 11.815000000000001 0.79575000000000007 8.6500000000000004 1.0000000180025095e-35 13.035000000000002 6.3196594427244595 16.135000000000002 541.20000000000005 6.0750000000000011 0.8962500000000001 9.8900000000000023 35.500000000000007
decision_type=2 2 2 2 2 2 2 2 2 2 2 2 2 2 2 2 2 2 2
left_child=2 5 9 -4 -5 11 12 -8 -3 -1 -11 17 -7 15 16 -14 -10 18 -2
right_child=1 8 3 4 -6 6 7 -9 14 10 -12 -13 13 -15 -16 -17 -18 -19 -20
leaf_value=0 -0.0003051175702652424 -0.0003051175702652424 0.0038815707712175369 -0.00019240440028815218 0.0025313654697022604 1.8948392366449327e-05 0.00059119016577631218 0.0023312928505847381 -0.00063373052304207731 0.00062484819886146788 0.0014526521543206435 -0.0003051175702652424 1.8948392366449327e-05 1.8948392366449327e-05 -0.00051390436362336875 0.00059119016577631218 -0.0010058788594614798 1.8948392366449327e-05 0
leaf_weight=21 23 93 31 26 74 146 32 30 519 34 196 141 20 37 27 60 228 38 45
leaf_count=21 23 93 31 26 74 146 32 30 519 34 196 141 20 37 27 60 228 38 45
internal_value=3.5497e-05 -0.000363348 0.00157629 0.00231922 0.00167518 2.95226e-05 0.000288768 0.00115614 -0.000639758 0.00112656 0.0012497 -0.000250871 2.62381e-05 0.000416501 -0.000722691 0.00059119 -0.000753557 1.89484e-05 -2.00039e-06
internal_weight=1821 1439 382 131 100 572 325 62 867 251 230 247 263 117 774 80 747 106 68
internal_count=1821 1439 382 131 100 572 325 62 867 251 230 247 263 117 774 80 747 106 68
is_linear=0
shrinkage=0.05


Tree=37
num_leaves=16
num_cat=0
split_feature=8 2 17 8 7 9 6 9 5 8 8 8 8 5 8
split_gain=0.410566 0.0651985 0.0191489 0.0165833 0.0157422 0.0149869 0.027355 0.0140219 0.0188093 0.0260389 0.00957005 0.00699043 0.00565848 0.00519257 0.000163726
threshold=2.7650000000000006 0.85500000000000009 1.0000000180025095e-35 1.0000000180025095e-35 0.79575000000000007 32.150000000000006 5.8643678160919555 13.950000000000001 829.20000000000016 11.815000000000001 13.035000000000002 10.855000000000002 6.0750000000000011 528.60000000000014 5.7400000000000011
decision_type=2 2 2 2 2 2 2 2 2 2 2 2 2 2 2
left_child=2 7 3 -1 -3 6 -4 10 11 -10 14 12 -9 -6 -2
right_child=1 4 5 -5 13 -7 -8 8 9 -11 -12 -13 -14 -15 -16
leaf_value=0 0 -0.00027699782773290432 0 0.0013183080854461246 -0.00071978578788288439 0.00381569601812881 0.0021584789260524965 4.3794642870413527e-05 0.00056639420272214659 0.0022158822700190711 -0.00027699782773290432 4.3794642870413527e-05 0.00056639420272214659 -0.00048137225503741793 4.3794642870413527e-05
leaf_weight=35 28 93 30 186 742 27 74 54 32 30 141 159 67 32 91
leaf_count=35 28 93 30 186 742 27 74 54 32 30 141 159 67 32 91
internal_value=3.31094e-05 -0.000326028 0.00157348 0.00112948 -0.000605139 0.00220397 0.00163195 5.11432e-05 0.000280537 0.00108483 -0.000192948 4.79599e-05 0.000408879 -0.000685747 4.37946e-05
internal_weight=1821 1469 352 221 867 131 104 602 342 62 260 280 121 774 119
internal_count=1821 1469 352 221 867 131 104 602 342 62 260 280 121 774 119
is_linear=0
shrinkage=0.05


Tree=38
num_leaves=22
num_cat=0
split_feature=8 2 17 3 3 7 1 8 9 5 8 8 6 8 0 8 8 6 6 8 3
split_gain=0.374175 0.0513861 0.0236138 0.0184003 0.0498215 0.0145636 0.0141203 0.014368 0.013423 0.0177818 0.0264708 0.00730674 0.00686591 0.00745464 0.00514714 0.00388936 0.000263695 0.000126581 0.000321579 5.82033e-05 0.00105288
threshold=3.8450000000000006 0.85500000000000009 1.0000000180025095e-35 90.15000000000002 92.450000000000017 0.79575000000000007 8.6500000000000004 1.0000000180025095e-35 13.950000000000001 842.10000000000014 11.815000000000001 13.035000000000002 6.3196594427244595 16.135000000000002 54.500000000000007 6.0750000000000011 28.815000000000005 5.4950004950004958 5.2189897698209728 9.8900000000000023 35.500000000000007
decision_type=2 2 2 2 2 2 2 2 2 2 2 2 2 2 2 2 2 2 2 2 2
left_child=2 8 6 -4 -5 -3 -1 -8 11 12 -11 19 -10 15 16 -14 -7 18 -9 20 -2
right_child=1 5 3 4 -6 14 7 17 9 10 -12 -13 13 -15 -16 -17 -18 -19 -20 -21 -22
leaf_value=0 -0.00027886763841122089 -0.00027886763841122089 0.0034029068989440922 -5.4772947854942033e-05 0.0020937174972137478 -0.00057972273426430058 0.00056597542691041883 0.00087204273360659611 7.5512081414785088e-06 0.0005241045078886611 0.0022210850210057395 -0.00027886763841122089 7.5512081414785088e-06 7.5512081414785088e-06 -0.0004645658155928527 0.0005241045078886611 -0.00071802770018875375 0.0015113887368208953 0.00056597542691041883 7.5512081414785088e-06 0
leaf_weight=21 23 93 38 23 70 27 34 28 147 32 28 141 20 37 48 61 699 144 24 38 45
leaf_count=21 23 93 38 23 70 27 34 28 147 32 28 141 20 37 48 61 699 144 24 38 45
internal_value=3.22991e-05 -0.00032858 0.00143016 0.00210391 0.00140313 -0.000571976 0.00101674 0.00113195 1.42406e-05 0.000248911 0.00103473 -0.000233809 1.34817e-05 0.000386048 -0.000650264 0.000524105 -0.00069488 0.00131992 0.000565975 7.55121e-06 0
internal_weight=1821 1439 382 131 93 867 251 230 572 325 60 247 265 118 774 81 726 196 52 106 68
internal_count=1821 1439 382 131 93 867 251 230 572 325 60 247 265 118 774 81 726 196 52 106 68
is_linear=0
shrinkage=0.05


Tree=39
num_leaves=26
num_cat=0
split_feature=8 18 13 6 9 6 1 6 9 1 8 3 8 6 3 6 14 8 6 3 3 3 3 8 6
split_gain=0.364683 0.0645787 0.0374801 0.0158867 0.0246866 0.0234987 0.0188966 0.0114927 0.0111283 0.0110568 0.0104712 0.0160832 0.0100923 0.00734701 0.00703796 0.00702513 0.00628098 0.00400107 0.00288141 0.00252135 0.00224608 0.0260393 0.000642784 0.000390561 0.000191075
threshold=2.3250000000000006 1.0000000180025095e-35 1.0000000180025095e-35 5.4250427013533056 24.100000000000005 6.8094277329420416 12.550000000000002 7.0385185185185195 15.950000000000001 12.450000000000001 13.035000000000002 75.750000000000014 9.2600000000000016 5.347685931383837 36.900000000000006 6.9710870169585775 1.0000000180025095e-35 29.445000000000004 6.3431455004205226 29.000000000000004 94.65000000000002 89.65000000000002 88.450000000000017 43.665000000000006 6.118525021949079
decision_type=2 2 2 2 2 2 2 2 2 2 2 2 2 2 2 2 2 2 2 2 2 2 2 2 2
left_child=3 2 8 4 -1 6 -5 13 10 14 19 16 -11 -4 18 -7 -12 -3 -10 -2 21 -8 -17 -13 -16
right_child=1 17 7 5 -6 15 20 -9 9 12 11 23 -14 -15 24 22 -18 -19 -20 -21 -22 -23 -24 -25 -26
leaf_value=-0.00030915726412466355 -0.00060286941474080617 0 0 0.00068187726768837093 0.0013971824642814718 0 0.0032562266595506117 0 3.2025892953209163e-05 0.00054526010975878268 -0.00072891416515807341 3.2025892953209163e-05 0.0019244441191385972 -0.0010092932058208012 3.2025892953209163e-05 1.3495870480390983e-07 0 -0.00098277171611607129 0.00054526010975878268 3.2025892953209163e-05 0.0042621493633157514 0.00161558429477474 0.0013054641983952905 -2.7293050468597154e-05 0.00011591146805886652
leaf_weight=27 21 28 44 43 36 21 50 35 27 22 169 75 20 155 172 27 69 314 34 120 20 54 51 41 158
leaf_count=27 21 28 44 43 36 21 50 35 27 22 169 75 20 155 172 27 69 314 34 120 20 54 51 41 158
internal_value=6.39752e-06 -0.000315283 -0.000122417 0.00152143 0.000430928 0.00172261 0.0021602 -0.000688608 4.3694e-06 0.000204334 -0.000140283 -0.000311639 0.00101198 -0.000837626 7.85362e-05 0.000829088 -0.000558193 -0.000926074 0.00054526 3.20259e-05 0.00254929 0.00206477 0.00104692 3.20259e-05 3.20259e-05
internal_weight=1833 1504 1162 329 63 266 167 234 928 433 495 354 42 199 391 99 238 342 61 141 124 104 78 116 330
internal_count=1833 1504 1162 329 63 266 167 234 928 433 495 354 42 199 391 99 238 342 61 141 124 104 78 116 330
is_linear=0
shrinkage=0.05


Tree=40
num_leaves=21
num_cat=0
split_feature=8 18 2 6 9 15 1 8 3 3 6 7 8 14 6 8 8 6 6 9
split_gain=0.330397 0.0586746 0.0333131 0.0142929 0.0225399 0.0218573 0.0164406 0.0108568 0.00964292 0.055448 0.00963578 0.00678375 0.00665027 0.00913719 0.0047102 0.00564254 0.003326 0.00309874 0.00307631 0.00175333
threshold=2.3250000000000006 1.0000000180025095e-35 0.91500000000000015 5.4250427013533056 24.100000000000005 1.0000000180025095e-35 10.65 53.405000000000008 89.750000000000014 92.15000000000002 6.8790584415584428 0.79575000000000007 13.945000000000002 1.0000000180025095e-35 5.8561221975856137 5.9300000000000006 29.445000000000004 5.0763403263403273 6.570385818561002 21.500000000000004
decision_type=2 2 2 2 2 2 2 2 2 2 2 2 2 2 2 2 2 2 2 2
left_child=3 2 7 4 -1 8 -7 12 -5 -10 -8 -4 14 -14 17 -16 -3 -2 -15 -13
right_child=1 16 11 5 -6 6 10 -9 9 -11 -12 19 13 18 15 -17 -18 -19 -20 -21
leaf_value=-0.000293869216704226 0.00047095556894840283 0 -0.00022950011147727722 0.0038707818806524804 0.001327900697423284 0 0.0016485549507778447 0.0011454234537647643 0 0.0024328491157340829 0.00066526301230097592 -0.00061454080685669052 -0.00022950011147727722 0.0002380722765445289 0 0.00049117693832362633 -0.00093368003520811766 -0.00017552871663027852 -6.2114472210731761e-05 -0.00040223561875109694
leaf_weight=27 20 28 23 25 36 34 93 22 21 64 29 324 200 158 68 154 314 105 66 22
leaf_count=27 20 28 23 25 36 34 93 22 21 64 29 324 200 158 68 154 314 105 66 22
internal_value=7.18546e-06 -0.000298596 -0.000114095 0.00144959 0.000397791 0.00164165 0.00105936 5.16429e-05 0.00232632 0.0016842 0.00133053 -0.000510643 5.51534e-07 -0.000111576 0.000180728 0.000322491 -0.000880998 0 8.27849e-05 -0.000574971
internal_weight=1833 1504 1162 329 63 266 156 793 110 85 122 369 771 424 347 222 342 125 224 346
internal_count=1833 1504 1162 329 63 266 156 793 110 85 122 369 771 424 347 222 342 125 224 346
is_linear=0
shrinkage=0.05


Tree=41
num_leaves=21
num_cat=0
split_feature=8 18 13 6 9 15 3 3 5 6 3 3 6 9 3 3 8 3 8 14
split_gain=0.299126 0.0529774 0.0315575 0.0127519 0.020582 0.0190532 0.0166041 0.0196275 0.0115181 0.0104351 0.00774027 0.0508782 0.0064758 0.00561138 0.00801279 0.00671842 0.0106263 0.00413111 0.00273056 0.00259249
threshold=2.3250000000000006 1.0000000180025095e-35 1.0000000180025095e-35 5.4250427013533056 24.100000000000005 1.0000000180025095e-35 91.15000000000002 85.750000000000014 1035.9000000000003 7.0385185185185195 89.750000000000014 92.15000000000002 5.347685931383837 14.900000000000002 36.900000000000006 75.750000000000014 13.945000000000002 92.550000000000011 29.445000000000004 1.0000000180025095e-35
decision_type=2 2 2 2 2 2 2 2 2 2 2 2 2 2 2 2 2 2 2 2
left_child=3 2 8 4 -1 10 7 -7 13 12 -5 -12 -4 15 -15 16 -2 -8 -3 -16
right_child=1 18 9 5 -6 6 17 -9 -10 -11 11 -13 -14 14 19 -17 -18 -19 -20 -21
leaf_value=-0.0002793372905036629 -2.4782022945799768e-05 0 0 0.0036795377274864748 0.0012620544185497629 0 -0.00023686059525814554 0.0017365210316169959 0.00094334684828103121 0 0 0.0023117741794016905 -0.00093156256462901318 0.00046655180163833042 -2.4782022945799768e-05 -2.4782022945799768e-05 -0.00050391187887939321 0.00054182492303676876 -0.00088704056739884174 0.00021704408105508024
leaf_weight=27 130 28 44 25 36 23 20 82 32 35 21 64 155 70 255 113 213 31 314 115
leaf_count=27 130 28 44 25 36 23 20 82 32 35 21 64 155 70 255 113 213 31 314 115
internal_value=6.14961e-06 -0.000284404 -0.000108339 0.001379 0.000366298 0.00156184 0.00100414 0.00137508 6.77484e-06 -0.000628304 0.00221187 0.00159293 -0.000771355 -1.02432e-05 9.78091e-05 -0.000147373 -0.000283114 0 -0.000838174 0
internal_weight=1833 1504 1162 329 63 266 156 105 928 234 110 85 199 896 440 456 343 51 342 370
internal_count=1833 1504 1162 329 63 266 156 105 928 234 110 85 199 896 440 456 343 51 342 370
is_linear=0
shrinkage=0.05


Tree=42
num_leaves=26
num_cat=0
split_feature=8 18 6 13 1 3 6 6 3 6 6 6 6 3 3 1 6 3 3 3 6 8 8 6 8
split_gain=0.288464 0.0407926 0.0210975 0.0204324 0.0166306 0.0153043 0.0186875 0.0155037 0.0130853 0.00941389 0.00628199 0.0090102 0.00668988 0.00585463 0.0189106 0.00540379 0.0044174 0.00432036 0.00429639 0.0036443 0.0029641 0.00240476 0.000711479 0.000657926 7.50593e-07
threshold=3.8450000000000006 1.0000000180025095e-35 5.1583124477861331 1.0000000180025095e-35 12.550000000000002 94.050000000000011 7.1486643437862964 6.6186826843413433 83.050000000000011 7.0385185185185195 5.1986842105263174 5.559732664995825 5.8012345679012354 94.65000000000002 93.050000000000011 9.1500000000000004 5.0388437217705517 87.15000000000002 45.350000000000001 91.050000000000011 5.347685931383837 44.630000000000003 28.815000000000005 6.8903903903903911 34.310000000000009
decision_type=2 2 2 2 2 2 2 2 2 2 2 2 2 2 2 2 2 2 2 2 2 2 2 2 2
left_child=2 3 -1 8 5 6 7 17 10 20 15 18 -13 14 19 -2 -3 -4 -12 -6 24 -22 -18 -9 -5
right_child=1 16 4 9 13 -7 -8 23 -10 -11 11 12 -14 -15 -16 -17 22 -19 -20 -21 21 -23 -24 -25 -26
leaf_value=0 0 0 0 0 0.0022415500374590885 0 0.0012985547055262834 0 0.00093732781515978847 0 0 0.00038659973456743011 -8.1965012164990795e-05 0.0031985567733928731 0.0012985547055262834 0.00062419493859525686 0 0.0012985547055262834 -0.00066030964998134109 0.0012985547055262834 -0.00084406835196641989 0 -0.00083849003955627536 -0.00033078698040458121 -8.6121575855337333e-06
leaf_weight=31 24 23 29 21 94 22 43 22 36 34 29 87 547 26 27 60 20 22 91 45 140 20 290 22 25
leaf_count=31 24 23 29 21 94 22 43 22 36 34 29 87 547 26 27 60 20 22 91 45 140 20 290 22 25
internal_value=5.00053e-05 -0.00026445 0.00127645 -0.000103424 0.00138651 0.000811151 0.00101945 0.000289911 0 -0.000512028 -3.12899e-05 -9.31225e-05 0 0.00178596 0.00146914 0.000344152 -0.000757556 0.000946665 -0.000491546 0.00180183 -0.000647658 -0.000765544 -0.000807476 -0.000133983 0
internal_weight=1830 1447 383 1114 352 160 138 95 874 240 838 754 634 192 166 84 333 51 120 139 206 160 310 44 46
internal_count=1830 1447 383 1114 352 160 138 95 874 240 838 754 634 192 166 84 333 51 120 139 206 160 310 44 46
is_linear=0
shrinkage=0.05


Tree=43
num_leaves=21
num_cat=0
split_feature=8 18 6 13 17 1 3 3 3 6 9 3 8 8 8 6 6 8 8 8
split_gain=0.261775 0.0368592 0.0191022 0.0185436 0.0141945 0.0189724 0.0160468 0.0299658 0.0118106 0.00878124 0.00577936 0.00600234 0.0098723 0.00507666 0.00757251 0.003945 0.00243163 0.00204601 0.000422954 6.78259e-07
threshold=3.8450000000000006 1.0000000180025095e-35 5.1583124477861331 1.0000000180025095e-35 1.0000000180025095e-35 8.6500000000000004 90.15000000000002 93.450000000000017 83.050000000000011 7.0385185185185195 16.350000000000005 77.250000000000014 13.035000000000002 45.520000000000003 6.0750000000000011 5.0388437217705517 5.347685931383837 44.630000000000003 28.815000000000005 34.310000000000009
decision_type=2 2 2 2 2 2 2 2 2 2 2 2 2 2 2 2 2 2 2 2
left_child=2 3 -1 8 5 -4 -6 -8 10 16 11 12 -2 14 -12 -3 19 -18 -17 -5
right_child=1 15 4 9 6 -7 7 -9 -10 -11 13 -13 -14 -15 -16 18 17 -19 -20 -21
leaf_value=0 -3.0791649465505231e-05 0 0 0 0.0032119068352413254 0.0011010333460040017 0 0.0019551049974029368 0.00089084877659497427 0 -3.0791649465505231e-05 -3.0791649465505231e-05 -0.00044585271146691712 -3.0791649465505231e-05 0.00038719815186814344 0 -0.00080195516298099548 0 -0.00079660887594742698 -8.1866715478861973e-06
leaf_weight=31 124 23 21 21 34 213 32 52 36 34 43 85 264 97 225 20 140 20 290 25
leaf_count=31 124 23 21 21 34 213 32 52 36 34 43 85 264 97 225 20 140 20 290 25
internal_value=4.71955e-05 -0.000251957 0.00121586 -9.81079e-05 0.00132059 0.000949306 0.00192578 0.0012177 0 -0.000487395 -2.92717e-05 -0.000157797 -0.000267283 9.62135e-05 0.000238856 -0.000721078 -0.000618966 -0.000728685 -0.000768295 0
internal_weight=1830 1447 383 1114 352 234 118 84 874 240 838 473 388 365 268 333 206 160 310 46
internal_count=1830 1447 383 1114 352 234 118 84 874 240 838 473 388 365 268 333 206 160 310 46
is_linear=0
shrinkage=0.05


Tree=44
num_leaves=20
num_cat=0
split_feature=8 18 6 2 5 15 8 6 7 6 2 6 8 9 0 8 1 1 8
split_gain=0.237333 0.0333608 0.017282 0.016901 0.0130576 0.0249929 0.0116413 0.0107236 0.00519072 0.00404612 0.00355089 0.00352055 0.00327003 0.00573834 0.00294031 0.00181285 0.00115694 0.00107269 0.000173161
threshold=3.8450000000000006 1.0000000180025095e-35 5.1583124477861331 0.91500000000000015 547.64999999999998 1.0000000180025095e-35 53.405000000000008 5.1986842105263174 0.79575000000000007 7.1241438356164393 0.19500000000000003 5.0388437217705517 36.265000000000008 21.500000000000004 46.500000000000007 13.035000000000002 12.550000000000002 11.850000000000003 28.815000000000005
decision_type=2 2 2 2 2 2 2 2 2 2 2 2 2 2 2 2 2 2 2
left_child=2 3 -1 6 -4 -6 7 14 -5 10 -9 -3 -10 -14 -2 -11 17 -7 -13
right_child=1 11 4 8 5 16 -8 9 12 15 -12 18 13 -15 -16 -17 -18 -19 -20
leaf_value=0 0 0 0 -0.00017213707799245567 0.0019989777617414792 0.00066602976098661558 0.0011796168606955681 0 -0.00030202993395150125 0.00046253829953951528 -0.00017213707799245567 0 -0.00067297930334899803 -0.00030202993395150125 0.00072448172932610517 0 0.0011981527367042586 0.00066602976098661558 -0.00075681959924218641
leaf_weight=31 20 23 20 24 125 79 21 196 107 33 356 20 219 22 58 58 107 21 290
leaf_count=31 20 23 20 24 125 79 21 196 107 33 356 20 219 22 58 58 107 21 290
internal_value=4.4665e-05 -0.00023977 0.00115776 -9.26453e-05 0.00125737 0.00133206 2.6861e-05 0 -0.000371135 -7.43874e-05 -0.000141657 -0.000686422 -0.000431923 -0.000586282 0.00054491 0.000168498 0.000854662 0.00066603 -0.00073107
internal_weight=1830 1447 383 1114 352 332 742 721 372 643 552 333 348 241 78 91 207 100 310
internal_count=1830 1447 383 1114 352 332 742 721 372 643 552 333 348 241 78 91 207 100 310
is_linear=0
shrinkage=0.05


Tree=45
num_leaves=28
num_cat=0
split_feature=8 18 2 8 8 6 6 3 6 3 6 6 0 6 14 8 6 3 3 6 6 6 3 3 3 3 6
split_gain=0.231905 0.0224179 0.0106359 0.0124247 0.00848553 0.00708547 0.0197032 0.0193269 0.0199268 0.0143984 0.00771856 0.00587635 0.0101362 0.00647354 0.00625283 0.00537228 0.00473562 0.00168816 0.00126987 0.000939353 0.00116622 0.00276926 0.000405587 0.0389102 0.00964452 0.00485472 0.000108184
threshold=3.6950000000000007 1.0000000180025095e-35 0.94500000000000006 52.965000000000011 36.335000000000008 6.5919899874843564 5.4250427013533056 94.050000000000011 7.1199280945043677 90.350000000000009 6.7974358974358982 5.1986842105263174 44.500000000000007 7.0036496350364974 1.0000000180025095e-35 49.435000000000009 7.3623737373737379 88.450000000000017 77.250000000000014 5.0388437217705517 5.8303357314148689 6.2258652094717677 94.450000000000017 91.15000000000002 88.450000000000017 84.950000000000017 6.9779554263565897
decision_type=2 2 2 2 2 2 2 2 2 2 2 2 2 2 2 2 2 2 2 2 2 2 2 2 2 2 2
left_child=5 2 3 11 -4 6 9 8 10 -1 -7 12 -2 14 -13 -6 -15 -10 -3 -20 -21 -22 23 24 25 -8 -12
right_child=1 18 4 -5 15 7 22 -9 17 -11 26 13 -14 16 -16 -17 -18 -19 19 20 21 -23 -24 -25 -26 -27 -28
leaf_value=0 -0.00017661181194100946 0 -0.00023946126493982198 0.0010108273277581916 -0.0008089213714742796 0.00082806895685961753 0.0017262045060068808 -0.00030839193629042457 0.000242658975199232 0.0011007603898026809 0 -0.00023946126493982198 0.00067669167392077974 0.00028440490406846114 0 -0.00023946126493982198 -0.00023946126493982198 0.0024153565605500352 0 -0.0010908233890893251 0 -0.00058620501022637694 0.0029925854159940663 0 0.0029167230641493065 0 -0.00011542614439291322
leaf_weight=33 35 22 62 25 134 32 20 22 20 38 26 438 63 124 157 46 23 26 22 84 55 148 24 45 39 30 20
leaf_count=33 35 22 62 25 134 32 20 22 20 38 26 438 63 124 157 46 23 26 22 84 55 148 24 45 39 30 20
internal_value=1.4677e-05 -0.000265729 -0.000139983 -3.84603e-05 -0.000440462 0.00112926 0.00138376 0.000625533 0.000912249 0.000382122 0.000190839 -8.78896e-05 0.000219737 -0.000148799 -0.000230639 -0.000631025 8.04195e-05 0.00180237 -0.000640488 -0.000670573 -0.000701624 -0.000465421 0.00173753 0.00139487 0.00200385 0.000980453 0
internal_weight=1813 1438 1107 865 242 375 229 146 124 71 78 840 98 742 595 180 147 46 331 309 287 203 158 134 89 50 46
internal_count=1813 1438 1107 865 242 375 229 146 124 71 78 840 98 742 595 180 147 46 331 309 287 203 158 134 89 50 46
is_linear=0
shrinkage=0.05


Tree=46
num_leaves=33
num_cat=0
split_feature=8 18 13 3 9 6 6 3 1 6 6 3 6 3 6 8 6 6 3 8 8 3 8 3 8 8 6 6 6 6 3 6
split_gain=0.213173 0.0205284 0.00976485 0.0155935 0.0124041 0.010361 0.0092441 0.00914054 0.00895542 0.00616074 0.0182959 0.0180406 0.0182546 0.0132172 0.00703978 0.00575588 0.0119589 0.00528627 0.00270417 0.00131384 0.00273171 0.00114114 0.0016822 0.00106203 0.000812054 0.00422789 0.000762501 0.000725671 0.000585299 0.00236383 0.00050341 9.77884e-05
threshold=3.6950000000000007 1.0000000180025095e-35 1.0000000180025095e-35 77.250000000000014 13.550000000000002 7.0385185185185195 6.3196594427244595 80.450000000000017 11.250000000000002 6.5919899874843564 5.4250427013533056 94.050000000000011 7.1199280945043677 90.350000000000009 6.7974358974358982 13.945000000000002 5.8303357314148689 5.3169580068314257 53.800000000000004 37.345000000000006 35.38000000000001 78.950000000000017 37.405000000000008 77.250000000000014 37.670000000000009 33.570000000000007 5.6994623655913985 5.0388437217705517 5.8303357314148689 6.2258652094717677 88.450000000000017 6.9779554263565897
decision_type=2 2 2 2 2 2 2 2 2 2 2 2 2 2 2 2 2 2 2 2 2 2 2 2 2 2 2 2 2 2 2 2
left_child=9 2 3 4 15 7 17 21 19 10 13 12 14 -1 -11 26 -17 -6 -8 20 -5 22 -4 -3 25 -9 -2 -25 -29 -30 -14 -16
right_child=1 23 5 8 6 -7 18 24 -10 11 -12 -13 30 -15 31 16 -18 -19 -20 -21 -22 -23 -24 27 -26 -27 -28 28 29 -31 -32 -33
leaf_value=0 -0.00054290193814270906 0 0 0 0.00013898885140809614 7.0961913160241637e-05 0.0005011240734904399 -0.00066139712229542453 0.0014307006427403447 0.0007870500203764107 0.0016680085898299929 -0.00029317979688334362 0.00023070533067134804 0.0010461534693832302 0 -0.00020000289556118797 -0.00082296958145376513 -0.00020000289556118797 0 0 0.00069104746889726691 0 -0.00052819095456258587 0 -0.0013203987365238592 0 -0.00020000289556118797 -0.0010364763206975759 0 -0.00055695404100783831 0.0022959663217511921 -0.00010974016774610936
leaf_weight=33 28 22 20 29 64 32 92 41 20 32 158 22 20 38 26 49 148 159 59 118 26 39 25 22 49 24 85 84 55 148 26 20
leaf_count=33 28 22 20 29 64 32 92 41 20 32 158 22 20 38 26 49 148 159 59 118 26 39 25 22 49 24 85 84 55 148 26 20
internal_value=1.40997e-05 -0.000254394 -0.000133316 -3.79651e-05 -0.00016504 -0.000431237 0 -0.000588028 0.000334352 0.00108303 0.00132664 0.000596463 0.000875305 0.000352789 0.000175393 -0.000400006 -0.000589532 -0.000173112 0.000329417 0.000118794 0.000321901 0 -0.000250952 -0.000613566 -0.000894324 -0.000338829 -0.000200003 -0.000641736 -0.000670578 -0.000444083 0.00172931 0
internal_weight=1813 1438 1107 877 684 230 374 198 193 375 229 146 124 71 78 310 197 223 151 173 55 84 45 331 114 65 113 309 287 203 46 46
internal_count=1813 1438 1107 877 684 230 374 198 193 375 229 146 124 71 78 310 197 223 151 173 55 84 45 331 114 65 113 309 287 203 46 46
is_linear=0
shrinkage=0.05


Tree=47
num_leaves=33
num_cat=0
split_feature=8 18 13 3 9 6 6 3 1 8 6 6 3 3 6 3 6 6 6 3 6 8 3 8 3 6 6 8 8 6 6 6
split_gain=0.193301 0.0190747 0.00891994 0.0142152 0.0107691 0.00966662 0.00849441 0.00834434 0.00788647 0.00550611 0.0111656 0.00483147 0.0168559 0.0170791 0.0163057 0.0121337 0.0115723 0.0136073 0.00482113 0.00260978 0.00128984 0.00285682 0.00101244 0.0015388 0.000877218 0.000567482 0.000537241 0.000334334 0.00388455 8.11745e-05 0.00200407 1.05884e-05
threshold=3.6950000000000007 1.0000000180025095e-35 1.0000000180025095e-35 77.250000000000014 13.550000000000002 7.0385185185185195 6.3196594427244595 80.450000000000017 11.250000000000002 13.945000000000002 5.8303357314148689 6.5919899874843564 94.050000000000011 85.750000000000014 5.4250427013533056 90.350000000000009 7.163170633319889 6.8094277329420416 5.3169580068314257 40.050000000000004 5.693376068376069 41.220000000000006 78.950000000000017 37.405000000000008 77.250000000000014 5.6994623655913985 5.0388437217705517 37.670000000000009 33.570000000000007 5.8303357314148689 6.2258652094717677 5.3001750592112051
decision_type=2 2 2 2 2 2 2 2 2 2 2 2 2 2 2 2 2 2 2 2 2 2 2 2 2 2 2 2 2 2 2 2
left_child=11 2 3 4 9 7 18 22 20 25 -11 14 13 -13 15 -1 17 -15 -6 -8 31 -22 23 -4 -3 -2 -26 28 -9 -28 -31 -5
right_child=1 24 5 8 6 -7 19 27 -10 10 -12 12 -14 16 -16 -17 -18 -19 -20 -21 21 -23 -24 -25 26 -27 29 -29 -30 30 -32 -33
leaf_value=0 -0.00051604459266254004 0 0 0 0.00013207183875799656 6.7446769096949177e-05 0 -0.00062856748711416998 0.0013602226612437975 -0.00018680589460503468 -0.00078190433012414865 0 -0.00027871799442265603 0.0012055137037935823 0.001584766223433646 0.00099425554231742977 0.0020284374298389293 0 -0.00018680589460503468 0.00046025945240519536 0.00046899467564970548 0 0 -0.00050209460213132529 0 -0.00018680589460503468 -0.00098483692582592829 -0.0012547805282768073 0 0 -0.00052916267092339064 -2.9081235916469826e-05
leaf_weight=33 28 22 20 22 64 32 50 41 20 49 148 25 22 30 158 38 36 33 159 101 57 63 39 25 22 85 84 49 24 55 148 31
leaf_count=33 28 22 20 22 64 32 50 41 20 49 148 25 22 30 158 38 36 33 159 101 57 63 39 25 22 85 84 49 24 55 148 31
internal_value=1.36066e-05 -0.000241662 -0.000124431 -3.26065e-05 -0.000154767 -0.000408929 0 -0.000561547 0.000322303 -0.000373612 -0.000556182 0.00103185 0.000568832 0.000840189 0.00126051 0.000324911 0.00114614 0.000397773 -0.000167984 0.000314182 0.00011361 0.000213069 0 -0.000236377 -0.000587986 -0.000186806 -0.000614336 -0.000854159 -0.000318066 -0.00064108 -0.00042381 0
internal_weight=1813 1438 1107 877 684 230 374 198 193 310 197 375 146 124 229 71 99 63 223 151 173 120 84 45 331 113 309 114 65 287 203 53
internal_count=1813 1438 1107 877 684 230 374 198 193 310 197 375 146 124 229 71 99 63 223 151 173 120 84 45 331 113 309 114 65 287 203 53
is_linear=0
shrinkage=0.05


Tree=48
num_leaves=19
num_cat=0
split_feature=8 18 5 2 6 6 3 8 0 3 3 6 8 0 8 1 6 8
split_gain=0.152311 0.0308602 0.0158726 0.010082 0.00448314 0.00747967 0.00642178 0.00487822 0.00442112 0.00330565 0.00314879 0.00579751 0.00246088 0.00505556 0.00109269 0.000491204 0.000198368 8.37734e-05
threshold=2.3250000000000006 1.0000000180025095e-35 1035.9000000000003 0.92500000000000016 5.1986842105263174 6.1166747690811869 54.45000000000001 6.2700000000000014 44.500000000000007 77.750000000000014 85.750000000000014 5.1583124477861331 36.335000000000008 51.500000000000007 29.445000000000004 5.4500000000000011 6.8870673952641175 50.330000000000005
decision_type=2 2 2 2 2 2 2 2 2 2 2 2 2 2 2 2 2 2
left_child=10 2 3 4 8 7 -7 -6 -2 -3 -1 -12 15 -14 -11 16 -5 -16
right_child=1 9 -4 12 5 6 -8 -9 -10 14 11 -13 13 -15 17 -17 -18 -19
leaf_value=0 0 0 0.0010662833548369186 -0.00052205437394926564 0.0003381514683999914 0.00031131472982034352 -2.870854376736841e-05 -0.00015333490962853212 0.00049522966092302998 0 0 0.0011489813640810712 -0.00055952368476556394 -0.00015333490962853212 -0.00070246451240616717 -0.00015333490962853212 -0.00024324689139245249 0
leaf_weight=34 22 31 30 25 42 205 235 238 58 26 23 274 173 51 264 62 21 20
leaf_count=34 22 31 30 25 42 205 235 238 58 26 23 274 173 51 264 62 21 20
internal_value=3.55667e-05 -0.0001698 -3.31646e-05 -7.5824e-05 2.24536e-06 -1.7906e-05 9.57479e-05 -0.000153335 0.000369796 -0.000591014 0.00101268 0.00108133 -0.000308915 -0.00042445 -0.000640957 -0.000153335 -0.000333159 -0.000676761
internal_weight=1834 1503 1162 1132 800 720 440 280 80 341 331 297 332 224 310 108 46 284
internal_count=1834 1503 1162 1132 800 720 440 280 80 341 331 297 332 224 310 108 46 284
is_linear=0
shrinkage=0.05


Tree=49
num_leaves=18
num_cat=0
split_feature=8 18 5 13 6 3 3 9 3 3 8 3 6 6 8 8 3
split_gain=0.138508 0.0280058 0.0143852 0.00906412 0.00698196 0.0106185 0.00294524 0.00271044 0.00545818 0.0050354 0.00541275 0.00231847 0.00497355 0.000966275 0.000837232 0.000500457 0.000248932
threshold=2.3250000000000006 1.0000000180025095e-35 1035.9000000000003 1.0000000180025095e-35 7.0385185185185195 80.450000000000017 77.750000000000014 14.900000000000002 36.900000000000006 75.750000000000014 14.810000000000002 85.750000000000014 5.1583124477861331 6.0753578611143988 29.445000000000004 12.210000000000003 78.350000000000009
decision_type=2 2 2 2 2 2 2 2 2 2 2 2 2 2 2 2 2
left_child=11 2 3 7 5 16 -3 9 15 10 -2 -1 -13 -10 -8 -9 -5
right_child=1 6 -4 4 -6 -7 14 8 13 -11 -12 12 -14 -15 -16 -17 -18
leaf_value=0 0 0 0.0010134970252140864 -0.00012747088408306749 0 -0.00081534029787970518 0 0.00047035506355133714 6.2740332906047712e-07 6.2740332906047712e-07 -0.00037273404028054073 0 0.0010915951089301315 0.00011692846403529045 -0.00064414606308659287 6.2740332906047712e-07 0
leaf_weight=34 132 31 30 38 33 109 26 53 191 114 212 23 274 178 284 20 52
leaf_count=34 132 31 30 38 33 109 26 53 191 114 212 23 274 178 284 20 52
internal_value=3.30431e-05 -0.000162408 -3.15819e-05 -7.27869e-05 -0.000351243 -0.00048102 -0.000563846 0 8.73772e-05 -8.61223e-05 -0.000215323 0.000965165 0.00102838 6.27403e-07 -0.000611075 0.000470355 0
internal_weight=1834 1503 1162 1132 232 199 341 900 442 458 344 331 297 369 310 73 90
internal_count=1834 1503 1162 1132 232 199 341 900 442 458 344 331 297 369 310 73 90
is_linear=0
shrinkage=0.05


Tree=50
num_leaves=26
num_cat=0
split_feature=8 18 2 8 8 3 6 6 8 0 3 6 8 6 1 6 3 6 15 3 8 6 9 3 3
split_gain=0.125494 0.0256268 0.0107309 0.00806516 0.00448701 0.00495122 0.00676209 0.00605813 0.0035214 0.00653272 0.00262362 0.00235748 0.00316074 0.00221183 0.00988626 0.0106613 0.00590575 0.00576484 0.00373514 0.000844821 0.00074266 0.00280315 0.000644067 0.000613832 0.000237558
threshold=2.3250000000000006 1.0000000180025095e-35 0.91500000000000015 53.405000000000008 32.600000000000009 50.95000000000001 6.3006849315068498 6.9201850780798173 36.335000000000008 51.500000000000007 77.65000000000002 5.2189897698209728 40.530000000000008 6.8094277329420416 12.550000000000002 5.4250427013533056 88.550000000000011 6.9528371407516598 1.0000000180025095e-35 87.850000000000009 33.225000000000001 5.5364521841794581 25.100000000000005 90.350000000000009 81.65000000000002
decision_type=2 2 2 2 2 2 2 2 2 2 2 2 2 2 2 2 2 2 2 2 2 2 2 2 2
left_child=13 2 3 4 5 6 -2 -7 20 -10 -3 12 -6 14 16 23 -1 -15 -19 -20 21 -4 -12 -16 -13
right_child=1 10 8 -5 11 7 -8 -9 9 -11 22 24 -14 17 15 -17 -18 18 19 -21 -22 -23 -24 -25 -26
leaf_value=-2.9733393162378859e-05 -0.0001006082384695223 0 -0.0001006082384695223 0.00099191559306765586 0 0.00063470547026316495 0.00029073801827962279 0 -0.00052267831310089769 -0.0001006082384695223 -0.00060391653491950661 -0.0001006082384695223 0.00056030069421910984 0 0.00072782422366186612 0.0016665800415083484 0.00065120972556793975 0.0011496562539336013 0.00032255548497505965 0 -0.0001006082384695223 -0.00055198918148186113 0 0.00073684607655885451 0
leaf_weight=20 169 28 20 23 21 88 144 28 189 55 292 245 28 20 24 119 38 29 20 29 57 42 21 32 53
leaf_count=20 169 28 20 23 21 88 144 28 189 55 292 245 28 20 24 119 38 29 20 29 57 42 21 32 53
internal_value=3.25041e-05 -0.000153118 -2.74356e-05 6.01228e-05 1.28101e-05 0.000136922 0 0.000419089 -0.000261339 -0.000377552 -0.000537046 -9.74263e-05 0.000141174 0.000920025 0.00107774 0.00129548 0.000160167 0.000390322 0.000612641 0 -0.000100608 -0.000301817 -0.000578904 0.000727824 -0.000100608
internal_weight=1834 1503 1162 799 776 429 313 116 363 244 341 347 49 331 233 175 58 98 78 49 119 62 313 56 298
internal_count=1834 1503 1162 799 776 429 313 116 363 244 341 347 49 331 233 175 58 98 78 49 119 62 313 56 298
is_linear=0
shrinkage=0.05


Tree=51
num_leaves=31
num_cat=0
split_feature=8 3 3 3 6 5 6 19 14 9 6 6 6 5 3 6 3 8 8 9 6 6 6 3 6 8 6 6 3 8
split_gain=0.0942839 0.0138292 0.0195023 0.0150973 0.0138239 0.0137865 0.0137845 0.0126728 0.0182268 0.0119812 0.011649 0.0117092 0.0110729 0.00933357 0.00833414 0.0144946 0.0132201 0.00544786 0.00536702 0.00475939 0.00448967 0.0034933 0.00342616 0.00277497 0.00250052 0.00216836 0.0019283 0.00152743 0.000823312 0.000421387
threshold=2.3250000000000006 90.450000000000017 91.850000000000009 88.550000000000011 5.7454747538901243 1035.9000000000003 6.5608198924731198 1.0000000180025095e-35 1.0000000180025095e-35 16.250000000000004 6.0248687055915982 5.5465467436974807 6.0817776539426038 915.60000000000014 50.95000000000001 6.3006849315068498 40.050000000000004 6.0750000000000011 50.475000000000009 8.8500000000000032 7.0283649986620294 4.9863387978142084 5.7187780772686443 94.050000000000011 6.5733855185909986 12.210000000000003 5.3883861236802426 7.163170633319889 67.350000000000009 50.995000000000012
decision_type=2 2 2 2 2 2 2 2 2 2 2 2 2 2 2 2 2 2 2 2 2 2 2 2 2 2 2 2 2 2
left_child=1 3 12 4 -1 7 10 8 18 -5 11 -4 -3 -6 15 16 22 -17 20 24 21 -2 -9 -8 -10 -19 -18 -22 -21 -30
right_child=5 2 6 9 13 -7 23 14 19 -11 -12 -13 -14 -15 -16 17 26 25 -20 28 27 -23 -24 -25 -26 -27 -28 -29 29 -31
leaf_value=-7.9246204498307929e-05 0 0 0.0010591751859440315 0.00031916620755643202 0 0.00073981229271795671 0.00038924347062170664 0.0002368111647115963 -2.4261124688869137e-05 0.0026495538071515546 0.0021576380901951564 -0.00010205846139942538 -0.001285449898596241 0.0013839647087994147 0.00026715918191700912 -0.00018170088031651952 0 0.00026715918191700912 0 0 6.2601078961982344e-05 -0.00052025604581157239 -0.00035188254884524912 -0.00032362116743688999 -0.00056272990422773163 0 -0.0011882580626891969 -0.00024599207247700855 0.00026715918191700912 0
leaf_weight=23 33 21 29 27 30 33 28 48 26 35 25 21 21 43 64 30 20 74 71 20 43 635 47 25 32 45 49 60 136 27
leaf_count=23 33 21 29 27 30 33 28 48 26 35 25 21 21 43 64 30 20 74 71 20 43 635 47 25 32 45 49 60 136 27
internal_value=0 0.00076132 0.00031385 0.00114651 0.000511424 -0.00017441 0.000672457 -0.000205494 -0.000293512 0.0018819 0.00110821 0.000275546 -0.000421457 0.000901727 7.62851e-06 -8.22759e-05 -0.000439516 0.000210552 -0.000405617 3.60131e-05 -0.000443921 -0.0004942 0 0 -0.000260673 0.000267159 -0.000966903 0 0.00021215 0.000251246
internal_weight=1821 328 170 158 96 1493 128 1460 1083 62 75 50 42 73 377 313 164 149 842 241 771 668 95 53 58 119 69 103 183 163
internal_count=1821 328 170 158 96 1493 128 1460 1083 62 75 50 42 73 377 313 164 149 842 241 771 668 95 53 58 119 69 103 183 163
is_linear=0
shrinkage=0.05


Tree=52
num_leaves=31
num_cat=0
split_feature=8 5 3 3 3 6 6 19 14 6 6 6 9 5 3 6 3 8 8 9 6 6 6 3 6 8 6 6 3 8
split_gain=0.0855641 0.0124813 0.0124586 0.0175385 0.0136211 0.0128656 0.0124555 0.011815 0.0165012 0.0103772 0.0107302 0.0101569 0.00975378 0.00821912 0.00773076 0.0134391 0.0121072 0.00512349 0.00485518 0.00429408 0.00405083 0.00315746 0.00309416 0.00250734 0.00229506 0.00188736 0.00143262 0.00137924 0.000767375 0.000369904
threshold=2.3250000000000006 1035.9000000000003 90.450000000000017 91.850000000000009 88.550000000000011 5.7454747538901243 6.5608198924731198 1.0000000180025095e-35 1.0000000180025095e-35 6.0248687055915982 5.5465467436974807 6.0817776539426038 16.250000000000004 915.60000000000014 50.95000000000001 6.3006849315068498 40.050000000000004 6.0750000000000011 50.475000000000009 8.8500000000000032 7.0283649986620294 4.9863387978142084 5.7187780772686443 94.050000000000011 6.5733855185909986 12.210000000000003 5.3883861236802426 7.163170633319889 67.350000000000009 50.995000000000012
decision_type=2 2 2 2 2 2 2 2 2 2 2 2 2 2 2 2 2 2 2 2 2 2 2 2 2 2 2 2 2 2
left_child=2 7 4 11 5 -1 9 8 18 10 -5 -4 -6 -7 15 16 22 -17 20 24 21 -2 -9 -8 -10 -19 -18 -22 -21 -30
right_child=1 -3 3 6 12 13 23 14 19 -11 -12 -13 -14 -15 -16 17 26 25 -20 28 27 -23 -24 -25 -26 -27 -28 -29 29 -31
leaf_value=-7.5334933478497158e-05 0 0.00070315492944232573 0 0.0010067586387140493 0.00030338329176892679 0 0.00036998767059793298 0.00022504417766579747 -2.1224262731527251e-05 0.0020510353192156952 -9.702741312728804e-05 -0.0012220826362884939 0.0025182020176392019 0.001315245863026563 0.00025493736214738158 -0.00017270577346088472 0 0.00025493736214738158 0 0 5.9492698457634082e-05 -0.00049425552700801923 -0.00033439999775090765 -0.00030763200060887771 -0.00053485473743156934 0 -0.0011292067090045608 -0.00023375365053532129 0.00025493736214738158 0
leaf_weight=23 33 33 21 29 27 30 28 48 26 25 21 21 35 43 64 30 20 74 71 20 43 635 47 25 32 45 49 60 136 27
leaf_count=23 33 33 21 29 27 30 28 48 26 25 21 21 35 43 64 30 20 74 71 20 43 635 47 25 32 45 49 60 136 27
internal_value=0 -0.000163284 0.000728215 0.000296725 0.00109628 0.000481472 0.000639206 -0.00019328 -0.000278523 0.00105342 0.000247144 -0.000389549 0.00180056 0.000861133 1.18664e-05 -7.44436e-05 -0.000420223 0.000205757 -0.00038529 3.23464e-05 -0.000421723 -0.000469483 0 0 -0.000244688 0.000254937 -0.000924894 0 0.000202239 0.000240121
internal_weight=1821 1493 328 170 158 96 128 1460 1083 75 50 42 62 73 377 313 164 149 842 241 771 668 95 53 58 119 69 103 183 163
internal_count=1821 1493 328 170 158 96 128 1460 1083 75 50 42 62 73 377 313 164 149 842 241 771 668 95 53 58 119 69 103 183 163
is_linear=0
shrinkage=0.05


Tree=53
num_leaves=29
num_cat=0
split_feature=8 5 3 3 6 6 19 14 6 6 6 5 3 6 3 8 8 9 6 3 6 6 6 8 6 6 3 8
split_gain=0.0776833 0.011299 0.0112225 0.0157717 0.0127216 0.011368 0.0110236 0.0149396 0.0109745 0.0098297 0.00931763 0.00765976 0.0071744 0.0124689 0.0110949 0.0048189 0.00439265 0.0038734 0.00365486 0.0030676 0.00285412 0.00279433 0.00210671 0.00162416 0.00124543 0.000998345 0.000715642 0.000323723
threshold=2.3250000000000006 1035.9000000000003 90.450000000000017 91.850000000000009 5.5872210953346864 6.5399074609600936 1.0000000180025095e-35 1.0000000180025095e-35 6.0248687055915982 5.5465467436974807 6.0817776539426038 794.15000000000009 50.95000000000001 6.3006849315068498 40.050000000000004 6.0750000000000011 50.475000000000009 8.8500000000000032 7.0283649986620294 94.050000000000011 4.9863387978142084 5.7187780772686443 6.5733855185909986 12.210000000000003 7.163170633319889 5.3883861236802426 67.350000000000009 50.995000000000012
decision_type=2 2 2 2 2 2 2 2 2 2 2 2 2 2 2 2 2 2 2 2 2 2 2 2 2 2 2 2
left_child=2 6 4 10 -1 8 7 16 9 -5 -4 -6 13 14 21 -15 18 22 20 -7 -2 -8 -9 -17 -20 -16 -19 -28
right_child=1 -3 3 5 11 19 12 17 -10 -11 -12 -13 -14 15 25 23 -18 26 24 -21 -22 -23 -24 -25 -26 -27 27 -29
leaf_value=0 0 0.0006683139215424859 0 0.00095693611050399682 0 0.00040855586809684669 0.00021386182667903496 -1.8377075652392801e-05 0.0020797816700753734 -9.2244439893905014e-05 -0.0011618391031338155 0.00150525274051155 0.00024331293936102343 -0.00016415597864798589 0 0.00024331293936102343 0 0 5.6538669748433972e-05 -0.00032502202593328385 -0.00046955441600206728 -0.00031778605312235013 -0.00050836038087702276 0 -0.00022212411415034207 -0.001073089922527059 0.00024331293936102343 0
leaf_weight=37 33 33 21 29 22 29 48 26 23 21 21 99 64 30 20 74 71 20 43 26 635 47 32 45 60 49 136 27
leaf_count=37 33 33 21 29 22 29 48 26 23 21 21 99 64 30 20 74 71 20 43 26 635 47 32 45 60 49 136 27
internal_value=0 -0.000152725 0.000696751 0.000280448 0.00104854 0.000607599 -0.000181688 -0.000264293 0.00101681 0.000220148 -0.000359213 0.00130268 1.58746e-05 -6.70128e-05 -0.000401889 0.000201174 -0.000365978 2.88229e-05 -0.000400634 0 -0.000446002 0 -0.000229536 0.000243313 0 -0.000884973 0.000192782 0.000229505
internal_weight=1821 1493 328 170 158 128 1460 1083 73 50 42 121 377 313 164 149 842 241 771 55 668 95 58 119 103 69 183 163
internal_count=1821 1493 328 170 158 128 1460 1083 73 50 42 121 377 313 164 149 842 241 771 55 668 95 58 119 103 69 183 163
is_linear=0
shrinkage=0.05


Tree=54
num_leaves=25
num_cat=0
split_feature=8 3 1 9 14 7 8 0 9 6 6 6 6 6 6 3 3 8 6 3 3 6 8 8
split_gain=0.0748631 0.0158912 0.0129968 0.0194021 0.0149106 0.0111327 0.00726699 0.00661963 0.00574566 0.00727484 0.0103336 0.00612544 0.00336398 0.00235445 0.00205553 0.00178759 0.00431283 0.00148941 0.00117509 0.00102767 0.00550829 0.000669299 9.66814e-05 0.000108682
threshold=7.1750000000000007 51.650000000000013 12.450000000000001 25.300000000000004 1.0000000180025095e-35 0.31775000000000003 50.475000000000009 65.500000000000014 36.750000000000007 5.8561221975856137 6.5919899874843564 6.7538163590795177 5.7187780772686443 5.658404732762139 6.5608198924731198 39.250000000000007 30.050000000000004 35.535000000000004 5.1583124477861331 40.350000000000001 31.450000000000003 5.4950004950004958 47.525000000000013 38.705000000000005
decision_type=2 2 2 2 2 2 2 2 2 2 2 2 2 2 2 2 2 2 2 2 2 2 2 2
left_child=1 19 4 -4 5 15 7 12 9 13 -11 -12 -7 18 17 16 -2 -6 -3 20 -1 -20 23 -16
right_child=2 8 3 -5 14 6 -8 -9 -10 10 11 -13 -14 -15 22 -17 -18 -19 21 -21 -22 -23 -24 -25
leaf_value=0 0.00016664606400607955 0 0.00016664606400607955 0.0016144153100908867 0 -0.0006685672677133412 -0.00017364517812591495 -0.00017364517812591495 0.0014645727135574943 0.0010022710146871659 -3.2918489855396899e-05 0.00047343643187052132 -0.00031975117791070072 -0.00018670968608150787 0 0.00016664606400607955 -0.00017364517812591495 0.00016664606400607955 0.00052039828395199033 -0.00016451362114449535 0.00072619898455355701 0 0 -0.00013016982867748237
leaf_weight=22 35 26 22 24 20 256 74 26 46 86 27 114 574 20 21 41 62 150 36 52 28 21 23 30
leaf_count=22 35 26 22 24 20 256 74 26 46 86 27 114 574 20 21 41 62 150 36 52 28 21 23 30
internal_value=0 0.000543958 -0.000183292 0.000553985 -0.000220692 -0.000304965 -0.000369652 -0.000415071 0.000694025 0.000539969 0.000709593 0.000270454 -0.000445606 1.99559e-05 8.66966e-05 2.23616e-05 0 0.000166646 0.00025032 0 0.000151448 0.000377308 0 -6.86409e-05
internal_weight=1836 478 1358 46 1312 1068 930 856 376 330 227 141 830 103 244 138 97 170 83 102 50 57 74 51
internal_count=1836 478 1358 46 1312 1068 930 856 376 330 227 141 830 103 244 138 97 170 83 102 50 57 74 51
is_linear=0
shrinkage=0.05


Tree=55
num_leaves=17
num_cat=0
split_feature=2 18 9 6 6 9 6 14 6 6 5 6 7 3 9 3
split_gain=0.0621793 0.0132002 0.0129158 0.0116769 0.0137578 0.0090144 0.00535477 0.00513314 0.00441827 0.00610816 0.00430203 0.00167151 0.00166352 0.00101128 0.000340361 1.76422e-05
threshold=0.095000000000000015 1.0000000180025095e-35 36.750000000000007 5.8366666666666678 6.5919899874843564 16.650000000000002 7.1486643437862964 1.0000000180025095e-35 5.206290021885386 7.0283649986620294 829.20000000000016 7.3623737373737379 0.33175000000000004 80.450000000000017 25.100000000000005 79.850000000000009
decision_type=2 2 2 2 2 2 2 2 2 2 2 2 2 2 2 2
left_child=2 5 3 -1 -5 7 -6 8 -2 13 12 -8 -7 -10 -3 -11
right_child=1 14 -4 4 6 10 11 -9 9 15 -12 -13 -14 -15 -16 -17
leaf_value=0.00019001370063161151 -2.3348677491129919e-05 -0.0004479178540610178 0.0014468345259479691 0.00091397793763107061 0.00019001370063161151 9.5006850315805755e-05 0.00081380466648424919 -2.3348677491129919e-05 -0.00025125876804939765 -9.3681546051325467e-05 0.00019001370063161151 0.00019001370063161151 -2.3348677491129919e-05 -0.00070591834182703623 0 -2.3348677491129919e-05
leaf_weight=121 51 319 47 111 90 89 37 149 299 70 47 25 247 85 20 29
leaf_count=121 51 319 47 111 90 89 37 149 299 70 47 25 247 85 20 29
internal_value=0 -0.000153013 0.00053304 0.000381121 0.000582674 -5.02484e-05 0.000190014 -0.000168936 -0.000246539 -0.00030018 0.000122239 0.000561052 0 -0.000391404 -0.000431621 -2.33487e-05
internal_weight=1836 1405 431 384 263 1066 152 683 534 483 383 62 336 384 339 99
internal_count=1836 1405 431 384 263 1066 152 683 534 483 383 62 336 384 339 99
is_linear=0
shrinkage=0.05


Tree=56
num_leaves=24
num_cat=0
split_feature=8 3 1 9 18 9 6 6 6 8 7 3 6 7 6 3 3 6 2 8 3 3 6
split_gain=0.0610223 0.0142464 0.0108542 0.0176699 0.00697951 0.00361066 0.00630984 0.0086344 0.00541001 0.00344163 0.00445908 0.0067274 0.00271608 0.00252595 0.00206907 0.00164483 0.00297811 0.00107646 0.00106305 0.00101748 0.000857026 0.00488282 0.000587438
threshold=7.1750000000000007 51.650000000000013 12.450000000000001 25.300000000000004 1.0000000180025095e-35 36.750000000000007 5.8561221975856137 6.5919899874843564 6.7538163590795177 48.195000000000007 0.31775000000000003 49.850000000000001 6.2699215785479394 0.8992500000000001 5.658404732762139 39.250000000000007 30.050000000000004 5.1583124477861331 0.94500000000000006 29.445000000000004 40.350000000000001 31.450000000000003 5.4950004950004958
decision_type=2 2 2 2 2 2 2 2 2 2 2 2 2 2 2 2 2 2 2 2 2 2 2
left_child=1 20 4 -4 9 6 14 -8 -9 10 15 12 -12 -13 17 16 -2 -3 -11 -6 21 -1 -19
right_child=2 5 3 -5 19 -7 7 8 -10 18 11 13 -14 -15 -16 -17 -18 22 -20 -21 -22 -23 -24
leaf_value=0 0.00015475665262574843 0 0.00015475665262574843 0.0015259421838221326 0 0.0013199455618705465 0.00090745554309994148 -4.0512917573553543e-05 0.000431632520533179 0.00015475665262574843 -0.0014246705424022204 -9.2986741343272178e-05 -9.2986741343272178e-05 -0.0004906816368425794 -0.00019377117534684194 0.00015475665262574843 -9.2986741343272178e-05 0.00048590992223317473 0 -0.00043665908391833723 -0.00016876962285196806 0.00067410334276673872 0
leaf_weight=22 35 26 22 24 26 46 86 27 114 84 20 581 22 67 20 41 62 36 61 313 52 28 21
leaf_count=22 35 26 22 24 26 46 86 27 114 84 20 581 22 67 20 41 62 36 61 313 52 28 21
internal_value=8.52859e-07 0.000494469 -0.000161922 0.000506408 -0.000196895 0.000636728 0.000494966 0.000652231 0.000235171 -0.000106936 -0.000152828 -0.000209905 -0.00089943 -0.00014168 2.27548e-06 2.39314e-05 0 0.000230115 5.16658e-05 -0.000410565 0 0.00011393 0.000352061
internal_weight=1836 478 1358 46 1312 376 330 227 141 973 828 690 42 648 103 138 97 83 145 339 102 50 57
internal_count=1836 478 1358 46 1312 376 330 227 141 973 828 690 42 648 103 138 97 83 145 339 102 50 57
is_linear=0
shrinkage=0.05


Tree=57
num_leaves=16
num_cat=0
split_feature=0 3 7 14 6 9 3 3 3 3 9 6 6 6 6
split_gain=0.0511437 0.0214373 0.0208324 0.0148203 0.0126467 0.00886133 0.00781753 0.00654361 0.0117306 0.00618533 0.00826883 0.00559736 0.0103824 0.00227818 0.000712688
threshold=65.500000000000014 50.95000000000001 0.31775000000000003 1.0000000180025095e-35 5.4250427013533056 36.750000000000007 49.850000000000001 90.450000000000017 95.600000000000009 60.250000000000007 25.700000000000006 6.8642083699151311 7.2016949152542384 7.3226861167002024 5.8927563016581965
decision_type=2 2 2 2 2 2 2 2 2 2 2 2 2 2 2
left_child=2 -2 -1 6 -3 7 -4 11 -9 -8 13 14 -13 -11 -6
right_child=1 4 3 -5 5 -7 9 8 -10 10 -12 12 -14 -15 -16
leaf_value=0.0001515770907885341 0.0001515770907885341 0.0001515770907885341 -0.001285245041432099 -4.0746754626816682e-05 0.0001515770907885341 0.0018380068071248074 -4.0746754626816682e-05 0.0001515770907885341 0.0012212721737022486 -0.00037848737992954881 -4.0746754626816682e-05 0.0001515770907885341 0.00099441071283748439 -0.00020198522733557919 0.0012212721737022486
leaf_weight=161 136 62 30 244 20 33 29 114 21 809 27 23 30 20 67
leaf_count=161 136 62 30 244 20 33 29 114 21 809 27 23 30 20 67
internal_value=1.19108e-05 0.000446562 -0.000143408 -0.000233071 0.000653017 0.000787009 -0.000333993 0.000604538 0.000193005 -0.000284379 -0.000320028 0.000893198 0.000151577 -0.000363224 0.00119865
internal_weight=1826 506 1320 1159 370 308 915 275 135 885 856 140 53 829 87
internal_count=1826 506 1320 1159 370 308 915 275 135 885 856 140 53 829 87
is_linear=0
shrinkage=0.05


Tree=58
num_leaves=33
num_cat=0
split_feature=8 6 15 3 3 6 6 18 3 5 13 3 1 9 8 6 8 6 8 6 8 6 6 3 8 6 6 8 8 3 8 8
split_gain=0.0483926 0.0130453 0.0140296 0.0158118 0.018722 0.0157511 0.011884 0.0102036 0.00873089 0.0120286 0.00758699 0.00734895 0.00759644 0.00585862 0.00579747 0.00889275 0.00556749 0.00390144 0.00868301 0.00439034 0.00471628 0.00463848 0.00312406 0.00278011 0.00252648 0.00252531 0.00399979 0.00142157 0.00044759 0.000140157 0.000121986 4.52988e-07
threshold=3.8450000000000006 5.4250427013533056 1.0000000180025095e-35 90.15000000000002 96.100000000000009 6.7082043343653259 6.7357679914070898 1.0000000180025095e-35 91.15000000000002 1056.7500000000002 1.0000000180025095e-35 80.450000000000017 8.8500000000000032 25.300000000000004 37.670000000000009 7.0385185185185195 44.170000000000009 7.2377109317681603 14.810000000000002 6.8903903903903911 10.675000000000002 6.7281223449447767 6.2047140986468809 92.550000000000011 33.570000000000007 7.0385185185185195 6.5636927480916043 29.110000000000003 30.980000000000004 88.450000000000017 50.010000000000005 37.775000000000006
decision_type=2 2 2 2 2 2 2 2 2 2 2 2 2 2 2 2 2 2 2 2 2 2 2 2 2 2 2 2 2 2 2 2
left_child=1 13 3 5 6 -3 -5 10 9 25 11 17 31 -1 22 16 -16 19 -19 21 -21 -2 28 -10 -24 26 -4 -9 -12 -11 -29 -13
right_child=7 2 8 4 -6 -7 -8 27 23 29 14 12 -14 -15 15 -17 -18 18 -20 20 -22 -23 24 -25 -26 -27 -28 30 -30 -31 -32 -33
leaf_value=-0.00055554668655287778 -3.9103351313431893e-05 0.0025443744027812999 0 -0.00068719440815921435 0.0016224497336175944 0 0.00073080925554361038 0 -0.00060104686730160515 0.00055440206947830414 0 7.4690508913120597e-06 0.0010705618779300837 0.00033445265817586803 -0.0011099327087640551 0 0 0.001044061312182455 0 -0.00087037425165298202 0 0.00044424938960738392 -0.00057263451293809969 0 0 0.00048114478342817647 -0.00064994068411381356 -0.00040161112984885591 0.0002579535232244212 0.0017903076448043842 0 0
leaf_weight=34 575 35 21 34 22 20 25 24 20 29 26 20 33 36 56 20 30 27 40 32 76 54 37 33 21 24 25 285 45 21 21 25
leaf_count=34 575 35 21 34 22 20 25 24 20 29 26 20 33 36 56 20 30 27 40 32 76 54 37 33 21 24 25 285 45 21 21 25
internal_value=1.42337e-05 0.000524019 0.000664969 0.00108858 0.000382526 0.00184944 0 -0.000109007 0.000244096 0.000513894 -2.21629e-05 3.01446e-05 0.000494854 0 -0.000282019 -0.000558928 -0.000801506 0 0.000345879 -4.80512e-05 -0.000342149 0 0 -8.47964e-05 -0.000318521 0 -0.000121884 -0.000357259 0.000163039 0.0011088 -0.000386313 0
internal_weight=1826 379 309 136 81 55 59 1447 173 120 1117 882 78 70 235 106 86 804 67 737 108 629 129 53 58 70 46 330 71 50 306 45
internal_count=1826 379 309 136 81 55 59 1447 173 120 1117 882 78 70 235 106 86 804 67 737 108 629 129 53 58 70 46 330 71 50 306 45
is_linear=0
shrinkage=0.05


Tree=59
num_leaves=32
num_cat=0
split_feature=8 6 15 3 3 6 6 18 3 5 13 3 1 6 8 6 9 8 9 6 8 3 3 6 6 6 8 6 3 6 8
split_gain=0.0446794 0.012039 0.0126579 0.0140156 0.0169193 0.0133569 0.0107368 0.00921194 0.008059 0.0106921 0.00678566 0.00670619 0.00680724 0.00542703 0.00810282 0.00553017 0.0052922 0.00482452 0.00358177 0.00924834 0.00873335 0.00256915 0.00253628 0.00243717 0.00223504 0.00366132 0.00129166 0.00105526 0.00105037 0.00014475 4.09459e-07
threshold=3.8450000000000006 5.4250427013533056 1.0000000180025095e-35 90.15000000000002 96.100000000000009 6.7082043343653259 6.7357679914070898 1.0000000180025095e-35 91.15000000000002 1056.7500000000002 1.0000000180025095e-35 80.450000000000017 8.8500000000000032 7.0385185185185195 37.670000000000009 6.2047140986468809 25.300000000000004 44.170000000000009 13.950000000000001 6.3196594427244595 6.0750000000000011 34.550000000000004 92.550000000000011 6.7974358974358982 7.0385185185185195 6.5636927480916043 29.110000000000003 5.3169580068314257 81.250000000000014 5.0388437217705517 37.775000000000006
decision_type=2 2 2 2 2 2 2 2 2 2 2 2 2 2 2 2 2 2 2 2 2 2 2 2 2 2 2 2 2 2 2
left_child=1 16 3 5 6 -3 -5 10 9 24 11 18 30 14 15 28 -1 -16 21 27 -21 -2 -10 -23 25 -4 -9 -20 -12 -28 -13
right_child=7 2 8 4 -6 -7 -8 26 22 -11 13 12 -14 -15 17 -17 -18 -19 19 20 -22 23 -24 -25 -26 -27 29 -29 -30 -31 -32
leaf_value=-0.00052801228668703643 -0.00051702713885778365 0.0024182368232143082 0 -0.00065313521392491413 0.0015424185954535487 0 0.0006947020100054181 0 -0.00057143865111903322 0.0010554501677355981 0.0003608749696268916 7.1011284386895396e-06 0.001017516015577144 4.2168413639786384e-06 -0.0010547318005542309 -0.0005289467802813265 0.00031786822619624751 0 0.00015782169168808665 -1.9891218237009156e-05 0.00058580211533494631 -1.9891218237009156e-05 0 -0.00024558826802383992 0.00045738456379852178 -0.00061782894678148834 0 -1.9891218237009156e-05 0 -0.00038325207501946649 0
leaf_weight=34 45 35 21 34 22 20 25 24 20 50 33 20 33 35 56 43 36 30 73 22 138 231 33 108 24 25 22 187 38 284 25
leaf_count=34 45 35 21 34 22 20 25 24 20 50 33 20 33 35 56 43 36 30 73 22 138 231 33 108 24 25 22 187 38 284 25
internal_value=1.42095e-05 0.000504278 0.000639653 0.00104468 0.000363707 0.00176892 0 -0.000103863 0.000233434 0.000493539 -2.06228e-05 2.80296e-05 0.000472199 -0.000266776 -0.000389022 0 0 -0.000765494 0 8.46046e-05 0.000400333 -0.000124387 -7.35197e-05 -2.7647e-05 0 -0.000104337 -0.000339933 -1.98912e-05 0.000154899 -0.000367629 0
internal_weight=1826 379 309 136 81 55 59 1447 173 120 1117 882 78 235 200 114 70 86 804 420 160 384 53 339 70 46 330 260 71 306 45
internal_count=1826 379 309 136 81 55 59 1447 173 120 1117 882 78 235 200 114 70 86 804 420 160 384 53 339 70 46 330 260 71 306 45
is_linear=0
shrinkage=0.05


Tree=60
num_leaves=21
num_cat=0
split_feature=8 18 3 6 6 3 3 6 3 6 3 6 6 8 2 2 3 0 8 3
split_gain=0.0799811 0.00839305 0.0078726 0.0164087 0.0141053 0.0107373 0.00770916 0.00756293 0.00740644 0.0034235 0.00362481 0.00261663 0.00686068 0.00718755 0.00385587 0.00335693 0.00231573 0.00127742 0.00088509 0.000336138
threshold=2.3250000000000006 1.0000000180025095e-35 90.450000000000017 5.5872210953346864 5.7187780772686443 92.450000000000017 88.850000000000009 6.516002723867893 87.350000000000009 6.7357679914070898 94.350000000000009 5.1986842105263174 5.5067877453678236 11.815000000000001 0.92500000000000016 0.19500000000000003 93.850000000000009 44.500000000000007 29.110000000000003 77.750000000000014
decision_type=2 2 2 2 2 2 2 2 2 2 2 2 2 2 2 2 2 2 2 2
left_child=2 6 3 -1 16 -6 8 -5 11 10 -7 14 13 -13 17 -14 -4 -2 -3 -20
right_child=1 18 4 7 5 9 -8 -9 -10 -11 -12 12 15 -15 -16 -17 -18 -19 19 -21
leaf_value=0 0.00019955210507891443 0 0.0013290518166153556 0.002121897113702731 -0.0006606933297769016 -0.00030811123882806346 0.00068740311275199964 0.00070115088393632506 -0.00082943681058050042 0.0007339944565263333 0.00056869469610561294 -0.0010706993121295386 0.0001436972402541742 0 0 -7.4936393761752536e-05 0 0.00052771361648594679 0 -0.0003787335412616559
leaf_weight=36 20 25 36 45 36 26 33 78 32 36 20 34 232 82 40 640 20 60 30 279
leaf_count=36 20 25 36 45 36 26 33 78 32 36 20 34 232 82 40 640 20 60 30 279
internal_value=4.01186e-05 -0.000106213 0.000746852 0.00107042 0.000363787 0 -2.88628e-05 0.00134649 -6.29267e-05 0.000365555 0 -2.70364e-05 -6.51964e-05 -0.000428484 0.000161838 0 0.00101787 0.000399104 -0.000332727 -0.000356103
internal_weight=1840 1507 333 159 174 118 1173 123 1140 82 46 1108 988 116 120 872 56 80 334 309
internal_count=1840 1507 333 159 174 118 1173 123 1140 82 46 1108 988 116 120 872 56 80 334 309
is_linear=0
shrinkage=0.05


Tree=61
num_leaves=18
num_cat=0
split_feature=8 18 8 2 8 8 8 5 8 7 6 6 7 6 5 8 6
split_gain=0.0736143 0.00751851 0.00334663 0.00519048 0.00417575 0.00510854 0.00428574 0.00227818 0.00193391 0.00186203 0.0200666 0.00399164 0.00186155 0.00212563 0.00112073 0.000788987 0.000762165
threshold=2.3250000000000006 1.0000000180025095e-35 52.410000000000004 0.88500000000000012 36.545000000000009 35.38000000000001 34.425000000000004 411.2000000000001 46.320000000000007 0.47025000000000006 6.6141439205955344 5.2299154334038063 0.78575000000000006 7.0385185185185195 185.50000000000003 29.110000000000003 5.2443288418898186
decision_type=2 2 2 2 2 2 2 2 2 2 2 2 2 2 2 2 2
left_child=9 2 4 -4 5 6 14 12 -9 11 -11 -1 -6 -14 -2 -3 -10
right_child=1 15 3 -5 7 -7 -8 8 16 10 -12 -13 13 -15 -16 -17 -18
leaf_value=0.00053234275647515779 -0.00021402903713996915 0 0.00079087456004891176 0 -0.00013192949767136845 0.00044110676789787368 -0.00063408324000299417 0.00015934730461686678 0 0.00053234275647515779 -0.00064152324268707461 0.00093281243217498047 -0.00041073250518005721 -0.00022710943841547121 3.1539193005533746e-05 -0.00033902170729628524 -0.00013192949767136845
leaf_weight=25 50 25 29 33 43 64 27 75 23 61 31 216 197 48 500 309 84
leaf_count=25 50 25 29 33 43 64 27 75 23 61 31 216 197 48 500 309 84
internal_value=3.79687e-05 -0.00010207 -2.80434e-05 0.000293056 -5.95345e-05 1.66239e-06 -2.1301e-05 -0.000174839 0 0.000716245 0.000222712 0.000841973 -0.000263859 -0.000322289 0 -0.000316923 -0.000131929
internal_weight=1840 1507 1173 62 1111 641 577 470 182 333 92 241 288 245 550 334 107
internal_count=1840 1507 1173 62 1111 641 577 470 182 333 92 241 288 245 550 334 107
is_linear=0
shrinkage=0.05


Tree=62
num_leaves=24
num_cat=0
split_feature=8 18 3 3 3 6 6 3 6 6 3 6 6 6 8 2 2 5 8 8 3 8 6
split_gain=0.0667066 0.00680667 0.0068721 0.00650869 0.00631552 0.0146805 0.0126938 0.010258 0.00682394 0.00353981 0.00330631 0.00291624 0.00219792 0.00645998 0.00637424 0.0034805 0.00282963 0.00120005 0.000824407 0.00069904 0.00030016 0.000395852 0.000115749
threshold=2.3250000000000006 1.0000000180025095e-35 88.850000000000009 87.350000000000009 90.450000000000017 5.5872210953346864 5.7187780772686443 92.450000000000017 6.8642083699151311 6.7357679914070898 94.350000000000009 5.4366895499618613 5.1986842105263174 5.5067877453678236 11.815000000000001 0.92500000000000016 0.19500000000000003 391.25000000000006 36.265000000000008 29.110000000000003 77.750000000000014 46.690000000000005 7.2557695644629545
decision_type=2 2 2 2 2 2 2 2 2 2 2 2 2 2 2 2 2 2 2 2 2 2 2
left_child=4 2 3 12 5 -1 11 -8 -7 10 -9 -6 15 14 -14 17 -15 -2 -17 -3 -21 -22 -10
right_child=1 19 -4 -5 6 8 7 9 22 -11 -12 -13 13 16 -16 18 -18 -19 -20 20 21 -23 -24
leaf_value=0 0.00018746319351708261 0 0.00064960044277999731 -0.00077764606276302156 6.9005232651883606e-05 0.0015945561049941868 -0.00067036352819473219 -0.00032462910695900941 0 0.00070772404736292767 0.00052023903774143447 0.0016007156925685201 -0.001019195731968209 0.00013494673898676909 0 0 -6.6642930316792058e-05 0.00049877595738990457 -0.00031863455643436965 0 -0.00039545988873503253 0 0.00032608034179142234
leaf_weight=36 20 25 33 32 34 80 36 26 20 36 20 22 34 232 82 20 640 60 20 30 216 63 23
leaf_count=36 20 25 33 32 34 80 36 26 20 36 20 22 34 232 82 20 640 60 20 30 216 63 23
internal_value=3.61995e-05 -9.66878e-05 -2.55928e-05 -5.84581e-05 0.000682135 0.00097874 0.000323822 0 0.00123906 0.000336737 0 0.000942502 -2.39482e-05 -5.9882e-05 -0.000411505 0.000146631 0 0.000374926 0 -0.000301255 -0.000322087 -0.000342884 0.000224796
internal_weight=1840 1507 1173 1140 333 159 174 118 123 82 46 56 1108 988 116 120 872 80 40 334 309 279 43
internal_count=1840 1507 1173 1140 333 159 174 118 123 82 46 56 1108 988 116 120 872 80 40 334 309 279 43
is_linear=0
shrinkage=0.05


Tree=63
num_leaves=21
num_cat=0
split_feature=1 6 6 8 14 3 6 7 8 3 3 8 8 6 1 8 8 6 8 8
split_gain=0.036715 0.0135174 0.0121217 0.0089815 0.00902269 0.00870157 0.0113855 0.0067858 0.0158388 0.00569921 0.0057397 0.00448651 0.00417507 0.00214994 0.00197864 0.00163108 0.00231859 0.00111633 1.94056e-05 2.64787e-05
threshold=12.350000000000003 5.2443288418898186 6.8156843156843179 10.855000000000002 1.0000000180025095e-35 43.20000000000001 5.4250427013533056 0.27225000000000005 11.815000000000001 94.050000000000011 31.450000000000003 13.945000000000002 50.475000000000009 5.5143622869708642 8.7500000000000018 35.38000000000001 46.320000000000007 6.570385818561002 48.615000000000002 50.995000000000012
decision_type=2 2 2 2 2 2 2 2 2 2 2 2 2 2 2 2 2 2 2 2
left_child=3 -2 5 9 7 -3 -7 -5 -9 10 14 -10 -13 -12 -1 -6 17 -17 -18 -20
right_child=1 2 -4 4 15 6 -8 8 11 -11 13 12 -14 -15 -16 16 18 -19 19 -21
leaf_value=-0.00052647975611713434 0.00024051764262992298 0.00024051764262992298 0.00024051764262992298 0.00024051764262992298 0 0.00024051764262992298 0.0011759871048372481 -0.0016986507319018873 -4.1646773751983708e-06 -0.00048392127896544385 0 -0.00026670373713421925 -4.1646773751983708e-06 0.00024051764262992298 0 0.00024051764262992298 -4.1403768291242783e-05 0 5.4483660684706407e-05 0
leaf_weight=22 58 20 24 31 30 27 149 21 29 20 33 812 73 242 21 94 28 33 22 32
leaf_count=22 58 20 24 31 30 27 149 21 29 20 33 812 73 242 21 94 28 33 22 32
internal_value=1.63694e-05 0.000551437 0.000743538 -7.04021e-05 -0.000140708 0.000884296 0.00100037 -0.000214184 -0.000248847 0.000135808 0.00022233 -0.000198584 -0.000231245 0.000240518 -0.000168852 9.34839e-05 0.000171681 0.000240518 0 0
internal_weight=1821 278 220 1543 1205 196 176 966 935 338 318 914 885 275 43 239 209 127 82 54
internal_count=1821 278 220 1543 1205 196 176 966 935 338 318 914 885 275 43 239 209 127 82 54
is_linear=0
shrinkage=0.05


Tree=64
num_leaves=22
num_cat=0
split_feature=1 9 6 8 14 7 8 3 3 3 3 3 8 8 1 6 8 8 6 8 8
split_gain=0.0318315 0.012821 0.00893041 0.00807369 0.00811314 0.00626714 0.0142494 0.00530534 0.00518844 0.00457166 0.00903539 0.00884343 0.00419907 0.00387505 0.00181587 0.00178837 0.00156054 0.00213716 0.000926578 1.75331e-05 2.39309e-05
threshold=12.350000000000003 13.550000000000002 5.4250427013533056 10.855000000000002 1.0000000180025095e-35 0.27225000000000005 11.815000000000001 94.050000000000011 31.450000000000003 90.050000000000011 94.65000000000002 85.250000000000014 13.945000000000002 50.475000000000009 8.7500000000000018 5.5143622869708642 35.38000000000001 46.320000000000007 6.570385818561002 48.615000000000002 50.995000000000012
decision_type=2 2 2 2 2 2 2 2 2 2 2 2 2 2 2 2 2 2 2 2 2
left_child=3 -2 -3 7 5 -5 -7 8 14 11 -11 -4 -8 -14 -1 -10 -6 18 -18 -19 -21
right_child=1 2 9 4 16 6 12 -9 15 10 -12 -13 13 -15 -16 -17 17 19 -20 20 -22
leaf_value=-0.00050050997386181172 0.00022499680809992645 0.00045760531183399247 0.00045760531183399247 0.00022499680809992645 0 -0.0016149144129993772 -5.1716499323174654e-06 -0.00046008279767309506 0 0.00045760531183399247 0.0014850244645524945 0.0019308097269663601 -0.0002533734780884313 -5.1716499323174654e-06 0 0.00022499680809992645 0.00022499680809992645 -3.9355529969156652e-05 0 5.1796131019768714e-05 0
leaf_weight=22 51 78 20 31 30 21 29 20 33 61 23 45 812 73 21 242 94 28 33 22 32
leaf_count=22 51 78 20 31 30 21 29 20 33 61 23 45 812 73 21 242 94 28 33 22 32
internal_value=1.58028e-05 0.000514382 0.000690214 -6.43886e-05 -0.000131476 -0.000201496 -0.00023534 0.000130348 0.000215006 0.000992291 0.000457605 0.00147734 -0.000186718 -0.000218997 -0.000155478 0.000224997 8.87518e-05 0.000166271 0.000224997 0 0
internal_weight=1821 278 227 1543 1205 966 935 338 318 149 84 65 914 885 43 275 239 209 127 82 54
internal_count=1821 278 227 1543 1205 966 935 338 318 149 84 65 914 885 43 275 239 209 127 82 54
is_linear=0
shrinkage=0.05


Tree=65
num_leaves=27
num_cat=0
split_feature=1 6 3 3 3 8 6 3 3 5 7 6 6 6 6 6 6 6 3 6 6 3 8 3 3 6
split_gain=0.0273388 0.011853 0.0125104 0.015028 0.0105541 0.00732044 0.00627561 0.0126692 0.00624238 0.00529626 0.0050207 0.00478849 0.00694024 0.003372 0.00313234 0.00427528 0.00268843 0.00197492 0.00191753 0.00104023 0.000719619 0.000662845 0.00052182 0.000317433 9.14675e-05 8.8559e-05
threshold=12.350000000000003 5.2443288418898186 92.250000000000014 95.300000000000026 43.20000000000001 11.165000000000001 6.1371473354231982 50.95000000000001 73.100000000000009 562.30000000000007 0.47025000000000006 5.347685931383837 5.7454747538901243 6.3006849315068498 7.2377109317681603 6.5608198924731198 7.0036496350364974 5.5143622869708642 67.350000000000009 7.163170633319889 5.1408730158730167 31.450000000000003 40.045000000000009 91.950000000000017 84.050000000000011 5.4366895499618613
decision_type=2 2 2 2 2 2 2 2 2 2 2 2 2 2 2 2 2 2 2 2 2 2 2 2 2 2
left_child=5 -2 4 -4 -3 10 7 -7 18 13 14 20 -13 24 15 17 23 -1 25 -18 -10 -19 -20 -15 -8 -9
right_child=1 2 3 -5 -6 6 9 8 11 -11 -12 12 -14 16 -16 -17 19 21 22 -21 -22 -23 -24 -25 -26 -27
leaf_value=0 0.00020943652100403225 0.00020943652100403225 0.00020943652100403225 0.0015524147596525054 0.0010986618179581696 -0.0011748591940328669 6.858762920811302e-05 -8.844902752092367e-05 -0.00011716490081947966 0.00020943652100403225 -0.00031487219260526887 -0.00068790879971343782 -1.5593825389518609e-05 -0.00024783015158207582 0.00020943652100403225 -5.2717835800618321e-05 6.858762920811302e-05 0 0.00020943652100403225 -0.00011175982510102505 8.9991484306507725e-05 0.00020943652100403225 0 0 0 0
leaf_weight=38 58 20 49 21 130 39 60 28 94 66 32 117 133 284 47 115 78 22 28 95 62 93 41 20 25 26
leaf_count=38 58 20 49 21 130 39 60 28 94 66 32 117 133 284 47 115 78 22 28 95 62 93 41 20 25 26
internal_value=1.5048e-05 0.000477502 0.000658904 0.000209437 0.000930034 -5.86288e-05 -0.000123869 -0.000244757 -0.000147219 0 0.000122956 -0.00025403 -0.000390613 -7.22613e-05 0.000209437 0 -0.000144361 0.000209437 8.34496e-05 0 0 0.000209437 0.000209437 -0.000234041 6.85876e-05 0
internal_weight=1821 278 220 70 150 1543 1196 568 529 628 347 406 250 562 315 268 477 153 123 173 156 115 69 304 85 54
internal_count=1821 278 220 70 150 1543 1196 568 529 628 347 406 250 562 315 268 477 153 123 173 156 115 69 304 85 54
is_linear=0
shrinkage=0.05


Tree=66
num_leaves=17
num_cat=0
split_feature=0 3 6 8 8 7 14 8 6 6 6 6 6 6 8 3
split_gain=0.0269627 0.0178581 0.0140391 0.0114438 0.0106387 0.00811431 0.00863063 0.00467647 0.00437949 0.00456633 0.00821418 0.00632533 0.00359783 0.0108414 0.00209803 0.000607931
threshold=66.500000000000014 48.000000000000007 5.4250427013533056 1.9300000000000004 1.3900000000000003 0.30825000000000008 1.0000000180025095e-35 50.475000000000009 5.0388437217705517 5.7454747538901243 5.347685931383837 6.2643982523500608 6.1964176362522982 7.2889276096942828 5.9300000000000006 43.20000000000001
decision_type=2 2 2 2 2 2 2 2 2 2 2 2 2 2 2 2
left_child=5 -2 -3 4 12 14 7 8 -7 10 -10 -11 -4 -14 15 -1
right_child=1 2 3 -5 -6 6 -8 -9 9 11 -12 -13 13 -15 -16 -17
leaf_value=-2.6019152392419128e-05 0.00010914380659538107 0.00010914380659538107 0.0010469418659340591 0.0014453070334331127 0.00010914380659538107 -2.6019152392419128e-05 -2.6019152392419128e-05 -2.6019152392419128e-05 -5.1968370579963974e-05 -2.6019152392419128e-05 -0.00086112510549716961 -0.00030652288531470077 0.00010914380659538107 0.0012116930514800683 0.00010914380659538107 0.00010914380659538107
leaf_weight=33 107 67 67 57 56 62 241 70 104 192 116 400 106 26 94 24
leaf_count=33 107 67 67 57 56 62 241 70 104 192 116 400 106 26 94 24
internal_value=0 0.000326365 0.000520941 0.000666748 0.000432469 -0.000108077 -0.000161182 -0.000238044 -0.000273182 -0.000306357 -0.000547295 -0.000191263 0.000613512 0.000278259 0.000109144 -2.60192e-05
internal_weight=1822 486 379 312 255 1336 1185 944 874 812 220 592 199 132 151 57
internal_count=1822 486 379 312 255 1336 1185 944 874 812 220 592 199 132 151 57
is_linear=0
shrinkage=0.05


Tree=67
num_leaves=17
num_cat=0
split_feature=0 3 6 8 8 7 14 8 6 3 3 6 6 6 8 3
split_gain=0.0232246 0.0165491 0.0130701 0.0100404 0.0099665 0.00741977 0.00797961 0.00437023 0.00409394 0.00568867 0.00481538 0.00412146 0.00298214 0.00988082 0.00188042 0.000504178
threshold=66.500000000000014 48.000000000000007 5.4250427013533056 1.9300000000000004 1.3900000000000003 0.30825000000000008 1.0000000180025095e-35 50.475000000000009 5.0388437217705517 50.95000000000001 60.850000000000001 6.2359266287160038 6.1964176362522982 7.2889276096942828 5.9300000000000006 43.20000000000001
decision_type=2 2 2 2 2 2 2 2 2 2 2 2 2 2 2 2
left_child=5 -2 -3 4 12 14 7 8 -7 11 -11 -10 -4 -14 15 -1
right_child=1 2 3 -5 -6 6 -8 -9 9 10 -12 -13 13 -15 -16 -17
leaf_value=-2.441829784897052e-05 0.00010211159982401312 0.00010211159982401312 0.00099482813676719578 0.0013734200357396098 0.00010211159982401312 -2.441829784897052e-05 -2.441829784897052e-05 -2.441829784897052e-05 -0.0014150232328066581 -2.441829784897052e-05 -0.0002705551287736164 -2.441829784897052e-05 0.00010211159982401312 0.0011517995196490233 0.00010211159982401312 0.00010211159982401312
leaf_weight=33 107 67 67 57 56 62 241 70 26 35 730 21 106 26 94 24
leaf_count=33 107 67 67 57 56 62 241 70 26 35 730 21 106 26 94 24
internal_value=0 0.000303673 0.000493387 0.000634453 0.000409098 -9.94498e-05 -0.000150948 -0.00022553 -0.00025977 -0.000292022 -0.000231877 -0.000946161 0.000585108 0.000261981 0.000102112 -2.44183e-05
internal_weight=1822 486 379 312 255 1336 1185 944 874 812 765 47 199 132 151 57
internal_count=1822 486 379 312 255 1336 1185 944 874 812 765 47 199 132 151 57
is_linear=0
shrinkage=0.05


Tree=68
num_leaves=19
num_cat=0
split_feature=17 9 6 18 3 3 6 8 9 3 3 8 9 7 3 3 3 8
split_gain=0.0199853 0.01751 0.0127049 0.00606144 0.0120829 0.0122193 0.00950548 0.00590473 0.00581005 0.00418208 0.00818427 0.00725655 0.000883481 0.000804659 0.000680661 0.00843697 0.000259202 0.000152003
threshold=1.0000000180025095e-35 32.150000000000006 6.38604839526172 1.0000000180025095e-35 88.65000000000002 87.15000000000002 6.5608198924731198 0.76500000000000012 18.350000000000001 31.450000000000003 30.050000000000004 10.855000000000002 25.100000000000005 0.46475000000000005 91.050000000000011 92.550000000000011 77.750000000000014 46.975000000000009
decision_type=2 2 2 2 2 2 2 2 2 2 2 2 2 2 2 2 2 2
left_child=3 2 13 4 5 7 14 -1 -8 10 -9 -11 16 -2 -6 -16 -5 -18
right_child=1 -3 -4 12 6 -7 8 9 -10 11 -12 -13 -14 -15 15 -17 17 -19
leaf_value=-0.0007774479991905851 0 0.0018761469279471119 0.00080283415748202665 -0.00012581295091039423 0.0011116402308472013 -0.00077692948654790135 -0.00058633771152383663 0 0.00038532788826342991 0.00029205426644992948 -0.0011588103841867806 -6.3351377355554722e-06 0 -0.00036420051161489413 -6.9435600839231343e-05 0.00090060242154932292 -0.00031189388558405383 -0.00012581295091039423
leaf_weight=24 25 25 50 33 42 54 28 61 32 240 21 809 21 28 25 27 226 51
leaf_count=24 25 25 50 33 42 54 28 61 32 240 21 809 21 28 25 27 226 51
internal_value=5.47719e-07 0.00060961 0.000152434 -3.67201e-05 0 -4.29269e-05 0.000425825 0 0 8.10379e-06 -0.00031453 4.77019e-05 -0.000229424 -0.000180791 0.000740743 0.000149708 -0.000251626 -0.000274022
internal_weight=1822 128 103 1694 1363 1209 154 1155 60 1131 82 1049 331 53 94 52 310 277
internal_count=1822 128 103 1694 1363 1209 154 1155 60 1131 82 1049 331 53 94 52 310 277
is_linear=0
shrinkage=0.05


Tree=69
num_leaves=36
num_cat=0
split_feature=8 14 9 10 3 3 3 3 3 6 6 6 3 6 8 3 3 8 8 7 6 8 6 6 8 6 9 8 6 6 6 8 8 6 8
split_gain=0.0165719 0.00812551 0.00976044 0.0112248 0.00626364 0.00576208 0.0251452 0.00665039 0.0199144 0.0144685 0.0197151 0.0103439 0.00553011 0.00459359 0.00709916 0.00709125 0.00941856 0.00510353 0.00295811 0.00854125 0.00455449 0.00892722 0.00256813 0.00266755 0.00250012 0.00666858 0.00248218 0.0016282 0.00120898 0.000742196 0.000615359 0.0012765 0.000330719 0.000166582 5.07876e-06
threshold=13.945000000000002 1.0000000180025095e-35 23.300000000000001 103.02500000000001 48.000000000000007 94.050000000000011 95.600000000000009 92.15000000000002 90.450000000000017 5.7318352059925095 6.4504441327723248 5.8012345679012354 87.65000000000002 6.3676588897827857 10.530000000000003 30.450000000000003 39.250000000000007 11.815000000000001 26.505000000000003 0.31925000000000009 5.7187780772686443 32.955000000000005 6.2359266287160038 7.0283649986620294 9.0050000000000008 5.8303357314148689 8.8500000000000032 5.4200000000000008 5.0581473968897912 6.5733855185909986 5.7637088733798612 47.105000000000011 43.695000000000007 5.3090185676392583 30.425000000000001
decision_type=2 2 2 2 2 2 2 2 2 2 2 2 2 2 2 2 2 2 2 2 2 2 2 2 2 2 2 2 2 2 2 2 2 2 2
left_child=4 2 18 -4 13 7 -7 8 9 12 -11 -10 -6 14 24 -15 -17 -16 19 -2 21 34 32 -24 25 27 29 -1 -23 -3 33 -32 -22 -28 -20
right_child=1 26 3 -5 5 6 -8 -9 11 10 -12 -13 -14 15 17 16 -18 -19 20 -21 22 28 23 -25 -26 -27 30 -29 -30 -31 31 -33 -34 -35 -36
leaf_value=0 0 0 8.4745583909294613e-06 0.0011987431555918453 -0.00048762957391248937 -0.0010186162175710918 0.0010183398528098176 0.00094705903207416861 0 0.0014314328445118795 0.00016715800057403918 -0.0010821734940627747 0.00035449616197082731 0.00097421194820594887 -0.0013262572799226627 -0.00052076915288274707 0.00058159921961229788 0 0 -0.0015404165374904211 8.4745583909294613e-06 0 -0.00025270746424946956 0 0.00052608528674529702 -0.00068628001700286293 0.00019088942286652114 0.00044812220039432046 -0.00066555117845961938 -0.0002396778839866663 0.000456070690137864 0.00011474198557288893 -0.00010081642159351438 0.00011474198557288893 8.4745583909294613e-06
leaf_weight=20 20 31 54 23 45 35 25 64 24 65 125 34 24 25 20 40 37 20 23 20 124 33 271 117 20 36 35 21 143 32 73 33 48 33 22
leaf_count=20 20 31 54 23 45 35 25 64 24 65 125 34 24 25 20 40 37 20 23 20 124 33 271 117 20 36 35 21 143 32 73 33 48 33 22
internal_value=0 -0.000111377 -0.000187032 0.000264692 0.000200494 0.000312173 0 0.000388028 0.000227102 0.000447135 0.000680071 -0.000495416 0 0 -0.000194613 0.000247842 0 -0.000754606 -0.000247743 -0.000815732 -0.000199152 -0.00041512 -8.69738e-05 -0.000165663 0 -9.04177e-05 0.000111943 7.07669e-05 -0.000585578 0 0.000229484 0.000330579 3.45692e-06 0.000114742 0
internal_weight=1815 1135 898 77 680 441 60 381 317 259 190 58 69 239 137 102 77 40 821 40 781 221 560 388 97 77 237 41 176 63 174 106 172 68 45
internal_count=1815 1135 898 77 680 441 60 381 317 259 190 58 69 239 137 102 77 40 821 40 781 221 560 388 97 77 237 41 176 63 174 106 172 68 45
is_linear=0
shrinkage=0.05


Tree=70
num_leaves=36
num_cat=0
split_feature=8 14 3 3 3 3 3 6 6 6 3 8 6 8 3 3 8 1 6 3 3 3 6 6 6 6 6 6 8 3 8 6 6 6 6
split_gain=0.015159 0.00727869 0.00571606 0.0052686 0.0227172 0.00573452 0.0180158 0.0131959 0.0174153 0.00949657 0.00499507 0.00421099 0.00411493 0.00655249 0.00640775 0.0085072 0.00451421 0.00243487 0.0022488 0.00468887 0.00729557 0.00213778 0.00263465 0.00650297 0.00180412 0.00306919 0.00122364 0.0044458 0.00109925 0.00104234 0.00369559 0.00107956 0.000568956 0.0191886 6.13077e-08
threshold=13.945000000000002 1.0000000180025095e-35 48.000000000000007 94.050000000000011 95.600000000000009 92.15000000000002 90.450000000000017 5.7318352059925095 6.4504441327723248 5.8012345679012354 87.65000000000002 50.475000000000009 6.3676588897827857 10.530000000000003 30.450000000000003 39.250000000000007 11.815000000000001 11.15 6.1371473354231982 41.350000000000001 31.850000000000005 75.950000000000017 6.0753578611143988 5.347685931383837 6.5608198924731198 6.118525021949079 6.0361093038386473 5.4580419580419592 53.405000000000008 71.350000000000009 41.855000000000011 5.4950004950004958 5.92474640245341 6.6530054644808763 7.0502311895754533
decision_type=2 2 2 2 2 2 2 2 2 2 2 2 2 2 2 2 2 2 2 2 2 2 2 2 2 2 2 2 2 2 2 2 2 2 2
left_child=2 11 12 5 -5 6 7 10 -9 -8 -4 17 13 18 -14 -16 -15 21 19 20 -1 26 23 -23 25 29 27 -2 -13 -3 -31 -32 -7 -34 -26
right_child=1 24 3 4 -6 32 9 8 -10 -11 -12 28 14 16 15 -17 -18 -19 -20 -21 -22 22 -24 -25 34 -27 -28 -29 -30 30 31 -33 33 -35 -36
leaf_value=0 -0.00058252161932605378 0.00027820535622311303 -0.00046340958181887907 -0.00096811823620759061 0.00096802658957278315 0.001583519035702562 0 0.0013601900302273027 0.00015882008975848903 -0.0010285380133495561 0.00033699014040147084 0.00024279143303985998 0.00092607894470628075 -0.001260924368197548 -0.00049492448808685435 0.00055275315165799986 0 0 -0.00034931951482203077 0 0.0011311939282512122 -0.00011879401080816246 -0.00011879401080816246 -0.00051979122872913006 -2.0004511633328752e-06 0.0005639894375905443 -0.00057344306013433488 -0.00011879401080816246 0 -0.00049620006681637136 0.00037023210519548564 0 -0.00040264397565954426 0.0013947960104287406 0
leaf_weight=20 40 33 45 35 25 20 24 65 125 34 24 49 25 20 40 37 20 26 26 26 25 107 328 153 38 46 127 38 30 37 20 26 20 24 37
leaf_count=20 40 33 45 35 25 20 24 65 125 34 24 49 25 20 40 37 20 26 26 26 25 107 328 153 38 46 127 38 30 37 20 26 20 24 37
internal_value=0 -0.000105645 0.000192565 0.000299242 0 0.000371726 0.000217062 0.000427755 0.000650134 -0.000463861 0 -0.000177567 0 -0.000183215 0.000235601 0 -0.000721696 -0.000217318 0 0.000183956 0.000558596 -0.000237588 -0.000145344 -0.000301408 0.000103541 0.000208482 -0.000428507 -0.000118794 4.46352e-05 0 -1.84913e-05 4.25041e-05 0.000899927 0.000241984 0
internal_weight=1815 1135 680 441 60 381 317 259 190 58 69 898 239 137 102 77 40 819 97 71 45 793 588 260 237 162 205 78 79 116 83 46 64 44 75
internal_count=1815 1135 680 441 60 381 317 259 190 58 69 898 239 137 102 77 40 819 97 71 45 793 588 260 237 162 205 78 79 116 83 46 64 44 75
is_linear=0
shrinkage=0.05


Tree=71
num_leaves=38
num_cat=0
split_feature=8 14 9 1 3 3 3 3 3 6 6 6 3 6 8 3 3 8 8 7 6 8 6 3 9 8 6 8 6 6 6 8 6 6 8 6 3
split_gain=0.0134199 0.00646683 0.00849657 0.010157 0.00539564 0.00482155 0.0205237 0.00492869 0.0163031 0.0120408 0.0153556 0.00872137 0.00451179 0.00385225 0.00588413 0.00579013 0.00768402 0.00398581 0.00269242 0.00769168 0.00412308 0.00812927 0.00233938 0.00375 0.00212604 0.0021028 0.00583562 0.00135108 0.00095499 0.000670213 0.000571125 0.00119387 0.000385332 0.0174721 0.000369895 0.000117636 4.63777e-05
threshold=13.945000000000002 1.0000000180025095e-35 23.300000000000001 10.15 48.000000000000007 94.050000000000011 95.600000000000009 92.15000000000002 90.450000000000017 5.7318352059925095 6.4504441327723248 5.8012345679012354 87.65000000000002 6.3676588897827857 10.530000000000003 30.450000000000003 39.250000000000007 11.815000000000001 26.505000000000003 0.31925000000000009 5.7187780772686443 32.955000000000005 6.2359266287160038 73.350000000000009 8.8500000000000032 9.0050000000000008 5.8303357314148689 5.4200000000000008 5.0581473968897912 6.5733855185909986 5.7637088733798612 47.105000000000011 5.92474640245341 6.6530054644808763 43.695000000000007 5.3090185676392583 82.450000000000017
decision_type=2 2 2 2 2 2 2 2 2 2 2 2 2 2 2 2 2 2 2 2 2 2 2 2 2 2 2 2 2 2 2 2 2 2 2 2 2
left_child=4 2 18 -4 13 7 -7 8 9 12 -11 -10 -6 14 25 -15 -17 -16 19 -2 21 36 34 -24 29 26 27 -1 -23 -3 35 -32 -9 -34 -22 -26 -20
right_child=1 24 3 -5 5 6 -8 32 11 10 -12 -13 -14 15 17 16 -18 -19 20 -21 22 28 23 -25 30 -27 -28 -29 -30 -31 31 -33 33 -35 -36 -37 -38
leaf_value=0 0 0 1.5296548810831911e-05 0.001141761546747663 -0.00044039252710633531 -0.00092012371192488397 0.00092019916916074673 0.0015055131405738772 0 0.001292492964042559 0.00015089812034262378 -0.00097756092300850354 0.00032034866979399341 0.00088032403106804889 -0.0011988098985455894 -0.00047036252254920632 0.00052533781860677922 0 1.5296548810831911e-05 -0.0014489467212187098 1.5296548810831911e-05 0 -0.00048162764069751798 -1.7371412780568431e-05 0.0001740628650166931 0.00047939599633877502 -0.00064526153984928599 0.00040213318559135635 -0.00061694039904368835 -0.00022775886214342571 0.0004233642032758764 0.00010451495560928761 -0.00038280929599342678 0.0013259171476633644 -8.3602920999388018e-05 0.00010451495560928761 0
leaf_weight=20 20 31 54 23 45 35 25 20 24 65 125 34 24 25 20 40 37 20 20 20 124 33 76 312 35 20 36 21 143 32 73 33 20 24 48 33 25
leaf_count=20 20 31 54 23 45 35 25 20 24 65 125 34 24 25 20 40 37 20 20 20 124 33 76 312 35 20 36 21 143 32 73 33 20 24 48 33 25
internal_value=0 -9.70191e-05 -0.000165325 0.000253545 0.000183325 0.000287013 0 0.000356302 0.000207524 0.000409341 0.000621689 -0.000433869 0 0 -0.000181022 0.000223966 0 -0.000690408 -0.000222952 -0.000761831 -0.000175872 -0.000379261 -6.86742e-05 -0.00014724 9.84644e-05 0 -8.74862e-05 4.02012e-05 -0.000543902 0 0.00020903 0.000303471 0.000855531 0.00021329 1.52965e-05 0.000104515 0
internal_weight=1815 1135 898 77 680 441 60 381 317 259 190 58 69 239 137 102 77 40 821 40 781 221 560 388 237 97 77 41 176 63 174 106 64 44 172 68 45
internal_count=1815 1135 898 77 680 441 60 381 317 259 190 58 69 239 137 102 77 40 821 40 781 221 560 388 237 97 77 41 176 63 174 106 64 44 172 68 45
is_linear=0
shrinkage=0.05


Tree=72
num_leaves=29
num_cat=0
split_feature=1 3 6 8 6 3 6 6 6 6 7 6 8 8 6 6 8 8 6 8 6 3 6 6 3 8 2 6
split_gain=0.0219554 0.00709163 0.00873012 0.00698407 0.00626427 0.00481964 0.00367349 0.00539344 0.00538268 0.00619424 0.00299273 0.00227009 0.00563939 0.00587898 0.00544057 0.00610773 0.00829635 0.00729028 0.00327048 0.0021813 0.00199429 0.00193241 0.00167677 0.00156336 0.00134275 0.000569959 0.0004056 0.000163106
threshold=12.350000000000003 43.20000000000001 6.8156843156843179 1.3900000000000003 5.4250427013533056 80.950000000000017 5.7637088733798612 6.5636927480916043 7.0385185185185195 7.253824606765785 0.84525000000000006 6.1371473354231982 7.8050000000000006 14.810000000000002 5.2707722385141755 5.5465467436974807 12.625000000000002 11.350000000000001 6.3431455004205226 34.425000000000004 5.3001750592112051 50.95000000000001 5.0388437217705517 6.9362104039523409 89.250000000000014 46.010000000000012 0.91500000000000015 6.2643982523500608
decision_type=2 2 2 2 2 2 2 2 2 2 2 2 2 2 2 2 2 2 2 2 2 2 2 2 2 2 2 2
left_child=3 -2 4 23 20 11 22 10 25 -10 -8 14 21 -14 19 16 -16 -17 -15 -5 -3 -13 -7 24 -1 -9 -21 -12
right_child=1 2 -4 5 -6 6 7 8 9 -11 27 12 13 18 15 17 -18 -19 -20 26 -22 -23 -24 -25 -26 -27 -28 -29
leaf_value=-0.00040664890129577945 0.00020495532585559201 0.00037592546941462093 0.00020495532585559201 0.00020495532585559201 0.00087485680341440513 0 0.00020495532585559201 -0.00063269827560603952 0.00020495532585559201 -0.00052754697305474132 0 -0.00042511843445217231 0.00020495532585559201 0.00020495532585559201 -0.0014546990942654542 0.00020495532585559201 -5.8446736725895481e-05 -0.00023770945341156248 -8.9102945937771745e-05 0 0.00020495532585559201 0 -0.00054820618438168654 0.00020495532585559201 0 0 -0.00016271193930788053 -8.8298639699275377e-05
leaf_weight=20 29 54 24 42 150 28 25 71 47 34 86 58 103 64 24 48 72 174 279 47 21 20 106 50 30 20 38 52
leaf_count=20 29 54 24 42 150 28 25 71 47 34 86 58 103 64 24 48 72 174 279 47 21 20 106 50 30 20 38 52
internal_value=3.09459e-05 0.000443935 0.000544111 -3.40247e-05 0.000654978 -7.34426e-05 -0.00020544 -6.07224e-05 -0.000281571 0 8.05536e-05 0 6.04515e-05 0.000151984 -9.18805e-05 -0.000221837 -0.000566717 -4.65936e-06 0 0.000115446 0.000204955 -0.000269934 -0.000454599 0.000204955 0 -0.000544986 0 0
internal_weight=1816 278 249 1538 225 1438 469 335 172 81 163 969 524 446 445 318 96 222 343 127 75 78 134 100 50 91 85 138
internal_count=1816 278 249 1538 225 1438 469 335 172 81 163 969 524 446 445 318 96 222 343 127 75 78 134 100 50 91 85 138
is_linear=0
shrinkage=0.05


Tree=73
num_leaves=28
num_cat=0
split_feature=1 3 6 8 6 3 6 6 6 6 7 6 8 8 6 8 8 3 8 3 6 6 6 3 8 2 6
split_gain=0.0188257 0.00661213 0.00819609 0.00648695 0.00572722 0.00447984 0.00340663 0.00492841 0.00500855 0.00565664 0.00278047 0.00206724 0.00528676 0.00528886 0.00505851 0.00596852 0.00895352 0.00311536 0.00199931 0.00178202 0.00175084 0.00146581 0.00113398 0.00121372 0.000418552 0.000366356 0.000147292
threshold=12.350000000000003 43.20000000000001 6.8156843156843179 1.3900000000000003 5.4250427013533056 80.950000000000017 5.7637088733798612 6.5636927480916043 7.0385185185185195 7.253824606765785 0.84525000000000006 6.1371473354231982 7.8050000000000006 14.810000000000002 5.2707722385141755 6.2700000000000014 35.230000000000011 72.750000000000014 34.425000000000004 50.95000000000001 5.3001750592112051 5.0388437217705517 6.9362104039523409 89.250000000000014 46.010000000000012 0.91500000000000015 6.2643982523500608
decision_type=2 2 2 2 2 2 2 2 2 2 2 2 2 2 2 2 2 2 2 2 2 2 2 2 2 2 2
left_child=3 -2 4 22 20 11 21 10 24 -10 -8 14 19 -14 18 -16 -17 -15 -5 -13 -3 -7 23 -1 -9 -20 -12
right_child=1 2 -4 5 -6 6 7 8 9 -11 26 12 13 17 15 16 -18 -19 25 -21 -22 -23 -24 -25 -26 -27 -28
leaf_value=-0.00038661696016788487 0.00019310443254223146 0.00035723304966872848 0.00019310443254223146 0.00019310443254223146 0.0008312012866678192 0 0.00019310443254223146 -0.00060119645287665482 0.00019310443254223146 -0.00050140034464906107 0 -0.00040397189555954876 0.00019310443254223146 -0.00018271072987781283 0.0001888152218500295 -0.00068706554313157872 -3.996306484775188e-06 0.00012093721001907868 0 0 0.00019310443254223146 -0.00052087323469675372 0.00019310443254223146 0 0 -0.00015464008858885776 -8.3909036162492786e-05
leaf_weight=20 29 54 24 42 150 28 25 71 47 34 86 58 103 147 35 106 177 196 47 20 21 106 50 30 20 38 52
leaf_count=20 29 54 24 42 150 28 25 71 47 34 86 58 103 147 35 106 177 196 47 20 21 106 50 30 20 38 52
internal_value=3.16479e-05 0.000413987 0.00051187 -2.77777e-05 0.000620395 -6.66877e-05 -0.000193634 -5.28648e-05 -0.000266125 0 8.03906e-05 0 6.19096e-05 0.000150935 -8.42206e-05 -0.00021074 -0.00031325 0 0.000114493 -0.000254189 0.000193104 -0.000432964 0.000193104 0 -0.000520385 0 0
internal_weight=1816 278 249 1538 225 1438 469 335 172 81 163 969 524 446 445 318 283 343 127 78 75 134 100 50 91 85 138
internal_count=1816 278 249 1538 225 1438 469 335 172 81 163 969 524 446 445 318 283 343 127 78 75 134 100 50 91 85 138
is_linear=0
shrinkage=0.05


Tree=74
num_leaves=32
num_cat=0
split_feature=8 6 3 8 3 6 3 6 9 6 6 6 8 2 3 8 8 8 6 7 6 3 8 8 8 6 6 6 6 1 8
split_gain=0.0166484 0.00866684 0.00757126 0.00515403 0.0040676 0.00453275 0.00356181 0.0132696 0.00423014 0.00267458 0.00214074 0.0092463 0.0160221 0.0038765 0.00580025 0.00362474 0.00336518 0.00256134 0.00195006 0.000997294 0.000909138 0.00075414 0.000415032 0.00147251 0.000551484 0.00022111 0.00363048 0.000592859 0.0120688 1.36728e-05 2.50342e-06
threshold=2.3250000000000006 6.5399074609600936 87.65000000000002 54.370000000000012 80.950000000000017 7.0385185185185195 89.65000000000002 6.9201850780798173 23.750000000000004 5.8643678160919555 5.1986842105263174 5.4745817245817259 11.350000000000001 0.19500000000000003 48.000000000000007 33.225000000000001 35.38000000000001 34.425000000000004 7.163170633319889 0.84525000000000006 6.1964176362522982 92.450000000000017 38.975000000000001 35.050000000000004 46.155000000000008 5.4250427013533056 5.206290021885386 5.6704174000502894 5.9769353128313911 9.1500000000000004 32.115000000000002
decision_type=2 2 2 2 2 2 2 2 2 2 2 2 2 2 2 2 2 2 2 2 2 2 2 2 2 2 2 2 2 2 2
left_child=1 2 9 4 10 19 8 -8 -3 -1 15 12 -12 14 -13 -2 -15 -14 -7 30 25 -9 23 -21 -24 26 -4 -27 -29 -17 -6
right_child=3 6 20 -5 5 18 7 21 -10 -11 11 13 17 16 -16 29 -18 -19 -20 22 -22 -23 24 -25 -26 27 -28 28 -30 -31 -32
leaf_value=-0.00043096891592894434 0.00055472995211096852 0 0.00064454847379537771 0.00058854575818817782 -1.755854403921245e-05 0.00045669836637951094 -0.00091805229201656938 0 0.00089278153541619005 0.00037000533433832197 -0.0014963717486169651 8.9213356068108308e-05 0.00029270927175113808 -0.00021755324660247089 0.00062672843530913163 -3.1118035229403158e-05 2.3159463404241646e-05 -0.00027675693268961859 0 -0.00024061224291310279 0 0.00037212140234930892 -0.00056573928358705228 -0.00014598594375549829 -0.00014598594375549829 0.00165860637841244 0 0 0.0013239157961892523 0 0
leaf_weight=20 45 36 24 29 20 24 39 20 22 21 28 157 25 183 64 35 377 55 43 107 28 26 97 65 58 29 22 25 20 34 38
leaf_count=20 45 36 24 29 20 24 39 20 22 21 28 157 25 183 64 35 377 55 43 107 28 26 97 65 58 29 22 25 20 34 38
internal_value=3.21051e-05 0.000356059 0.000580523 -3.03213e-05 -5.3082e-05 -0.00017762 0 -0.000141399 0.000351402 0 0 -2.30805e-05 -0.000463956 1.88416e-05 0.000207232 0.000206587 -2.8805e-05 0 5.35784e-05 -0.000256796 0.000746869 0.000194777 -0.000291972 -0.000145986 -0.000428543 0.000840558 0.000148357 0.00106662 0.000345541 0 0
internal_weight=1816 332 189 1484 1455 452 143 85 58 41 1003 889 108 781 221 114 560 80 67 385 148 46 327 172 155 120 46 74 45 69 58
internal_count=1816 332 189 1484 1455 452 143 85 58 41 1003 889 108 781 221 114 560 80 67 385 148 46 327 172 155 120 46 74 45 69 58
is_linear=0
shrinkage=0.05


end of trees

feature_importances:
strength_weight_ratio=379
recyclability_percentage=335
material_eco_strength=300
biodegradability_score=95
weight_fragility_interaction=75
weight_capacity=61
material_bamboo=54
eco_quality_score=44
material_paper=40
strength_weight_product=32
strength=30
material_glass=26
material_metal=15
material_bagasse=9
weight_squared=8
material_jute=8
material_plastic=3
biodegradability_squared=1

parameters:
[boosting: gbdt]
[objective: regression]
[metric: rmse]
[tree_learner: serial]
[device_type: cpu]
[data_sample_strategy: bagging]
[data: ]
[valid: ]
[num_iterations: 1000]
[learning_rate: 0.05]
[num_leaves: 40]
[num_threads: 0]
[seed: 0]
[deterministic: 0]
[force_col_wise: 0]
[force_row_wise: 0]
[histogram_pool_size: -1]
[max_depth: 7]
[min_data_in_leaf: 20]
[min_sum_hessian_in_leaf: 0.001]
[bagging_fraction: 0.95]
[pos_bagging_fraction: 1]
[neg_bagging_fraction: 1]
[bagging_freq: 3]
[bagging_seed: 3]
[bagging_by_query: 0]
[feature_fraction: 0.95]
[feature_fraction_bynode: 1]
[feature_fraction_seed: 2]
[extra_trees: 0]
[extra_seed: 6]
[early_stopping_round: 0]
[early_stopping_min_delta: 0]
[first_metric_only: 0]
[max_delta_step: 0]
[lambda_l1: 0.3]
[lambda_l2: 0.3]
[linear_lambda: 0]
[min_gain_to_split: 0]
[drop_rate: 0.1]
[max_drop: 50]
[skip_drop: 0.5]
[xgboost_dart_mode: 0]
[uniform_drop: 0]
[drop_seed: 4]
[top_rate: 0.2]
[other_rate: 0.1]
[min_data_per_group: 100]
[max_cat_threshold: 32]
[cat_l2: 10]
[cat_smooth: 10]
[max_cat_to_onehot: 4]
[top_k: 20]
[monotone_constraints: 1,1,-1,0,1,1,0,-1,0,1,1,1,-1,0,0,0,0,0,0,0,0,0]
[monotone_constraints_method: basic]
[monotone_penalty: 0]
[feature_contri: ]
[forcedsplits_filename: ]
[refit_decay_rate: 0.9]
[cegb_tradeoff: 1]
[cegb_penalty_split: 0]
[cegb_penalty_feature_lazy: ]
[cegb_penalty_feature_coupled: ]
[path_smooth: 0]
[interaction_constraints: ]
[verbosity: -1]
[saved_feature_importance_type: 0]
[use_quantized_grad: 0]
[num_grad_quant_bins: 4]
[quant_train_renew_leaf: 0]
[stochastic_rounding: 1]
[linear_tree: 0]
[max_bin: 255]
[max_bin_by_feature: ]
[min_data_in_bin: 3]
[bin_construct_sample_cnt: 200000]
[data_random_seed: 1]
[is_enable_sparse: 1]
[enable_bundle: 1]
[use_missing: 1]
[zero_as_missing: 0]
[feature_pre_filter: 1]
[pre_partition: 0]
[two_round: 0]
[header: 0]
[label_column: ]
[weight_column: ]
[group_column: ]
[ignore_column: ]
[categorical_feature: ]
[forcedbins_filename: ]
[precise_float_parser: 0]
[parser_config_file: ]
[objective_seed: 5]
[num_class: 1]
[is_unbalance: 0]
[scale_pos_weight: 1]
[sigmoid: 1]
[boost_from_average: 1]
[reg_sqrt: 0]
[alpha: 0.9]
[fair_c: 1]
[poisson_max_delta_step: 0.7]
[tweedie_variance_power: 1.5]
[lambdarank_truncation_level: 30]
[lambdarank_norm: 1]
[label_gain: ]
[lambdarank_position_bias_regularization: 0]
[eval_at: ]
[multi_error_top_k: 1]
[auc_mu_weights: ]
[num_machines: 1]
[local_listen_port: 12400]
[time_out: 120]
[machine_list_filename: ]
[machines: ]
[gpu_platform_id: -1]
[gpu_device_id: -1]
[gpu_use_dp: 0]
[num_gpu: 1]

end of parameters

pandas_categorical:[]
