tree
version=v4
num_class=1
num_tree_per_iteration=1
label_index=0
max_feature_idx=21
objective=regression
feature_names=strength weight_capacity biodegradability_score recyclability_percentage fragility_level strength_weight_product strength_weight_ratio eco_quality_score material_eco_strength weight_fragility_interaction weight_squared strength_squared biodegradability_squared material_bagasse material_bamboo material_glass material_jute material_metal material_paper material_plastic shipping_Air shipping_Ground
monotone_constraints=1 1 -1 0 0 1 0 -1 0 1 1 1 -1 0 0 0 0 0 0 0 0 0
feature_infos=[30:99] [4.2000000000000002:18.300000000000001] [0:1] [25.199999999999999:98] [1:3] [126:1738.5] [3.5294117647058822:11.411764705882353] [0.1615:0.96799999999999997] [0:83.299999999999997] [4.2999999999999998:54.900000000000006] [17.640000000000001:334.89000000000004] [900:9801] [0:1] [0:1] [0:1] [0:1] [0:1] [0:1] [0:1] [0:1] [0:1] [0:1]
tree_sizes=1641 2319 2174 2091 2078 2404 2406 2095 2416 2255 2254 2255 2251 2175 2187 2419 2262 2270 2268 2255 2415 2174 2205 2595 2450 2096 2704 2345 2036 2139 2613 2614 2703 2540 2717 2707 2709 2474 2727 2744 2698 2642 2715 2722 2709 2731 2729 2735 2750 2724 2751 2736 2750 2738 2750 2734 2724 2755 2746 2760 2758 2725 2735 2736 2768 2730 2766 2783 2768 2761 2794 2726 2747

Tree=0
num_leaves=19
num_cat=0
split_feature=7 2 15 8 3 3 3 9 0 8 8 8 8 1 13 3 1 8
split_gain=61687.2 3199.24 652.153 281.098 77.0292 97.445 78.7102 46.2546 58.5715 44.8311 43.2062 25.7595 16.3753 14.4796 13.3324 7.14523 3.23861 1.29656
threshold=0.68350000000000011 0.040000000000000008 1.0000000180025095e-35 54.765000000000008 85.750000000000014 87.350000000000009 89.950000000000017 20.650000000000006 51.500000000000007 7.9650000000000007 10.100000000000001 1.3900000000000003 7.8050000000000006 10.250000000000002 1.0000000180025095e-35 46.550000000000004 11.850000000000003 1.3900000000000003
decision_type=2 2 2 2 2 2 2 2 2 2 2 2 2 2 2 2 2 2
left_child=1 2 16 14 -4 -6 17 8 12 -9 -10 -8 -3 -12 -2 -11 -1 -7
right_child=3 7 4 -5 5 6 11 9 10 15 13 -13 -14 -15 -16 -17 -18 -19
leaf_value=6.9939853632333708 6.1802238182561453 6.6762592463851087 6.960017701426171 6.3667449781949585 6.8263470211000428 6.9191028525633378 6.8943015244442654 6.7870603504685851 6.7203310833953278 6.7203310833953278 6.6780471592076669 6.8305869248301443 6.608660401903431 6.7154368926833801 6.1638135896736932 6.7571070508718938 7.0458281428473528 6.9752292320131621
leaf_weight=23 698 21 30 20 33 21 40 38 93 48 52 45 20 32 207 22 89 22
leaf_count=23 698 21 30 20 33 21 40 38 93 48 52 45 20 32 207 22 89 22
internal_value=6.4403 6.82229 6.9393 6.18054 6.88244 6.86764 6.89109 6.7134 6.69948 6.74119 6.7122 6.86113 6.64389 6.68097 6.17643 6.72033 7.03573 6.94911
internal_weight=1554 629 303 925 191 161 128 326 218 108 177 85 41 84 905 70 112 43
internal_count=1554 629 303 925 191 161 128 326 218 108 177 85 41 84 905 70 112 43
is_linear=0
shrinkage=1


Tree=1
num_leaves=27
num_cat=0
split_feature=7 2 15 1 3 3 3 6 3 8 6 6 1 6 8 8 9 6 6 8 8 6 13 6 3 8
split_gain=55654.3 2881.92 591.911 261.281 70.4011 90.7584 71.0829 54.8025 43.9003 32.3933 110.68 55.1923 40.5138 49.8669 37.635 33.9464 69.4114 22.2233 76.6988 20.6986 16.9341 14.4831 11.8401 10.3692 4.29576 1.07222
threshold=0.68350000000000011 0.040000000000000008 1.0000000180025095e-35 11.050000000000002 85.750000000000014 87.350000000000009 89.950000000000017 5.626871257485031 27.650000000000002 10.100000000000001 7.0983870967741947 6.4165023936919185 11.850000000000003 5.8012345679012354 8.3000000000000025 6.6300000000000017 18.500000000000004 6.3086080586080593 5.846805736636246 6.0750000000000011 1.3900000000000003 6.4640305493964041 1.0000000180025095e-35 6.8989800874210792 45.350000000000001 1.3900000000000003
decision_type=2 2 2 2 2 2 2 2 2 2 2 2 2 2 2 2 2 2 2 2 2 2 2 2 2 2
left_child=1 2 17 22 -4 -6 25 -8 -3 11 12 15 13 -11 19 16 -10 18 -1 -13 -9 -15 -2 -19 -17 -7
right_child=3 8 4 -5 5 6 7 20 9 10 -12 14 -14 21 -16 24 -18 23 -20 -21 -22 -23 -24 -25 -26 -27
leaf_value=0.54295729897979994 -0.24836061922599859 0.1889417373095498 0.49260707614429755 -0.068482899309983886 0.36542515574446632 0.45376503275469021 0.45926408564068666 0.40996836728827901 0.22752069607889119 0.17413532383999422 0.14987208485849543 0.31802441624135735 0.31225505449153762 0.27804188232675636 0.36542515574446632 0.20392229571883527 0.34446493549888357 0.5028385516294499 0.6779189985189864 0.244754101417551 0.36542515574446632 0.23839683383587179 -0.26387962470706222 0.56757676626863851 0.24322953796505337 0.50709265799543979
leaf_weight=35 698 23 30 20 33 21 28 30 29 20 26 28 35 21 20 27 25 29 20 20 27 32 207 28 20 22
leaf_count=35 698 23 30 20 33 21 28 30 29 20 26 28 35 21 20 27 25 29 20 20 27 32 207 28 20 22
internal_value=-0.00125262 0.361572 0.472629 -0.247991 0.418463 0.404319 0.427122 0.398626 0.258222 0.2634 0.24389 0.278686 0.266319 0.243829 0.314592 0.254175 0.282291 0.5645 0.593266 0.288171 0.367999 0.269656 -0.251945 0.535666 0.221236 0.482278
internal_weight=1554 629 303 925 191 161 128 85 326 303 134 169 108 73 68 101 54 112 55 48 57 53 905 57 47 43
internal_count=1554 629 303 925 191 161 128 85 326 303 134 169 108 73 68 101 54 112 55 48 57 53 905 57 47 43
is_linear=0
shrinkage=0.05


Tree=2
num_leaves=25
num_cat=0
split_feature=2 2 15 8 3 3 3 3 6 9 0 8 8 6 6 6 8 6 13 6 14 3 3 8
split_gain=49918.7 2541.7 540.288 238.391 93.6634 65.0199 82.8229 65.483 50.8401 36.4908 53.0524 37.3415 34.6924 25.1946 20.1562 59.7466 14.9758 12.9657 10.157 7.42833 6.71875 6.31554 4.08658 0.874675
threshold=0.50000000000000011 0.040000000000000008 1.0000000180025095e-35 54.765000000000008 61.850000000000001 85.750000000000014 87.350000000000009 89.950000000000017 5.626871257485031 20.650000000000006 51.500000000000007 7.9650000000000007 10.100000000000001 6.9604037267080754 6.38604839526172 5.9122919334186959 1.3900000000000003 6.8989800874210792 1.0000000180025095e-35 6.3431455004205226 1.0000000180025095e-35 46.550000000000004 40.350000000000001 1.3900000000000003
decision_type=2 2 2 2 2 2 2 2 2 2 2 2 2 2 2 2 2 2 2 2 2 2 2 2
left_child=1 2 14 4 -2 -4 -7 23 -9 10 19 -11 -12 22 15 -1 -10 -16 20 -3 -6 -13 -14 -8
right_child=3 9 5 -5 18 6 7 8 16 11 12 21 13 -15 17 -17 -18 -19 -20 -21 -22 -23 -24 -25
leaf_value=0.51699275772327202 -0.13118952179407056 0.15564016102076467 0.46805858041756965 -0.061882664077910612 -0.23220229307113774 0.34755416681479689 0.43118430799782559 0.43638260831188047 0.38953804934143621 0.31317842150610575 0.25262975264441767 0.25262975264441767 0.22794791010101081 0.21327337426182585 0.4709687980198769 0.63364886352918803 0.34755416681479689 0.53929890500268896 -0.25069201721309298 0.2041179231632112 -0.24537094232192011 0.28714278932761961 0.25262975264441767 0.48185275992656723
leaf_weight=36 21 20 30 20 479 33 21 28 30 38 93 47 32 28 26 22 27 28 207 20 203 22 21 22
leaf_count=36 21 20 30 20 479 33 21 28 30 38 93 47 32 28 26 22 27 28 207 20 203 22 21 22
internal_value=-0.0012219 0.344703 0.448613 -0.233344 -0.2371 0.396865 0.383286 0.405377 0.378047 0.246495 0.233938 0.271321 0.246094 0.216979 0.536384 0.562342 0.34859 0.507423 -0.239581 0.180452 -0.236165 0.25263 0.249783 0.458282
internal_weight=1554 624 303 930 910 191 161 128 85 321 214 107 174 81 112 58 57 54 889 40 682 69 53 43
internal_count=1554 624 303 930 910 191 161 128 85 321 214 107 174 81 112 58 57 54 889 40 682 69 53 43
is_linear=0
shrinkage=0.05


Tree=3
num_leaves=24
num_cat=0
split_feature=2 2 15 1 3 3 3 3 3 1 2 6 3 6 6 6 6 5 13 6 3 3 3
split_gain=45018.8 2285.19 493.454 222.385 72.5093 60.116 76.32 61.5555 33.6023 28.4747 24.5186 101.652 49.1371 32.232 18.537 63.5456 16.0272 13.1968 9.1347 8.61405 4.65402 24.3755 0.988223
threshold=0.50000000000000011 0.040000000000000008 1.0000000180025095e-35 11.050000000000002 61.850000000000001 85.750000000000014 87.350000000000009 90.850000000000009 27.650000000000002 12.550000000000002 0.17500000000000002 7.0983870967741947 31.450000000000003 7.0202536824877262 6.3086080586080593 5.846805736636246 5.626871257485031 512.70000000000016 1.0000000180025095e-35 6.8989800874210792 48.000000000000007 53.350000000000001 93.050000000000011
decision_type=2 2 2 2 2 2 2 2 2 2 2 2 2 2 2 2 2 2 2 2 2 2 2
left_child=1 2 14 4 -2 -4 -7 9 -3 -8 12 17 -10 20 15 -1 -9 -12 -6 -16 -14 -22 -18
right_child=3 8 5 -5 18 6 7 16 10 -11 11 -13 13 -15 19 -17 22 -19 -20 -21 21 -23 -24
leaf_value=0.49011079524656981 -0.14070305238224026 0.17184801124440871 0.44473340091515223 -0.056096108161394868 -0.22435005687471876 0.32996449162363162 0.37967636326453863 0.38994765071307913 0.31926823594758125 0.45800966316119418 0.19301457310239767 0.12277984804921337 0.23483054171773476 0.29563592747150663 0.45347694744359174 0.61295704201086243 0.32996449162363162 0.23483054171773476 -0.23816346797547094 0.5124299295432202 0.29422512352466584 0.23483054171773476 0.35813319123751741
leaf_weight=35 23 22 30 20 680 33 28 22 24 33 27 23 89 25 29 20 24 64 207 28 26 21 21
leaf_count=35 23 22 30 20 680 33 28 22 24 33 27 23 89 25 29 20 24 64 207 28 26 21 21
internal_value=-0.00124714 0.327262 0.42579 -0.221683 -0.22531 0.376338 0.363294 0.384711 0.234139 0.422815 0.238647 0.219156 0.250506 0.240032 0.509668 0.535904 0.349367 0.234831 -0.227606 0.483371 0.234831 0.257059 0.329964
internal_weight=1554 624 303 930 910 191 161 128 321 61 299 114 185 161 112 55 67 91 887 57 136 47 45
internal_count=1554 624 303 930 910 191 161 128 321 61 299 114 185 161 112 55 67 91 887 57 136 47 45
is_linear=0
shrinkage=0.05


Tree=4
num_leaves=24
num_cat=0
split_feature=7 2 15 8 3 3 3 6 3 0 2 6 6 9 6 8 6 6 8 13 6 6 8
split_gain=40911.6 2080.57 449.883 212.446 55.3582 70.9671 56.8065 44.8266 34.318 22.4792 44.0257 27.8782 24.9316 23.473 29.6284 23.8729 16.6462 57.3423 13.7001 7.84814 7.6874 5.30786 1.31136
threshold=0.68350000000000011 0.040000000000000008 1.0000000180025095e-35 54.765000000000008 85.750000000000014 87.350000000000009 89.950000000000017 5.626871257485031 27.650000000000002 51.500000000000007 0.14500000000000005 7.1199280945043677 6.8903903903903911 12.15 5.3001750592112051 6.6300000000000017 6.3086080586080593 5.846805736636246 1.3900000000000003 1.0000000180025095e-35 6.8989800874210792 5.9022085610200374 1.3900000000000003
decision_type=2 2 2 2 2 2 2 2 2 2 2 2 2 2 2 2 2 2 2 2 2 2 2
left_child=1 2 16 19 -4 -6 22 -8 -3 10 -10 12 13 21 -15 -16 17 -1 -9 -2 -18 -11 -7
right_child=3 8 4 -5 5 6 7 18 9 11 -12 -13 -14 14 15 -17 20 -19 -20 -21 -22 -23 -24
leaf_value=0.46567505024097583 -0.21338876984280275 0.16078153296466513 0.4225706022839214 -0.050988179890077506 0.31310182441869272 0.38897717513179325 0.39448648759054544 0.35270804883633738 0.21219767211043516 0.21219767211043516 0.13564707374611459 0.21219767211043516 0.2945051755772996 0.29849055295446481 0.27322205898334395 0.22943766421847736 0.4308810150500425 0.58246166409544686 0.31310182441869272 -0.22626104437746558 0.48689961755827221 0.22943766421847736 0.43666729781422681
leaf_weight=35 698 23 30 20 33 21 28 30 22 23 23 38 22 25 37 79 29 20 27 207 28 34 22
leaf_count=35 698 23 30 20 33 21 28 30 22 23 23 38 22 25 37 79 29 20 27 207 28 34 22
internal_value=-0.00124941 0.309829 0.404195 -0.212799 0.356977 0.344469 0.365288 0.339901 0.222008 0.226585 0.191848 0.232548 0.241049 0.234938 0.246678 0.235221 0.484284 0.509214 0.313102 -0.216363 0.459291 0.212198 0.414449
internal_weight=1554 629 303 925 191 161 128 85 326 303 45 258 220 198 141 116 112 55 57 905 57 57 43
internal_count=1554 629 303 925 191 161 128 85 326 303 45 258 220 198 141 116 112 55 57 905 57 57 43
is_linear=0
shrinkage=0.05


Tree=5
num_leaves=28
num_cat=0
split_feature=7 2 15 6 8 6 5 3 3 9 3 6 6 8 6 6 9 6 3 6 8 3 8 13 14 3 8
split_gain=36443.9 1707.3 327.624 78.8181 47.388 139.249 39.4604 32.8719 30.6904 50.9155 30.3267 30.3865 41.3147 37.7256 38.24 28.3365 43.0651 26.0063 20.0411 43.5898 18.5235 17.1965 15.4368 6.44703 5.86727 1.79973 1.65847
threshold=0.68350000000000011 0.040000000000000008 1.0000000180025095e-35 6.7433051444679366 13.245000000000003 6.6186826843413433 655.30000000000018 86.050000000000011 92.15000000000002 18.100000000000005 27.650000000000002 6.4165023936919185 6.172357253086421 6.6300000000000017 5.7089947089947097 6.473930481283424 16.250000000000004 5.3883861236802426 51.650000000000013 6.985214176995 1.3500000000000003 95.050000000000011 4.6500000000000012 1.0000000180025095e-35 1.0000000180025095e-35 38.150000000000013 0.82500000000000018
decision_type=2 2 2 2 2 2 2 2 2 2 2 2 2 2 2 2 2 2 2 2 2 2 2 2 2 2 2
left_child=1 2 8 7 10 -6 23 -4 9 -1 -3 12 13 22 17 16 -9 -15 19 25 -18 -10 -12 24 -2 -13 -5
right_child=6 4 3 26 5 -7 -8 15 21 -11 11 18 -14 14 -16 -17 20 -19 -20 -21 -22 -23 -24 -25 -26 -27 -28
leaf_value=0.43820441939294119 -0.19928632702833998 0.16745163202285768 0.43132494462663262 0.32903407265536516 0.24006743990415524 0.084768337070704455 -0.13226248885861677 0.31954477630627504 0.39525203904154987 0.55290960790986698 0.22963864888060148 0.3009051724612069 0.15847157805786913 0.21372271622782302 0.25613116617221759 0.3009051724612069 0.36005803657264979 0.13585214328981632 0.20675632823611748 0.22310946672900112 0.43027189378066572 0.4638861249642543 0.29453559147409231 -0.21485613283220228 -0.21156524739399091 0.27349611876102597 0.3009051724612069
leaf_weight=27 510 22 20 24 35 25 20 31 31 21 21 20 27 24 25 23 20 22 21 35 29 25 25 191 189 22 35
leaf_count=27 510 22 20 24 35 25 20 31 31 21 21 20 27 24 25 23 20 22 21 35 29 25 25 191 189 22 35
internal_value=-0.00326411 0.295736 0.384818 0.34376 0.216993 0.175691 -0.203709 0.367354 0.456221 0.489537 0.22629 0.231547 0.216098 0.229207 0.205231 0.354478 0.369674 0.176964 0.253954 0.266476 0.400571 0.426754 0.26558 -0.205294 -0.202643 0.300905 0.300905
internal_weight=1520 610 286 182 324 60 910 123 104 48 264 242 144 117 71 103 80 46 98 77 49 56 46 890 699 42 59
internal_count=1520 610 286 182 324 60 910 123 104 48 264 242 144 117 71 103 80 46 98 77 49 56 46 890 699 42 59
is_linear=0
shrinkage=0.05


Tree=6
num_leaves=28
num_cat=0
split_feature=7 2 15 6 8 6 5 3 3 9 3 6 6 8 6 0 1 6 9 3 6 8 3 13 14 3 8
split_gain=32893.6 1535.38 297.655 72.8601 42.9887 125.668 35.5428 29.682 27.6414 45.9059 27.4665 27.911 37.277 34.2209 35.3469 38.9723 30.9484 25.501 38.7223 18.3366 40.1284 16.7794 15.4569 5.7826 5.26134 1.50638 1.17039
threshold=0.68350000000000011 0.040000000000000008 1.0000000180025095e-35 6.7433051444679366 13.245000000000003 6.6186826843413433 655.30000000000018 86.050000000000011 92.15000000000002 18.100000000000005 27.650000000000002 6.4165023936919185 6.172357253086421 6.2700000000000014 5.7089947089947097 61.500000000000007 10.250000000000002 6.473930481283424 16.250000000000004 51.650000000000013 6.985214176995 1.3500000000000003 95.050000000000011 1.0000000180025095e-35 1.0000000180025095e-35 38.150000000000013 0.82500000000000018
decision_type=2 2 2 2 2 2 2 2 2 2 2 2 2 2 2 2 2 2 2 2 2 2 2 2 2 2 2
left_child=1 2 8 7 10 -6 23 -4 9 -1 -3 12 13 16 15 -15 -12 18 -9 20 25 -20 -10 24 -2 -13 -5
right_child=6 4 3 26 5 -7 -8 17 22 -11 11 19 -14 14 -16 -17 -18 -19 21 -21 -22 -23 -24 -25 -26 -27 -28
leaf_value=0.41637505622807469 -0.18932396334962409 0.15911693775276256 0.40986599412130476 0.31265062803549393 0.22809826603047867 0.080546807174188675 -0.12568226180859465 0.30361890997917323 0.37555298299268131 0.52539515868182429 0.20885724289789459 0.28586706020492364 0.15057723811755433 0.1169917811961818 0.24418310808496002 0.2097134044029616 0.28586706020492364 0.28586706020492364 0.34207522205039864 0.19646750678665831 0.21198577505146338 0.40883222677044034 0.44078423568452019 -0.20411894625858884 -0.20099257909703169 0.25988318854057951 0.28586706020492364
leaf_weight=27 510 22 20 24 35 25 20 31 31 21 22 20 27 21 26 27 21 23 20 21 35 29 25 191 189 22 35
leaf_count=27 510 22 20 24 35 25 20 31 31 21 22 20 27 21 26 27 21 23 20 21 35 29 25 191 189 22 35
internal_value=-0.0030972 0.280966 0.365445 0.326308 0.20629 0.166938 -0.193528 0.349023 0.433506 0.465168 0.215148 0.220153 0.205347 0.217804 0.196153 0.169579 0.254405 0.336774 0.351207 0.241626 0.253607 0.380532 0.405497 -0.195033 -0.192514 0.285867 0.285867
internal_weight=1520 610 286 182 324 60 910 123 104 48 264 242 144 117 74 48 43 103 80 98 77 49 56 890 699 42 59
internal_count=1520 610 286 182 324 60 910 123 104 48 264 242 144 117 74 48 43 103 80 98 77 49 56 890 699 42 59
is_linear=0
shrinkage=0.05


Tree=7
num_leaves=24
num_cat=0
split_feature=7 2 15 6 6 0 8 8 6 6 8 9 4 8 9 8 6 6 8 6 13 14 8
split_gain=29692.3 1379.6 270.504 67.3754 39.5567 32.7349 28.809 54.6072 84.5493 39.9319 31.5083 24.6796 17.9363 15.421 14.3883 12.5043 25.771 10.2094 8.53345 6.70228 5.09798 5.03081 0.687297
threshold=0.68350000000000011 0.040000000000000008 1.0000000180025095e-35 6.7433051444679366 7.261089367253752 62.500000000000007 4.4900000000000011 10.370000000000003 6.4022471910112371 6.570385818561002 11.350000000000001 16.250000000000004 1.5000000000000002 6.8550000000000013 18.100000000000005 0.9900000000000001 5.6329933624736936 5.8012345679012354 0.91500000000000015 5.9022085610200374 1.0000000180025095e-35 1.0000000180025095e-35 0.82500000000000018
decision_type=2 2 2 2 2 2 2 2 2 2 2 2 2 2 2 2 2 2 2 2 2 2 2
left_child=1 2 14 11 6 20 -3 8 12 10 -9 18 -8 -14 19 -13 -17 -12 -4 -1 21 -2 -5
right_child=5 4 3 22 -6 -7 7 9 -10 -11 17 15 13 -15 -16 16 -18 -19 -20 -21 -22 -23 -24
leaf_value=0.35446076286372857 -0.17985962271059386 0.15851330507315717 0.32253017654898858 0.29708296263366324 0.13658966691374119 -0.12034712447939325 0.22682659093220281 0.14866622101127833 0.2716023837704557 0.13738702923621773 0.20037982969283161 0.32253017654898858 0.20778133345061334 0.15106482605393512 0.43532883971637937 0.40400581081360026 0.32253017654898858 0.24819001732356996 0.2716023837704557 0.4078900308407325 -0.19391833778952255 -0.19122553788113633 0.2716023837704557
leaf_weight=20 510 37 20 24 27 21 37 22 52 37 33 34 26 28 51 27 21 25 21 33 191 188 35
leaf_count=20 510 37 20 24 27 21 37 22 52 37 33 34 26 28 51 27 21 25 21 33 191 188 35
internal_value=-0.00292926 0.266957 0.347037 0.309726 0.196168 -0.183857 0.201519 0.207557 0.228657 0.181552 0.201719 0.331605 0.198609 0.178799 0.411922 0.348868 0.368544 0.221465 0.296192 0.388528 -0.185338 -0.182955 0.271602
internal_weight=1520 610 286 182 324 910 297 260 143 117 80 123 91 54 104 82 48 58 41 53 889 698 59
internal_count=1520 610 286 182 324 910 297 260 143 117 80 123 91 54 104 82 48 58 41 53 889 698 59
is_linear=0
shrinkage=0.05


Tree=8
num_leaves=28
num_cat=0
split_feature=7 2 15 6 8 6 5 3 3 3 3 3 6 3 1 6 6 4 8 3 13 14 8 8 6 8 8
split_gain=26795.9 1240.4 245.857 62.3035 38.4486 106.723 30.3122 27.1594 25.8913 25.0877 41.0022 24.8093 23.9052 34.5443 35.8216 33.8447 25.4825 19.0491 15.4475 15.1705 4.59324 4.40579 3.65983 3.58271 2.56799 0.674426 0.275606
threshold=0.68350000000000011 0.040000000000000008 1.0000000180025095e-35 6.7433051444679366 13.245000000000003 6.6186826843413433 655.30000000000018 86.050000000000011 92.15000000000002 88.65000000000002 90.850000000000009 27.650000000000002 6.4165023936919185 40.350000000000001 11.050000000000002 5.3528240147958464 6.0499014420583057 1.5000000000000002 1.5300000000000002 95.050000000000011 1.0000000180025095e-35 1.0000000180025095e-35 6.8550000000000013 7.1750000000000007 6.3006849315068498 53.565000000000005 0.82500000000000018
decision_type=2 2 2 2 2 2 2 2 2 2 2 2 2 2 2 2 2 2 2 2 2 2 2 2 2 2 2
left_child=1 2 8 7 11 -6 20 -4 24 -9 -11 -3 13 14 -13 -15 22 -14 -12 -10 21 25 -17 -19 -1 -2 -5
right_child=6 4 3 26 5 -7 -8 9 19 10 18 12 17 15 -16 16 -18 23 -20 -21 -22 -23 -24 -25 -26 -27 -28
leaf_value=0.39831597576652911 -0.1701127250008232 0.14173415450219115 0.3727950564627327 0.28229044846479329 0.20566733312233221 0.069707825293104014 -0.1120314791427916 0.26204253251864978 0.33588220666842444 0.37196563788005788 0.31969560978323597 0.11875280288985215 0.24879283592144025 0.1503019489877597 0.1970429329220782 0.25799791119155685 0.17693867047331227 0.17999413479200174 0.25799791119155685 0.39871800947949232 -0.18422749512860565 -0.18156071364848089 0.22519376494398166 0.21241746327947736 0.44700232598576611 -0.18819534280406897 0.25799791119155685
leaf_weight=26 490 22 20 24 35 25 20 31 31 27 24 32 38 21 29 22 20 23 21 25 191 189 20 37 22 20 35
leaf_count=26 490 22 20 24 35 25 20 31 31 27 24 32 38 21 29 22 20 23 21 25 191 189 20 37 22 20 35
internal_value=-0.00279167 0.253593 0.329528 0.293955 0.186468 0.149311 -0.174669 0.315033 0.391389 0.303417 0.320774 0.194835 0.199581 0.185884 0.156316 0.20734 0.226306 0.219445 0.289192 0.364684 -0.176058 -0.173792 0.24922 0.200392 0.421617 -0.170868 0.257998
internal_weight=1520 610 286 182 324 60 910 123 104 103 72 264 242 144 61 83 62 98 45 56 890 699 42 60 48 510 59
internal_count=1520 610 286 182 324 60 910 123 104 103 72 264 242 144 61 83 62 98 45 56 890 699 42 60 48 510 59
is_linear=0
shrinkage=0.05


Tree=9
num_leaves=26
num_cat=0
split_feature=7 2 15 6 6 3 6 0 3 3 2 6 3 9 6 9 2 6 3 0 3 13 14 6 3
split_gain=24181.3 1115.72 223.569 57.6844 34.1748 30.5152 33.2297 27.9223 24.5222 23.6022 23.9549 32.7973 23.3157 41.0189 22.6982 32.6723 18.471 21.7103 13.6369 10.8564 4.88771 4.04005 4.21112 3.50491 1.76037
threshold=0.68350000000000011 0.040000000000000008 1.0000000180025095e-35 6.7433051444679366 7.261089367253752 33.050000000000004 6.2547709923664137 62.500000000000007 86.050000000000011 78.950000000000017 0.22500000000000003 6.4640305493964041 92.15000000000002 18.100000000000005 6.473930481283424 16.250000000000004 0.10500000000000002 5.658404732762139 95.050000000000011 59.500000000000007 30.050000000000004 1.0000000180025095e-35 1.0000000180025095e-35 5.5747210804462721 46.000000000000007
decision_type=2 2 2 2 2 2 2 2 2 2 2 2 2 2 2 2 2 2 2 2 2 2 2 2 2
left_child=1 2 12 8 5 6 -3 21 -4 10 11 16 13 -1 15 -10 17 -7 -14 -13 -8 22 -2 -17 -18
right_child=7 4 3 -5 -6 9 20 -9 14 -11 -12 19 18 -15 -16 23 24 -19 -20 -21 -22 -23 -24 -25 -26
leaf_value=0.35519976505934092 -0.16232898647564109 0.11995207425646895 0.3542480368519304 0.24506825614604885 0.12188295787990754 0.24506825614604885 0.2058531352976487 -0.10730041293736317 0.2583626288633159 0.13938405282124522 0.15072550811158972 0.20135664723405791 0.31914209575898395 0.45684223581829342 0.24506825614604885 0.34567426307914184 0.17767037789995532 0.19750338798995565 0.37886154205200684 0.24506825614604885 0.16457581802164739 -0.17502094198433535 -0.17274398943137007 0.30186872523815478 0.19596330936536688
leaf_weight=27 510 38 20 59 27 20 21 21 31 21 26 20 31 21 23 29 42 22 25 34 20 191 188 20 33
leaf_count=27 510 38 20 59 27 20 21 21 31 21 26 20 31 21 23 29 42 22 25 34 20 191 188 20 33
internal_value=-0.00266431 0.240891 0.312909 0.278986 0.177227 0.182199 0.154635 -0.165941 0.299308 0.192089 0.197608 0.204615 0.371902 0.40063 0.288259 0.30177 0.189037 0.217336 0.346519 0.237864 0.186289 -0.167308 -0.165166 0.328548 0.17767
internal_weight=1520 610 286 182 324 297 79 910 123 218 197 171 104 48 103 80 117 42 56 54 41 889 698 49 75
internal_count=1520 610 286 182 324 297 79 910 123 218 197 171 104 48 103 80 117 42 56 54 41 889 698 49 75
is_linear=0
shrinkage=0.05


Tree=10
num_leaves=26
num_cat=0
split_feature=7 2 15 8 8 3 0 8 9 3 3 3 3 3 0 8 3 0 9 6 9 3 8 13 14
split_gain=21613.8 1126.03 211.541 188.756 51.8077 56.0844 60.6419 37.0162 36.0274 29.8791 40.9018 22.3746 21.9896 39.4045 26.4348 23.6014 20.1035 41.3171 19.954 19.4279 17.6833 13.8034 7.99295 2.9161 5.01064
threshold=0.68350000000000011 0.040000000000000008 1.0000000180025095e-35 54.990000000000002 2.0850000000000004 89.950000000000017 81.500000000000014 1.3500000000000003 35.250000000000007 50.95000000000001 29.000000000000004 86.950000000000017 31.450000000000003 33.550000000000004 60.500000000000007 10.100000000000001 92.15000000000002 87.500000000000014 25.300000000000004 5.650762281197065 16.650000000000002 89.250000000000014 7.1750000000000007 1.0000000180025095e-35 1.0000000180025095e-35
decision_type=2 2 2 2 2 2 2 2 2 2 2 2 2 2 2 2 2 2 2 2 2 2 2 2 2
left_child=1 2 16 23 5 6 11 -7 9 10 -3 -4 -12 -14 19 -16 21 -18 -8 -15 -11 -1 -21 24 -2
right_child=3 8 4 -5 -6 7 18 -9 -10 20 12 -13 13 14 15 -17 17 -19 -20 22 -22 -23 -24 -25 -26
leaf_value=0.34151106852490759 -0.15400500481280033 0.11763471751899519 0.23232449986531556 -0.0034550900483012788 0.34096742881908676 0.29287830320901648 0.28718767169103104 0.23232449986531556 0.23111769666719201 0.095505439218890154 0.19576404652577317 0.2863692885811937 0.10418166796596746 0.11025984061272787 0.19576404652577317 0.17297206979408875 0.28428421891483435 0.3783098445998298 0.36513657731707821 0.13757596812141476 0.1519566200848374 0.40591958020335045 0.17297206979408875 -0.16581119762628982 -0.16485152255454566
leaf_weight=21 493 36 28 20 22 30 20 40 20 26 25 20 22 21 51 49 27 26 22 20 34 32 29 194 197
leaf_count=21 493 36 28 20 22 30 20 40 20 26 25 20 22 21 51 49 27 26 22 20 34 32 29 194 197
internal_value=0.000379111 0.227473 0.299909 -0.155625 0.266721 0.256274 0.28391 0.232324 0.16474 0.16041 0.168076 0.243831 0.176363 0.16853 0.176762 0.193718 0.35654 0.33113 0.328907 0.152226 0.127777 0.381185 0.169849 -0.159061 -0.157132
internal_weight=1525 621 288 904 182 160 90 70 333 313 253 48 217 192 170 100 106 53 42 70 60 53 49 884 690
internal_count=1525 621 288 904 182 160 90 70 333 313 253 48 217 192 170 100 106 53 42 70 60 53 49 884 690
is_linear=0
shrinkage=0.05


Tree=11
num_leaves=26
num_cat=0
split_feature=7 2 15 1 3 5 8 3 3 1 8 8 8 9 3 11 8 3 3 3 8 3 8 13 14
split_gain=19505 1002.09 195.025 182.626 48.1425 70.3036 37.0617 34.3884 32.306 31.6253 27.756 34.1629 21.065 18.4778 18.0815 37.2429 12.6659 12.3718 12.2273 11.6509 7.58127 5.56103 3.34271 3.35398 2.41509
threshold=0.68350000000000011 0.040000000000000008 1.0000000180025095e-35 11.050000000000002 89.950000000000017 880.70000000000016 1.3500000000000003 86.65000000000002 27.650000000000002 11.450000000000001 13.245000000000003 8.9000000000000021 8.6650000000000009 25.550000000000004 92.15000000000002 7656.5000000000009 7.5750000000000011 89.250000000000014 50.95000000000001 46.550000000000004 4.1950000000000012 40.650000000000013 53.850000000000001 1.0000000180025095e-35 1.0000000180025095e-35
decision_type=2 2 2 2 2 2 2 2 2 2 2 2 2 2 2 2 2 2 2 2 2 2 2 2 2
left_child=1 2 14 22 5 -4 -6 -7 -3 10 11 16 -11 -9 17 -16 18 -1 20 -14 -10 -22 23 24 -2
right_child=3 8 4 -5 6 7 -8 13 9 12 -12 -13 19 -15 15 -17 -18 -19 -20 -21 21 -23 -24 -25 -26
leaf_value=0.32451644022882831 -0.14616636087712101 0.099706217883970133 0.22065826473362318 0.0013082956200215353 0.27828303884430183 0.35396805083846666 0.22065826473362318 0.26239110073588306 0.17009193061792782 0.22065826473362318 0.1107023787049632 0.17009193061792782 0.17009193061792782 0.31768688381565691 0.27012245773829219 0.35946682762368887 0.10250061690908481 0.38568683427256589 0.11542239447469374 0.20834406892974658 0.12111845544321619 0.16132100931493754 -0.17335465864521837 -0.15752490617023923 -0.15475555447041825
leaf_weight=21 485 24 31 20 30 25 50 25 21 28 37 80 30 21 27 26 22 32 25 23 20 23 24 194 181
leaf_count=21 485 24 31 20 30 25 50 25 21 28 37 80 30 21 27 26 22 32 25 23 20 23 24 194 181
internal_value=0.000350859 0.216082 0.284417 -0.147847 0.252555 0.275981 0.222318 0.304124 0.156899 0.161292 0.151438 0.159241 0.188746 0.276217 0.338786 0.31464 0.13827 0.3622 0.146931 0.170092 0.158962 0.143063 -0.151227 -0.150584 -0.148531
internal_weight=1525 621 288 904 182 102 80 71 333 309 228 191 81 46 106 53 111 53 89 53 64 43 884 860 666
internal_count=1525 621 288 904 182 102 80 71 333 309 228 191 81 46 106 53 111 53 89 53 64 43 884 860 666
is_linear=0
shrinkage=0.05


Tree=12
num_leaves=26
num_cat=0
split_feature=7 2 15 1 3 5 3 9 3 3 6 9 3 3 0 9 9 3 0 6 1 3 13 14 3
split_gain=17596.3 895.952 179.077 164.859 44.5543 63.5401 31.5749 29.886 27.2618 35.5717 27.1984 33.9009 19.7719 35.9859 33.9314 17.0416 16.6192 16.2595 33.5691 16.1281 12.0845 11.0847 2.18624 2.11413 1.93413
threshold=0.68350000000000011 0.040000000000000008 1.0000000180025095e-35 11.050000000000002 89.950000000000017 880.70000000000016 86.65000000000002 35.250000000000007 50.95000000000001 29.000000000000004 6.5608198924731198 21.350000000000001 31.450000000000003 35.500000000000007 60.500000000000007 25.550000000000004 16.650000000000002 92.15000000000002 88.500000000000014 5.650762281197065 8.0500000000000025 89.250000000000014 1.0000000180025095e-35 1.0000000180025095e-35 40.350000000000001
decision_type=2 2 2 2 2 2 2 2 2 2 2 2 2 2 2 2 2 2 2 2 2 2 2 2 2
left_child=1 2 17 22 5 -4 -7 8 9 -3 11 -6 -11 -14 19 -8 -10 21 -19 -15 -21 -1 23 -2 -16
right_child=3 7 4 -5 10 6 15 -9 16 12 -12 -13 13 14 24 -17 -18 18 -20 20 -22 -23 -24 -25 -26
leaf_value=0.30836752048600907 -0.13976417435634875 0.10558233246248515 0.2095318038932022 0.0012432061617647238 0.2095318038932022 0.33634016320287469 0.24906401665488925 0.2095318038932022 0.083008060384527474 0.17741320871996158 0.2095318038932022 0.283740270390265 0.10581376856973029 0.097020091942701281 0.15621631703104591 0.30187782552004994 0.13755533717179405 0.25969279072538687 0.34495312530717415 0.11537451094360712 0.15621631703104591 0.36646256503239971 -0.14965272051719339 -0.14776016776412645 0.17741320871996158
leaf_weight=21 503 36 31 20 20 25 25 20 26 25 30 30 35 21 28 21 34 29 24 21 26 32 194 187 61
leaf_count=21 503 36 31 20 20 25 25 20 26 25 30 30 35 21 28 21 34 29 24 21 26 32 194 187 61
internal_value=0.000301107 0.205205 0.269822 -0.140459 0.239293 0.261818 0.288596 0.149242 0.145295 0.152606 0.21022 0.248099 0.160332 0.152661 0.162999 0.261867 0.114179 0.321917 0.298972 0.135019 0.15165 0.344162 -0.14367 -0.14196 0.177413
internal_weight=1525 621 288 904 182 102 71 333 313 253 80 50 217 192 157 46 60 106 53 68 47 53 884 690 89
internal_count=1525 621 288 904 182 102 71 333 313 253 80 50 217 192 157 46 60 106 53 68 47 53 884 690 89
is_linear=0
shrinkage=0.05


Tree=13
num_leaves=25
num_cat=0
split_feature=7 2 15 8 8 9 8 8 0 6 8 8 3 6 3 0 8 8 3 8 8 9 14 13
split_gain=15883.2 795.453 165.213 160.459 47.4092 46.9097 42.303 42.5961 27.8648 28.0206 28.4586 71.6898 24.1685 15.3489 14.6172 30.5171 11.9846 36.9231 9.92764 9.01381 17.9633 7.12891 2.14246 4.47334
threshold=0.68350000000000011 0.040000000000000008 1.0000000180025095e-35 54.990000000000002 2.0850000000000004 37.050000000000011 1.3900000000000003 0.80500000000000016 51.500000000000007 5.658404732762139 10.100000000000001 8.9000000000000021 88.550000000000011 6.531972789115648 92.15000000000002 87.500000000000014 6.6300000000000017 10.530000000000003 89.250000000000014 5.7400000000000011 7.5750000000000011 20.900000000000002 1.0000000180025095e-35 1.0000000180025095e-35
decision_type=2 2 2 2 2 2 2 2 2 2 2 2 2 2 2 2 2 2 2 2 2 2 2 2
left_child=1 2 14 22 5 6 7 12 13 16 11 19 -4 -3 18 -16 -10 -18 -1 -11 -21 -12 23 -2
right_child=3 8 4 -5 -6 -7 -8 -9 9 10 21 -13 -14 -15 15 -17 17 -19 -20 20 -22 -23 -24 -25
leaf_value=0.29302221316296911 -0.13202264072976763 0.082963846746077485 0.19904514329578896 0.0063403806876187298 0.2971411447044951 0.28994062029900242 0.19904514329578896 0.2479241430306568 0.19904514329578896 0.12792731155693546 0.12792731155693546 0.19904514329578896 0.2479241430306568 0.12792731155693546 0.24372944809303954 0.32470743873681146 0.12792731155693546 0.1981319980031041 0.34819651784090982 0.17689813388649292 0.12792731155693546 0.1601508192598245 -0.14240481366003183 -0.14217393958402749
leaf_weight=21 493 31 28 20 22 20 56 36 20 33 66 29 20 20 27 26 21 31 32 31 20 31 197 194
leaf_count=21 493 31 28 20 22 20 56 36 20 33 66 29 20 20 27 26 21 31 32 31 20 31 197 194
internal_value=0.000294068 0.194969 0.255856 -0.133439 0.226536 0.216618 0.205908 0.236552 0.142234 0.148481 0.138941 0.157595 0.199045 0.107374 0.305889 0.284085 0.176005 0.16131 0.327022 0.131871 0.150811 0.127927 -0.136607 -0.134917
internal_weight=1525 621 288 904 182 160 140 84 333 282 210 113 48 51 106 53 72 52 53 84 51 97 884 687
internal_count=1525 621 288 904 182 160 140 84 333 282 210 113 48 51 106 53 72 52 53 84 51 97 884 687
is_linear=0
shrinkage=0.05


Tree=14
num_leaves=25
num_cat=0
split_feature=7 2 15 8 8 3 5 9 3 3 5 6 6 8 8 8 2 3 11 2 3 14 13 3
split_gain=14308.6 718.301 151.202 144.849 43.4755 44.6901 52.4405 27.8627 27.8103 28.4167 31.8886 39.0144 29.9189 34.1478 38.4417 21.1303 18.4184 13.1382 27.504 11.1067 8.88771 1.90867 4.01402 1.88794
threshold=0.68350000000000011 0.040000000000000008 1.0000000180025095e-35 54.990000000000002 2.0850000000000004 89.950000000000017 880.70000000000016 25.300000000000004 27.650000000000002 31.450000000000003 727.39999999999998 5.3403574580759061 5.4250427013533056 4.6500000000000012 13.245000000000003 1.3500000000000003 0.17500000000000002 92.15000000000002 7832.5000000000009 0.10500000000000002 89.250000000000014 1.0000000180025095e-35 1.0000000180025095e-35 40.350000000000001
decision_type=2 2 2 2 2 2 2 2 2 2 2 2 2 2 2 2 2 2 2 2 2 2 2 2
left_child=1 2 17 21 5 6 -4 -8 -3 16 12 -12 -11 -14 23 -7 -10 20 -19 -13 -1 22 -2 -15
right_child=3 8 4 -5 -6 15 7 -9 9 10 11 19 13 14 -16 -17 -18 18 -20 -21 -22 -23 -24 -25
leaf_value=0.27844053936230628 -0.12542284846765181 0.081869474201776177 0.18880817191771332 0.0060249410458465122 0.2823513141483473 0.23991335541306938 0.22366860860819224 0.29453136845185512 0.18880817191771332 0.062718467393192631 0.18880817191771332 0.17746078106597885 0.071780914606147772 0.11074378690828286 0.067563915638188227 0.18880817191771332 0.13606258165183946 0.23432990645164065 0.31160903099414222 0.13788139343392333 0.3308409264340208 -0.1352881863055527 -0.13506890397167648 0.13788139343392333
leaf_weight=21 493 24 29 20 22 30 31 30 21 21 24 20 24 35 20 40 20 29 24 52 32 197 194 72
leaf_count=21 493 24 29 20 22 30 31 30 21 21 24 20 24 35 20 40 20 29 24 52 32 197 194 72
internal_value=0.000161404 0.184935 0.242795 -0.126769 0.214746 0.205249 0.231008 0.258529 0.134822 0.13889 0.132757 0.156204 0.119559 0.127384 0.137787 0.188808 0.178436 0.290659 0.269939 0.137881 0.310736 -0.12978 -0.128173 0.137881
internal_weight=1525 621 288 904 182 160 90 61 333 309 268 96 172 151 127 70 41 106 53 72 53 884 687 107
internal_count=1525 621 288 904 182 160 90 61 333 309 268 96 172 151 127 70 41 106 53 72 53 884 687 107
is_linear=0
shrinkage=0.05


Tree=15
num_leaves=28
num_cat=0
split_feature=7 2 15 0 6 9 8 6 6 0 6 6 6 6 6 8 6 4 6 8 8 8 6 13 14 6 6
split_gain=13281.9 715.439 208.658 155.016 48.7077 37.2568 24.7322 20.3065 19.0824 15.2049 14.1888 30.0721 23.7659 11.4021 27.1003 27.6739 27.0648 24.6876 11.0487 17.1753 5.89557 3.49391 2.53866 2.51857 2.92582 0.699249 13.6144
threshold=0.68350000000000011 0.040000000000000008 1.0000000180025095e-35 62.500000000000007 5.626871257485031 16.250000000000004 5.5550000000000006 7.261089367253752 6.3006849315068498 49.500000000000007 6.9962406015037599 5.9122919334186959 6.4334637964774961 6.3925976001352049 5.658404732762139 10.530000000000003 6.6186826843413433 1.5000000000000002 6.0817776539426038 0.68500000000000016 0.9900000000000001 53.565000000000005 6.7892223123366682 1.0000000180025095e-35 1.0000000180025095e-35 5.8366666666666678 6.065203928160666
decision_type=2 2 2 2 2 2 2 2 2 2 2 2 2 2 2 2 2 2 2 2 2 2 2 2 2 2 2
left_child=1 2 10 21 5 -4 8 9 -3 -8 11 -1 -13 14 15 -11 -15 -18 -6 -20 -21 23 -22 24 -2 -16 -27
right_child=3 6 4 -5 18 -7 7 -9 -10 13 -12 12 -14 16 25 -17 17 -19 19 20 22 -23 -24 -25 -26 26 -28
leaf_value=0.26699355924144735 -0.11864975515583874 0.077689904597637902 0.18897015720040877 0.013824992044277102 0.1826721812185651 0.27722314117241464 0.10125794903495006 0.093396615542168993 0.13542539207767154 0.12315192106201343 0.25373877281201757 0.37396484380720352 0.29380061022076476 0.1826721812185651 0.12315192106201343 0.1826721812185651 0.17522004327618379 0.12315192106201343 0.24254753419042174 0.1826721812185651 0.22351057003090036 -0.14696220770404111 0.19020270186822533 -0.12863034004598398 -0.12746476316369859 0.1706770954885293 0.12315192106201343
leaf_weight=39 491 39 21 21 28 34 24 27 24 24 26 21 25 20 20 27 29 28 22 34 20 20 26 201 174 20 39
leaf_count=39 491 39 21 21 28 34 24 27 24 24 26 21 25 20 20 27 29 28 22 34 20 20 26 201 174 20 39
internal_value=0.00157217 0.180524 0.236625 -0.120163 0.203769 0.244021 0.128719 0.135685 0.0999434 0.140564 0.291108 0.302168 0.331238 0.145046 0.135376 0.165105 0.16111 0.139046 0.186526 0.201112 0.189366 -0.123346 0.205246 -0.122778 -0.120983 0.123152 0.135225
internal_weight=1524 617 296 907 185 55 321 258 63 231 111 85 46 207 130 51 77 57 130 102 80 886 46 866 665 79 59
internal_count=1524 617 296 907 185 55 321 258 63 231 111 85 46 207 130 51 77 57 130 102 80 886 46 866 665 79 59
is_linear=0
shrinkage=0.05


Tree=16
num_leaves=26
num_cat=0
split_feature=7 2 15 0 6 9 8 3 3 3 6 9 0 3 6 3 8 6 3 6 6 8 13 14 6
split_gain=11971.8 643.49 190.743 139.94 45.1936 33.5733 22.0875 26.365 19.3715 32.9231 37.2078 23.4718 23.7454 17.9654 21.253 16.68 26.3529 12.7575 57.3474 48.0309 7.07742 3.14199 2.25052 2.61966 1.48201
threshold=0.68350000000000011 0.040000000000000008 1.0000000180025095e-35 62.500000000000007 5.626871257485031 16.250000000000004 5.5550000000000006 37.850000000000001 29.000000000000004 31.450000000000003 7.1199280945043677 23.300000000000001 51.500000000000007 50.95000000000001 5.6994623655913985 86.050000000000011 0.68500000000000016 6.9962406015037599 93.750000000000014 5.9122919334186959 5.687964841108859 53.565000000000005 1.0000000180025095e-35 1.0000000180025095e-35 6.0065359477124192
decision_type=2 2 2 2 2 2 2 2 2 2 2 2 2 2 2 2 2 2 2 2 2 2 2 2 2
left_child=1 2 17 21 5 -4 7 -3 -8 -10 11 12 -11 14 -14 -6 -17 18 19 -1 -13 22 23 -2 -9
right_child=3 6 4 -5 15 -7 8 24 9 10 -12 20 13 -15 -16 16 -18 -19 -20 -21 -22 -23 -24 -25 -26
leaf_value=0.26573271980404339 -0.11271847260748387 0.048485704281883778 0.17956642889863508 0.013137019415037327 0.21695939885875382 0.26340263486782478 0.090582632836421595 0.10589789523663025 0.17335158420513111 0.072964333613120491 0.073667300413154654 0.17335158420513111 0.10324067835697459 0.10324067835697459 0.14535280875488918 0.23311974685903977 0.17335158420513111 0.24110044657727314 0.23585407197305619 0.36926370811308445 0.14535280875488918 -0.1396506556824072 -0.12220202149116595 -0.12109518630418335 0.1302999786105915
leaf_weight=23 491 21 21 21 25 34 31 22 23 20 29 20 23 26 59 21 84 26 35 27 27 20 201 174 20
leaf_count=23 491 21 21 21 25 34 31 22 23 20 29 20 23 26 59 21 84 26 35 27 27 20 201 174 20
internal_value=0.00141725 0.171315 0.224521 -0.114159 0.193106 0.231867 0.122182 0.0949671 0.128769 0.13392 0.126912 0.13566 0.124159 0.133517 0.145353 0.176504 0.173352 0.276613 0.28712 0.322365 0.166547 -0.117183 -0.116642 -0.114936 0.117919
internal_weight=1524 617 296 907 185 55 321 63 258 227 204 175 128 108 82 130 105 111 85 50 47 886 866 665 42
internal_count=1524 617 296 907 185 55 321 63 258 227 204 175 128 108 82 130 105 111 85 50 47 886 866 665 42
is_linear=0
shrinkage=0.05


Tree=17
num_leaves=26
num_cat=0
split_feature=7 2 15 5 6 9 8 3 3 3 5 6 3 8 3 3 3 3 6 3 6 8 13 14 3
split_gain=10805.7 573.759 174.587 133.517 42.0427 30.2517 20.3282 23.7928 17.7998 30.1162 38.0605 22.7484 15.259 23.2727 14.7938 32.5524 19.3338 14.8745 11.4673 51.7472 43.2952 5.11857 2.1694 1.80022 1.49405
threshold=0.68350000000000011 0.040000000000000008 1.0000000180025095e-35 662.55000000000007 5.626871257485031 16.250000000000004 5.5550000000000006 37.850000000000001 29.000000000000004 31.450000000000003 405.85000000000008 7.1241438356164393 86.050000000000011 0.68500000000000016 50.95000000000001 43.20000000000001 38.600000000000009 36.250000000000007 6.9962406015037599 93.750000000000014 5.9122919334186959 53.850000000000001 1.0000000180025095e-35 1.0000000180025095e-35 47.550000000000004
decision_type=2 2 2 2 2 2 2 2 2 2 2 2 2 2 2 2 2 2 2 2 2 2 2 2 2
left_child=1 2 18 21 5 -4 7 -3 -8 -10 -11 14 -6 -14 15 16 17 -12 19 20 -1 22 23 -2 -9
right_child=3 6 4 -5 12 -7 8 24 9 10 11 -13 13 -15 -16 -17 -18 -19 -20 -21 -22 -23 -24 -25 -26
leaf_value=0.25250360055633081 -0.10708369713309243 0.046072908791038092 0.17063065931130361 0.019000920253013497 0.20615464861827545 0.250271123975428 0.086068064539762179 0.12370057543872091 0.16468268865707103 0.054557881937987766 0.11419994225514825 0.091293421314497455 0.22151900656980361 0.16468268865707103 0.10508168539897329 0.16468268865707103 0.096730931375718796 0.16468268865707103 0.22909161293186908 0.22409496421042163 0.35086865491092867 -0.13779135484831026 -0.11609495833760647 -0.11434574870115584 0.099644705603755476
leaf_weight=23 491 21 21 20 25 34 31 21 23 20 22 24 21 84 35 42 39 22 26 35 27 21 201 174 21
leaf_count=23 491 21 21 20 25 34 31 21 23 20 22 24 21 84 35 42 39 22 26 35 27 21 201 174 21
internal_value=0.00134872 0.16276 0.213002 -0.108454 0.182948 0.220319 0.116363 0.0902492 0.122683 0.127621 0.120881 0.128029 0.166941 0.164683 0.135088 0.143359 0.123254 0.146378 0.262839 0.272821 0.306315 -0.111335 -0.110672 -0.109008 0.112057
internal_weight=1524 617 296 907 185 55 321 63 258 227 204 184 130 105 160 125 83 44 111 85 50 887 866 665 42
internal_count=1524 617 296 907 185 55 321 63 258 227 204 184 130 105 160 125 83 44 111 85 50 887 866 665 42
is_linear=0
shrinkage=0.05


Tree=18
num_leaves=26
num_cat=0
split_feature=7 2 15 5 6 9 8 3 3 3 5 6 3 8 3 3 6 6 3 6 8 8 13 14 6
split_gain=9750.71 511.893 159.894 120.536 39.1531 27.2566 18.6305 21.4707 16.2946 27.6401 34.5513 21.1388 13.9307 20.4959 13.6645 29.6914 18.2304 10.3051 46.6917 39.0235 8.57241 4.61111 1.93753 1.60552 1.41007
threshold=0.68350000000000011 0.040000000000000008 1.0000000180025095e-35 662.55000000000007 5.626871257485031 16.250000000000004 5.5550000000000006 37.850000000000001 29.000000000000004 31.450000000000003 405.85000000000008 7.1241438356164393 86.050000000000011 0.68500000000000016 50.95000000000001 43.20000000000001 5.9122919334186959 6.9962406015037599 93.750000000000014 5.9122919334186959 11.350000000000001 53.850000000000001 1.0000000180025095e-35 1.0000000180025095e-35 6.0065359477124192
decision_type=2 2 2 2 2 2 2 2 2 2 2 2 2 2 2 2 2 2 2 2 2 2 2 2 2
left_child=1 2 17 21 5 -4 7 -3 -8 -10 -11 14 -6 -14 15 16 -12 18 19 -1 -18 22 23 -2 -9
right_child=3 6 4 -5 12 -7 8 24 9 10 11 -13 13 -15 -16 -17 20 -19 -20 -21 -22 -23 -24 -25 -26
leaf_value=0.23993307512043877 -0.10173060405863639 0.04378017970665371 0.16213956028929255 0.018055598890010398 0.19588798020643544 0.23779426304476003 0.081778497979571971 0.095014167573656966 0.15641558105682463 0.051843560216438704 0.089621434903541117 0.086854579689544339 0.21049554559856795 0.15641558105682463 0.099842569991903773 0.15641558105682463 0.11744274732990129 0.21768091966137579 0.21292213897334886 0.33338996068577925 0.15641558105682463 -0.13093444046815989 -0.11029309684041128 -0.108631745047572 0.11832138382973362
leaf_weight=23 491 21 21 20 25 34 31 22 23 20 36 24 21 84 35 42 27 26 35 27 20 21 201 174 20
leaf_count=23 491 21 21 20 25 34 31 22 23 20 36 24 21 84 35 42 27 26 35 27 20 21 201 174 20
internal_value=0.00127039 0.1546 0.202058 -0.103034 0.173296 0.209345 0.110773 0.085766 0.116824 0.12155 0.115054 0.121866 0.157856 0.156416 0.128685 0.136634 0.117293 0.249751 0.259235 0.291064 0.138147 -0.105772 -0.105141 -0.10356 0.106486
internal_weight=1524 617 296 907 185 55 321 63 258 227 204 184 130 105 160 125 83 111 85 50 47 887 866 665 42
internal_count=1524 617 296 907 185 55 321 63 258 227 204 184 130 105 160 125 83 111 85 50 47 887 866 665 42
is_linear=0
shrinkage=0.05


Tree=19
num_leaves=26
num_cat=0
split_feature=7 8 0 15 1 8 3 3 8 0 8 8 3 3 8 8 9 9 3 1 3 3 8 3 14
split_gain=8797.93 459.146 114.514 87.5165 72.4863 40.1111 33.7632 38.4798 23.2327 20.4749 22.2159 24.6551 30.6378 18.0304 14.5367 30.6088 12.1946 6.23122 4.36502 3.72602 14.2479 9.56356 2.3966 1.12487 0.60056
threshold=0.68350000000000011 1.3900000000000003 62.500000000000007 1.0000000180025095e-35 14.950000000000001 2.6700000000000004 88.550000000000011 86.050000000000011 4.6500000000000012 48.500000000000007 10.100000000000001 7.8050000000000006 43.20000000000001 89.850000000000009 11.350000000000001 13.245000000000003 21.350000000000001 18.700000000000006 38.600000000000009 13.950000000000001 92.65000000000002 91.950000000000017 52.495000000000005 34.550000000000004 1.0000000180025095e-35
decision_type=2 2 2 2 2 2 2 2 2 2 2 2 2 2 2 2 2 2 2 2 2 2 2 2 2
left_child=1 3 22 19 5 13 7 -5 17 -10 11 12 -11 -3 -12 -16 -8 -7 -17 20 -1 -21 24 -13 -2
right_child=2 4 -4 6 -6 8 16 -9 9 10 14 23 -14 -15 15 18 -18 -19 -20 21 -22 -23 -24 -25 -26
leaf_value=0.19395414183390536 -0.098994391859492589 0.14995374237354003 0.017234813884536238 0.19387781083654454 0.19055581695811696 0.048955885930494825 0.17602786943051316 0.10362700123557521 0.062719235022038342 0.087364556874618707 0.087364556874618707 0.14995374237354003 0.13922222716601815 0.10823454184464287 0.14596831890129336 0.1106749841919193 0.22908798835831559 0.088382485013603421 0.087364556874618707 0.28076001251984506 0.23829759025374095 0.23829759025374095 -0.11611219659401249 0.1362569219971958 -0.10406444516341734
leaf_weight=27 684 28 21 21 30 23 28 29 24 30 30 21 38 28 37 23 24 20 36 22 34 28 32 36 170
leaf_count=27 684 28 21 21 30 23 28 29 24 30 30 21 38 28 37 23 24 20 36 22 34 28 32 36 170
internal_value=0.00119202 0.146838 -0.0978855 0.206286 0.11544 0.109352 0.17227 0.141943 0.102356 0.107751 0.11201 0.12719 0.106226 0.148732 0.0968219 0.110004 0.201006 0.0675724 0.0873646 0.237316 0.225759 0.250837 -0.100621 0.149954 -0.100022
internal_weight=1524 617 907 213 404 374 102 50 318 275 251 125 68 56 126 96 52 43 59 111 61 50 886 57 854
internal_count=1524 617 907 213 404 374 102 50 318 275 251 125 68 56 126 96 52 43 59 111 61 50 886 57 854
is_linear=0
shrinkage=0.05


Tree=20
num_leaves=28
num_cat=0
split_feature=7 3 5 3 8 6 3 0 3 3 3 3 3 3 3 8 4 6 0 8 8 8 6 4 3 6 14
split_gain=7897.64 419.387 103.285 77.6111 83.1113 98.5584 74.3805 70.4181 33.1878 25.4333 22.0016 21.5126 27.34 76.4961 54.5816 41.756 31.8396 32.2383 19.867 31.1701 18.6968 8.66695 6.54009 4.44571 4.21028 3.53294 0.185569
threshold=0.68350000000000011 87.350000000000009 662.55000000000007 89.850000000000009 1.5300000000000002 6.1371473354231982 93.950000000000017 80.500000000000014 93.950000000000017 92.15000000000002 88.550000000000011 85.050000000000011 40.350000000000001 38.600000000000009 35.500000000000007 14.350000000000003 1.5000000000000002 6.3086080586080593 60.500000000000007 5.4200000000000008 8.6650000000000009 54.165000000000006 6.5919899874843564 1.5000000000000002 49.850000000000001 6.0065359477124192 1.0000000180025095e-35
decision_type=2 2 2 2 2 2 2 2 2 2 2 2 2 2 2 2 2 2 2 2 2 2 2 2 2 2 2
left_child=1 7 21 10 5 8 9 11 -5 -7 -3 12 13 14 16 18 22 -18 19 -14 -21 26 -1 -20 -25 -6 -2
right_child=2 3 -4 4 25 6 -8 -9 -10 -11 -12 -13 15 -15 -16 -17 17 -19 23 20 -22 -23 -24 24 -26 -27 -28
leaf_value=0.13487222053082054 -0.093988147317657339 0.20174767249430792 0.018948166287360499 0.29252217126532076 0.1284241454773096 0.15449121825364764 0.22202665798455681 0.18119562073727513 0.20253880453940054 0.077042297794708711 0.26606165954219108 0.052339728183655933 0.055936977186354035 0.02317231760260717 0.14176077723526784 0.05011323015043391 0.02317231760260717 0.093879086325420316 0.14176077723526784 0.12390474880650684 0.075707798818657301 -0.12949027060276239 0.094633968153271061 0.12390474880650684 0.14176077723526784 0.09503439119206139 -0.098017306146142499
leaf_weight=26 667 25 20 26 20 23 29 31 20 21 39 21 22 25 33 20 26 34 35 23 22 20 21 32 26 20 181
leaf_count=26 667 25 20 26 20 23 29 31 20 21 39 21 22 25 33 20 26 34 35 23 22 20 21 32 26 20 181
internal_value=0.00250909 0.139439 -0.0930946 0.19435 0.175253 0.196315 0.15958 0.108541 0.254032 0.117899 0.241371 0.102326 0.105338 0.0903658 0.104951 0.118977 0.0862759 0.0617838 0.127517 0.106049 0.123905 -0.0956839 0.117239 0.141761 0.125886 0.112133 -0.0948655
internal_weight=1508 620 888 223 159 119 73 397 46 44 64 366 345 165 140 180 107 60 160 67 45 868 47 93 58 40 848
internal_count=1508 620 888 223 159 119 73 397 46 44 64 366 345 165 140 180 107 60 160 67 45 868 47 93 58 40 848
is_linear=0
shrinkage=0.05


Tree=21
num_leaves=25
num_cat=0
split_feature=7 3 1 8 6 0 3 3 4 3 3 6 3 3 0 6 8 6 8 3 3 8 13 8
split_gain=7141.75 375.989 95.3726 71.1159 71.8555 63.0027 48.3618 40.9247 37.2362 30.7416 29.217 39.7894 20.065 22.3498 17.7617 25.0018 55.9501 20.6101 13.7776 19.8816 37.5003 12.0463 2.01516 0.365995
threshold=0.68350000000000011 87.350000000000009 10.950000000000001 0.68500000000000016 6.4334637964774961 80.500000000000014 90.15000000000002 91.350000000000009 2.5000000000000004 89.65000000000002 94.050000000000011 6.6285602299451272 27.150000000000002 85.050000000000011 47.500000000000007 6.3925976001352049 13.245000000000003 5.2559846234492413 7.5750000000000011 43.20000000000001 50.95000000000001 54.165000000000006 1.0000000180025095e-35 5.4200000000000008
decision_type=2 2 2 2 2 2 2 2 2 2 2 2 2 2 2 2 2 2 2 2 2 2 2 2
left_child=1 5 21 8 7 12 -6 -5 9 -3 11 -11 -1 14 -14 17 23 -16 19 -19 -21 22 -2 -17
right_child=2 3 -4 4 6 -7 -8 -9 -10 10 -12 -13 13 -15 15 16 -18 18 -20 20 -22 -23 -24 -25
leaf_value=0.050443946450476729 -0.088432064655651926 0.27995067671011975 0.016571493284397217 0.23555151893097737 0.16759697486905947 0.17216497135267764 0.065081110936042671 0.14530499005222702 0.15127807181828468 0.23056470315847824 0.24288970908134599 0.13095049760156896 0.058354572692259223 0.049735144614043388 0.12994385302674419 0.1069188784492846 0.082637637176445011 0.082637637176445011 0.082637637176445011 0.134855018076496 0.082637637176445011 -0.1284545277578259 -0.095137618285823886 0.134855018076496
leaf_weight=22 650 21 21 28 20 31 28 25 23 20 36 22 21 21 35 20 29 27 80 20 20 22 195 71
leaf_count=22 650 21 21 28 20 31 28 25 23 20 36 22 21 21 35 20 29 27 80 20 20 22 195 71
internal_value=0.00247142 0.132684 -0.0884419 0.184679 0.153102 0.103426 0.10816 0.19343 0.210632 0.224204 0.208792 0.17894 0.0975451 0.100527 0.103798 0.106921 0.124888 0.0949844 0.0865441 0.106497 0.129857 -0.0909928 -0.0899965 0.134855
internal_weight=1508 620 888 223 101 397 48 53 122 99 78 42 366 344 323 302 120 182 147 67 40 867 845 91
internal_count=1508 620 888 223 101 397 48 53 122 99 78 42 366 344 323 302 120 182 147 67 40 867 845 91
is_linear=0
shrinkage=0.05


Tree=22
num_leaves=25
num_cat=0
split_feature=7 3 8 3 8 6 3 0 3 3 3 10 3 6 6 6 6 8 8 6 13 14 6 8
split_gain=6449.08 339.149 91.3532 65.4137 70.3872 83.6653 63.5559 56.7775 31.1874 22.7198 20.5545 18.9495 24.7404 19.7401 27.9115 23.207 23.1774 19.4398 3.34562 2.33819 1.45826 2.20831 0.361926 0.240344
threshold=0.68350000000000011 87.350000000000009 54.990000000000002 89.850000000000009 1.5300000000000002 6.1371473354231982 93.950000000000017 80.500000000000014 93.950000000000017 92.15000000000002 88.550000000000011 167.70500000000001 27.150000000000002 5.9769353128313911 5.658404732762139 7.261089367253752 5.2707722385141755 4.6500000000000012 52.165000000000006 6.0065359477124192 1.0000000180025095e-35 1.0000000180025095e-35 5.2299154334038063 13.245000000000003
decision_type=2 2 2 2 2 2 2 2 2 2 2 2 2 2 2 2 2 2 2 2 2 2 2 2
left_child=1 7 18 10 5 8 9 11 -5 -7 -3 12 -1 14 16 17 -14 -15 20 -6 21 -2 -23 -19
right_child=2 3 -4 4 19 6 -8 -9 -10 -11 -12 -13 13 15 -16 -17 -18 23 -20 -21 -22 22 -24 -25
leaf_value=0.0359436787139642 -0.082357308448753205 0.18061594402647591 0.016336580531090092 0.26767349453264727 0.11345881533563434 0.13952198612031999 0.20121025408256507 0.16358440066553007 0.18086461839984305 0.066409756397713696 0.2423942904281037 0.12815901424686979 0.056756419022948715 0.070006809136734668 0.038451795759830119 0.061652823519019698 0.10862887829498663 0.10862887829498663 -0.1030790984460771 0.085535676606852018 -0.090383177143313953 -0.09987504347417149 -0.088268866728392265 0.088184306840611321
leaf_weight=21 458 25 22 26 20 23 29 31 20 21 39 32 28 34 36 32 39 109 35 20 195 22 156 35
leaf_count=21 458 25 22 26 20 23 29 31 20 21 39 32 28 34 36 32 39 109 35 20 195 22 156 35
internal_value=0.00237021 0.126107 -0.0840217 0.175491 0.157956 0.177339 0.143494 0.0983184 0.230513 0.104971 0.21866 0.0927336 0.0890987 0.0926365 0.0743508 0.101542 0.0934792 0.108629 -0.0865786 0.0998701 -0.0858653 -0.0844582 -0.0897867 0.108629
internal_weight=1508 620 888 223 159 119 73 397 46 44 64 366 334 313 103 210 67 178 866 40 831 636 178 144
internal_count=1508 620 888 223 159 119 73 397 46 44 64 366 334 313 103 210 67 178 866 40 831 636 178 144
is_linear=0
shrinkage=0.05


Tree=23
num_leaves=30
num_cat=0
split_feature=7 3 1 8 3 0 4 3 3 3 3 2 3 8 4 8 3 5 8 8 5 8 8 13 3 14 3 8 8
split_gain=5833.75 303.643 84.0913 60.4799 55.8127 51.1606 34.9952 26.7407 29.8971 26.0357 25.1104 24.3028 29.9399 22.4784 20.1618 38.7648 25.755 23.9244 18.7689 13.0417 6.41954 5.62751 5.34704 1.64485 1.31294 0.998196 0.762594 0.736321 15.7335
threshold=0.68350000000000011 87.350000000000009 10.950000000000001 0.68500000000000016 92.250000000000014 81.500000000000014 2.5000000000000004 85.450000000000017 46.550000000000004 89.65000000000002 94.050000000000011 0.14500000000000005 50.95000000000001 1.7900000000000003 1.5000000000000002 11.350000000000001 38.600000000000009 547.64999999999998 7.8050000000000006 54.165000000000006 689.80000000000007 0.91500000000000015 13.665000000000001 1.0000000180025095e-35 91.750000000000014 1.0000000180025095e-35 35.500000000000007 5.7400000000000011 3.3250000000000006
decision_type=2 2 2 2 2 2 2 2 2 2 2 2 2 2 2 2 2 2 2 2 2 2 2 2 2 2 2 2 2
left_child=1 5 19 6 13 7 9 8 14 -3 24 27 -13 21 16 17 20 26 -19 23 -1 -5 -17 25 -11 -2 -16 28 -10
right_child=2 3 -4 4 -6 -7 -8 -9 11 10 -12 12 -14 -15 15 22 -18 18 -20 -21 -22 -23 -24 -25 -26 -27 -28 -29 -30
leaf_value=0.099512758473060015 -0.078231138085843255 0.25512836533135147 0.018765789411644238 0.16443792061783127 0.087011140853249125 0.16183952552148667 0.13334562061314201 0.034863913506775153 0.12537191663607886 0.17480275690273087 0.2212252702244101 0.10475775168375466 0.041035235039426077 0.20916502762462291 0.020102627043457805 0.12537191663607886 0.062409555378547248 0.10510639485456744 0.04786081781715578 -0.12098279964869917 0.12537191663607886 0.124516705239748 0.089232799658142181 -0.085866334259907195 0.14811438557237244 -0.083733760438638991 0.030382490256951319 0.12537191663607886 0.10475775168375466
leaf_weight=34 471 21 21 21 36 26 23 22 22 21 36 25 24 21 21 20 33 24 21 22 30 23 24 195 21 179 21 29 21
leaf_count=34 471 21 21 21 36 26 23 22 22 21 36 25 24 21 21 20 33 24 21 22 30 23 24 195 21 179 21 29 21
internal_value=0.00234298 0.120029 -0.079824 0.166758 0.137641 0.0937331 0.19069 0.0889043 0.0922856 0.203814 0.189626 0.112561 0.0841436 0.165428 0.0814591 0.068425 0.0989218 0.0488812 0.0742248 -0.0822196 0.117544 0.144013 0.106756 -0.0811903 0.161961 -0.0797668 0.0214968 0.125372 0.112144
internal_weight=1508 620 888 223 101 397 122 371 349 99 78 121 49 65 228 131 97 87 45 867 64 44 44 845 42 650 42 72 43
internal_count=1508 620 888 223 101 397 122 371 349 99 78 121 49 65 228 131 97 87 45 867 64 44 44 845 42 650 42 72 43
is_linear=0
shrinkage=0.05


Tree=24
num_leaves=28
num_cat=0
split_feature=7 3 8 3 6 3 0 8 8 3 3 6 3 3 3 8 8 6 4 6 3 0 6 8 13 14 8
split_gain=5273.17 272.75 82.1733 55.5694 60.5652 147.384 46.3497 40.3546 38.7355 47.3261 18.7255 17.0054 24.0243 43.1611 79.5313 42.4726 50.1415 39.4918 19.9755 16.0146 30.8842 13.1691 10.8601 3.25088 1.1021 1.96174 1.31725
threshold=0.68350000000000011 87.350000000000009 54.990000000000002 89.850000000000009 6.4022471910112371 93.950000000000017 80.500000000000014 0.68500000000000016 1.5300000000000002 93.250000000000014 88.550000000000011 5.2559846234492413 35.500000000000007 38.600000000000009 40.350000000000001 13.245000000000003 4.1950000000000012 5.9929577464788748 1.5000000000000002 6.4967532467532481 30.450000000000003 63.500000000000007 5.5747210804462721 52.165000000000006 1.0000000180025095e-35 1.0000000180025095e-35 48.920000000000009
decision_type=2 2 2 2 2 2 2 2 2 2 2 2 2 2 2 2 2 2 2 2 2 2 2 2 2 2 2
left_child=1 6 23 10 8 7 11 -6 9 -5 -3 21 17 -14 -15 16 18 -13 -16 -19 -21 -1 -18 24 25 -2 -27
right_child=2 3 -4 4 5 -7 -8 -9 -10 -11 -12 12 13 14 15 -17 22 19 -20 20 -22 -23 -24 -25 -26 26 -28
leaf_value=0.074218115909720092 -0.074340223761214824 0.16209790392136908 0.019168987679960212 0.23988721367624619 0.10249802366611492 0.20527003932729992 0.14824071866954255 0.019168987679960212 0.11656379902511216 0.14907482507432007 0.22082207330200068 0.019168987679960212 0.11622011517581227 0.019168987679960212 0.090682610247599243 0.030724446466600754 0.076946454172703752 0.10855373493213459 0.021227262192721821 0.019959610205962944 0.10136875476672019 0.11622011517581227 0.11622011517581227 -0.094379442064171176 -0.081575218382277659 -0.079352010677454218 -0.095359843263128907
leaf_weight=20 458 25 22 29 25 26 31 24 24 31 39 25 27 24 20 25 20 28 22 24 23 20 88 35 195 157 21
leaf_count=20 458 25 22 29 25 26 31 24 24 31 39 25 27 24 20 25 20 28 22 24 23 20 88 35 195 157 21
internal_value=0.00228401 0.114173 -0.0758353 0.158463 0.142303 0.109177 0.0892489 0.0577731 0.171654 0.193377 0.19825 0.0841995 0.0803162 0.0894131 0.0791979 0.0915016 0.101571 0.0596387 0.0545568 0.0783356 0.0600349 0.115444 0.11622 -0.0782607 -0.0775645 -0.0763143 -0.0813211
internal_weight=1508 620 888 223 159 75 397 49 84 60 64 366 326 226 199 175 150 100 42 75 47 40 108 866 831 636 178
internal_count=1508 620 888 223 159 75 397 49 84 60 64 366 326 226 199 175 150 100 42 75 47 40 108 866 831 636 178
is_linear=0
shrinkage=0.05


Tree=25
num_leaves=24
num_cat=0
split_feature=7 8 5 3 1 0 9 3 3 1 3 4 3 3 4 2 8 8 8 8 8 14 8
split_gain=4664.53 263.326 43.6435 38.1138 38.0084 36.3711 31.5841 27.436 27.743 39.9367 33.3388 24.6035 19.9748 32.0429 18.4086 20.3942 17.3367 4.06848 2.55519 30.9855 1.57622 1.47175 2.38225
threshold=0.68350000000000011 0.71500000000000019 1150.2 89.050000000000011 12.950000000000001 62.500000000000007 23.750000000000004 91.15000000000002 35.500000000000007 8.1500000000000004 32.350000000000001 1.5000000000000002 90.550000000000011 78.950000000000017 1.5000000000000002 0.16500000000000004 1.7500000000000002 53.850000000000001 6.6300000000000017 8.6650000000000009 13.245000000000003 1.0000000180025095e-35 47.57
decision_type=2 2 2 2 2 2 2 2 2 2 2 2 2 2 2 2 2 2 2 2 2 2 2
left_child=1 2 3 -1 7 17 -5 8 10 -10 14 -4 13 -6 -3 -16 -15 21 -11 -20 -21 -2 -23
right_child=5 4 11 6 12 -7 -8 -9 9 18 -12 -13 -14 16 15 -17 -18 -19 19 20 -22 22 -24
leaf_value=0.078829406706784011 -0.073205094979967272 0.094537663484426548 0.22637680855541956 0.11699246742305994 0.094537663484426548 -0.0081649993833207406 0.1657883283291739 0.023128333711381413 0.040287719004454707 0.094537663484426548 0.014826491895829574 0.1657883283291739 0.094537663484426548 0.12360954062499073 0.085793517981327422 0.020229421821867283 0.18983635043645922 -0.098654066508089125 0.067412691244440631 0.094537663484426548 0.076096999627753792 -0.07566524387392401 -0.090559677839845504
leaf_weight=21 694 32 32 36 29 21 20 22 36 96 21 32 39 22 24 24 21 20 20 61 34 157 42
leaf_count=21 694 32 32 36 29 21 20 22 36 96 21 32 39 22 24 24 21 20 20 61 34 157 42
internal_value=-0.00288538 0.103185 0.163319 0.137327 0.0855169 -0.0735322 0.158995 0.0777256 0.0811552 0.0902402 0.0588205 0.194249 0.11135 0.128503 0.0738651 0.0532256 0.156434 -0.0750292 0.0945377 0.0843642 0.0945377 -0.0744835 -0.0788778
internal_weight=1556 622 141 77 481 934 56 370 348 247 101 64 111 72 80 48 43 913 211 115 95 893 199
internal_count=1556 622 141 77 481 934 56 370 348 247 101 64 111 72 80 48 43 913 211 115 95 893 199
is_linear=0
shrinkage=0.05


Tree=26
num_leaves=31
num_cat=0
split_feature=7 8 6 3 3 0 3 6 3 3 0 10 8 8 6 6 3 3 3 3 6 8 9 6 14 6 13 3 3 3
split_gain=4220.8 239.702 35.4168 47.2884 68.2644 47.3682 43.5658 43.3885 41.5921 66.1936 32.8117 31.2996 32.6485 27.1356 27.0254 24.5091 20.9238 16.036 12.7639 27.6358 25.2326 3.66571 3.59574 3.41851 1.31736 2.5404 1.97612 0.310104 0.094628 0.253228
threshold=0.68350000000000011 0.71500000000000019 5.5966101694915258 36.250000000000007 91.050000000000011 80.500000000000014 32.350000000000001 6.2547709923664137 53.350000000000001 36.250000000000007 62.500000000000007 66.425000000000011 13.245000000000003 8.9000000000000021 6.9528371407516598 5.347685931383837 88.850000000000009 50.95000000000001 92.250000000000014 94.250000000000014 5.786303107165506 53.850000000000001 17.950000000000003 6.8156843156843179 1.0000000180025095e-35 5.2299154334038063 1.0000000180025095e-35 62.95000000000001 83.65000000000002 84.750000000000014
decision_type=2 2 2 2 2 2 2 2 2 2 2 2 2 2 2 2 2 2 2 2 2 2 2 2 2 2 2 2 2 2
left_child=1 14 8 6 5 11 7 -4 9 -3 21 -5 13 17 18 -11 -10 -13 20 -20 -1 24 -19 -9 26 -26 27 -2 -29 -30
right_child=10 2 3 4 -6 -7 -8 23 16 15 -12 12 -14 -15 -16 -17 -18 22 19 -21 -22 -23 -24 -25 25 -27 -28 28 29 -31
leaf_value=0.14693432479982635 -0.076103815566971003 0.15803939562235306 0.01514175629373846 0.039510280617083976 0.016714307346755466 0.14430729820181037 0.014192471657547501 0.08004125461370741 0.17401692656985612 0.023704661469445127 -0.0077586835594538831 0.1086188859899959 0.066317016155965733 0.11376220165891809 0.1147952439381637 0.089643879466322796 0.10971150617129706 0.066317016155965733 0.10105598557054699 0.17825637567560773 0.21633449779206534 -0.09374590379681752 0.08918044775454706 0.11112773005778971 -0.089294716897884749 -0.072209156112682249 -0.074177218787649976 -0.065828961164151753 -0.078203906526612993 -0.06811532406411934
leaf_weight=26 25 20 27 34 33 39 23 21 23 33 21 33 31 43 33 25 32 20 20 31 31 20 22 22 31 168 201 296 20 152
leaf_count=26 25 20 27 34 33 39 23 21 23 33 21 33 31 43 33 25 32 20 20 31 31 20 22 22 31 168 201 296 20 152
internal_value=-0.00265574 0.0982435 0.0813855 0.0729008 0.0840561 0.0940318 0.0422024 0.0651232 0.103477 0.0796578 -0.0698585 0.0832171 0.0931238 0.106413 0.155618 0.0523182 0.136961 0.0818148 0.167928 0.148337 0.185079 -0.0712804 0.066317 0.0962829 -0.0707612 -0.0749394 -0.0695454 -0.0676321 -0.0671527 -0.0693622
internal_weight=1556 622 481 348 255 222 93 70 133 78 934 183 149 118 141 58 55 75 108 51 57 913 42 43 893 199 694 493 468 172
internal_count=1556 622 481 348 255 222 93 70 133 78 934 183 149 118 141 58 55 75 108 51 57 913 42 43 893 199 694 493 468 172
is_linear=0
shrinkage=0.05


Tree=27
num_leaves=27
num_cat=0
split_feature=7 8 5 3 6 3 3 0 3 6 3 3 10 9 10 8 8 4 6 3 3 8 6 9 13 14
split_gain=3807.06 217.001 37.3884 35.6043 32.2792 43.8006 61.6235 42.7294 40.3847 39.1715 37.526 59.7547 31.9313 28.7872 28.2498 30.6076 25.6018 22.1387 22.1196 18.8708 14.8963 12.437 3.06824 3.0522 0.987025 1.01622
threshold=0.68350000000000011 0.71500000000000019 1150.2 89.050000000000011 5.5966101694915258 36.250000000000007 91.050000000000011 80.500000000000014 32.350000000000001 6.2547709923664137 53.350000000000001 36.250000000000007 122.105 23.750000000000004 66.425000000000011 13.245000000000003 8.9000000000000021 1.5000000000000002 5.347685931383837 88.850000000000009 50.95000000000001 54.165000000000006 6.8156843156843179 17.950000000000003 1.0000000180025095e-35 1.0000000180025095e-35
decision_type=2 2 2 2 2 2 2 2 2 2 2 2 2 2 2 2 2 2 2 2 2 2 2 2 2 2
left_child=1 2 3 -1 10 8 7 14 9 -6 11 -3 21 -5 -7 16 20 -4 -13 -12 -16 24 -11 -22 25 -2
right_child=12 4 17 13 5 6 -8 -9 -10 22 19 18 -14 -15 15 -17 -18 -19 -20 -21 23 -23 -24 -25 -26 -27
leaf_value=0.067369575523087186 -0.064213604340546529 0.15017673890685559 0.20695957197021475 0.10386060774816495 0.014387462538326798 0.037540560235375886 0.015881116159212443 0.13711038577415602 0.013454135792528216 0.076058160985038745 0.16535374674123604 0.022523011181649844 -0.0035904118670752982 0.15015602709328998 0.10320434869236098 0.063014863092617668 0.10809333528781631 0.15015602709328998 0.085179542925253329 0.10424301969670804 0.063014863092617668 -0.10460316778777481 0.10559648483047657 0.084741603384190553 -0.07047020426322903 -0.069297549075341122
leaf_weight=21 494 20 32 36 27 34 33 39 23 21 23 33 20 20 33 31 43 32 25 32 20 23 22 22 201 196
leaf_count=21 494 20 32 36 27 34 33 39 23 21 23 33 20 20 33 31 43 32 25 32 20 23 22 22 201 196
internal_value=-0.00254685 0.0932794 0.147871 0.123816 0.0772386 0.0691369 0.0798728 0.0893511 0.0395918 0.0618889 0.0983317 0.0756987 -0.0663711 0.144737 0.0790763 0.0884892 0.101432 0.176496 0.0497163 0.130143 0.0772391 -0.0677388 0.0914967 0.0630149 -0.06677 -0.0656748
internal_weight=1556 622 141 77 481 348 255 222 93 70 133 78 934 56 183 149 118 64 58 55 75 914 43 42 891 690
internal_count=1556 622 141 77 481 348 255 222 93 70 133 78 934 56 183 149 118 64 58 55 75 914 43 42 891 690
is_linear=0
shrinkage=0.05


Tree=28
num_leaves=23
num_cat=0
split_feature=2 8 1 5 3 1 8 9 6 6 8 4 6 0 3 3 3 8 14 8 3 3
split_gain=3407.09 192.017 40.9438 32.3342 33.1989 32.0892 33.3019 26.6199 21.7154 24.297 21.2309 20.0583 19.4624 37.6179 16.0211 15.7888 10.243 10.1193 0.645937 1.63109 0.356445 0.13126
threshold=0.24500000000000002 0.71500000000000019 11.250000000000002 1150.2 89.050000000000011 12.15 1.5300000000000002 23.750000000000004 5.2707722385141755 5.0986884820153238 13.245000000000003 1.5000000000000002 5.2851875948818057 48.500000000000007 61.45000000000001 28.450000000000003 88.450000000000017 54.165000000000006 1.0000000180025095e-35 49.530000000000008 79.550000000000011 90.850000000000009
decision_type=2 2 2 2 2 2 2 2 2 2 2 2 2 2 2 2 2 2 2 2 2 2
left_child=1 3 14 4 -1 10 -7 -6 9 -8 12 -5 -3 -14 -2 -15 -17 18 20 -20 -16 -22
right_child=2 5 -4 11 7 6 8 -9 -10 -11 -12 -13 13 15 17 16 -18 -19 19 -21 21 -23
leaf_value=0.064017059311482577 -0.027321913329774395 0.021661461978705963 0.0087025384108225506 0.19664383365357777 0.098681964281523329 0.13373291743943699 0.078676910680692339 0.14305414990657736 0.078676910680692339 0.151732602256995 0.028902193154346431 0.14305414990657736 0.013952478754542192 0.046314694717617268 -0.060775076702437293 0.078676910680692339 0.046314694717617268 -0.098486559477327096 -0.064725807559347245 -0.080100344756684927 -0.065000014405488887 -0.059885005887696609
leaf_weight=21 22 20 20 32 36 38 21 20 79 22 37 32 24 21 320 182 25 22 175 25 298 64
leaf_count=21 22 20 20 32 36 38 21 20 79 22 37 32 24 21 320 182 25 22 175 25 298 64
internal_value=-0.00240391 0.089722 -0.0618171 0.140931 0.118526 0.0742891 0.0925774 0.138728 0.0796185 0.114659 0.0647764 0.167582 0.0696256 0.0734024 -0.0633464 0.0786769 0.0786769 -0.0643898 -0.0635226 -0.0667117 -0.0625703 -0.0641263
internal_weight=1556 610 946 141 77 469 160 56 122 43 309 64 272 252 926 228 207 904 882 200 682 362
internal_count=1556 610 946 141 77 469 160 56 122 43 309 64 272 252 926 228 207 904 882 200 682 362
is_linear=0
shrinkage=0.05


Tree=29
num_leaves=24
num_cat=0
split_feature=7 17 2 3 6 0 6 6 6 6 6 6 6 3 6 6 6 3 3 3 14 6 13
split_gain=3111.3 166.69 43.7442 47.0372 31.1104 28.6063 21.27 30.9524 16.3294 13.6428 21.9361 35.8453 11.9866 22.1992 15.6361 15.9064 35.0698 11.3356 5.92595 1.75952 1.42708 3.34558 1.67854
threshold=0.68350000000000011 1.0000000180025095e-35 0.040000000000000008 86.050000000000011 5.7318352059925095 62.500000000000007 6.8094277329420416 6.2547709923664137 5.626871257485031 5.0986884820153238 5.6172079421271368 5.9769353128313911 6.1258802816901419 53.350000000000001 6.4022471910112371 6.9604037267080754 7.1887913223140512 38.150000000000013 91.050000000000011 62.95000000000001 1.0000000180025095e-35 5.2707722385141755 1.0000000180025095e-35
decision_type=2 2 2 2 2 2 2 2 2 2 2 2 2 2 2 2 2 2 2 2 2 2 2
left_child=1 2 3 -1 -3 19 7 -6 18 -4 -11 17 -13 14 -14 -16 -17 -12 -5 -2 22 -22 -21
right_child=5 4 9 8 6 -7 -8 -9 -10 10 11 12 13 -15 15 16 -18 -19 -20 20 21 -23 -24
leaf_value=0.15401517964377176 -0.074179242316549612 0.19220718711728796 0.023832685363845588 0.12576542087047698 0.14873284573238607 -0.0019765722808114724 0.16248971734099724 0.0638150423797436 0.077558891271939309 0.077558891271939309 0.012233495311399119 0.077558891271939309 0.037711395931774069 0.014579119944473522 0.077558891271939309 0.012233495311399119 0.077558891271939309 0.045862045941224949 0.089272464931696313 -0.057747906643235418 -0.08032815319533794 -0.06185757398321684 -0.063773591790490927
leaf_weight=27 31 26 22 25 21 21 27 23 109 67 21 21 37 24 57 30 33 26 26 480 33 168 201
leaf_count=27 31 26 22 25 21 21 27 23 109 67 21 21 37 24 57 30 33 26 26 480 33 168 201
internal_value=-0.00223134 0.0843968 0.0732256 0.0927122 0.14467 -0.0599298 0.126946 0.104703 0.0822463 0.0624056 0.0650669 0.0569748 0.066132 0.0597043 0.0665569 0.0753704 0.0518461 0.0174552 0.10747 -0.061257 -0.0607888 -0.0649534 -0.0595429
internal_weight=1556 622 525 187 97 934 71 44 160 338 316 249 202 181 157 120 63 47 51 913 882 201 681
internal_count=1556 622 525 187 97 934 71 44 160 338 316 249 202 181 157 120 63 47 51 913 882 201 681
is_linear=0
shrinkage=0.05


Tree=30
num_leaves=30
num_cat=0
split_feature=7 17 8 3 3 6 3 8 8 4 3 4 9 8 8 8 3 8 4 3 6 6 3 6 6 8 14 6 13
split_gain=2958.04 245.722 74.0043 58.7878 48.1068 22.7814 22.1212 19.2513 19.5161 44.54 30.9227 27.6304 26.6958 22.5259 15.4098 14.0104 36.3156 28.429 12.1144 19.2629 50.7688 18.9322 10.9076 5.69802 2.77567 1.69737 3.53034 2.98054 1.45723
threshold=0.68350000000000011 1.0000000180025095e-35 54.765000000000008 84.950000000000017 86.250000000000014 5.2559846234492413 87.350000000000009 3.3250000000000006 13.245000000000003 1.5000000000000002 37.850000000000001 2.5000000000000004 20.900000000000002 7.1750000000000007 6.0750000000000011 1.5300000000000002 91.550000000000011 1.9300000000000004 2.5000000000000004 92.65000000000002 6.4022471910112371 6.2359266287160038 31.450000000000003 6.4967532467532481 6.5919899874843564 47.525000000000013 1.0000000180025095e-35 6.1027955095751727 1.0000000180025095e-35
decision_type=2 2 2 2 2 2 2 2 2 2 2 2 2 2 2 2 2 2 2 2 2 2 2 2 2 2 2 2 2
left_child=1 3 25 5 -5 -1 -6 -7 9 13 22 14 -10 -9 -12 16 23 -17 19 20 -3 -21 -11 -8 -15 28 -27 -28 -2
right_child=2 18 -4 4 6 7 15 8 12 10 11 -13 -14 24 -16 17 -18 -19 -20 21 -22 -23 -24 -25 -26 26 27 -29 -30
leaf_value=0.094871302318131068 -0.054781916278257174 0.18831408090611218 0.014701296032971262 0.16295123496746047 0.045207626425280832 0.014701296032971262 0.09530140715312227 0.060700442889962028 0.014701296032971262 0.044252632242115363 0.014701296032971262 0.10443233218799342 0.075182416789975517 0.12755415513221011 0.065035873348259859 0.042205000954253648 0.15110139368530812 0.11654096766294936 0.1158957145084137 0.15242041504228271 0.08325922486263436 0.22238712307825612 0.014701296032971262 0.058664801370758579 0.10021482347492201 -0.057063367307240764 -0.086464971007058453 -0.060600138304334028 -0.060323328670447922
leaf_weight=38 543 24 20 22 31 21 26 34 38 31 24 29 23 25 37 32 29 22 21 23 23 20 20 21 25 109 26 26 202
leaf_count=38 543 24 20 22 31 21 26 34 38 31 24 29 23 25 37 32 29 22 21 23 23 20 20 21 25 109 26 26 202
internal_value=0.00187713 0.0846231 -0.0552205 0.0703649 0.0933357 0.0581424 0.0836967 0.0535504 0.0569961 0.0638232 0.0465252 0.0641557 0.031669 0.0927097 0.0447864 0.0927946 0.106863 0.0727419 0.152277 0.160572 0.137296 0.18552 0.0152502 0.0791973 0.114212 -0.0574191 -0.0625327 -0.0737697 -0.056299
internal_weight=1565 639 926 528 183 345 161 307 286 225 141 90 61 84 61 130 76 54 111 90 47 43 51 47 50 906 161 52 745
internal_count=1565 639 926 528 183 345 161 307 286 225 141 90 61 84 61 130 76 54 111 90 47 43 51 47 50 906 161 52 745
is_linear=0
shrinkage=0.05


Tree=31
num_leaves=30
num_cat=0
split_feature=7 17 8 3 3 6 3 3 9 3 4 8 8 6 9 8 6 6 6 6 4 3 6 6 6 8 14 6 13
split_gain=2664.85 222.672 68.3533 53.7561 43.414 20.801 19.9648 18.8067 33.6895 31.3119 25.4817 46.9338 33.3221 23.8922 14.019 15.2668 13.1091 56.8648 55.1502 17.9512 10.9134 17.3661 45.8121 17.0631 9.4384 1.52618 3.18148 2.67706 1.30506
threshold=0.68350000000000011 1.0000000180025095e-35 54.765000000000008 84.950000000000017 86.250000000000014 5.2559846234492413 87.350000000000009 51.650000000000013 20.650000000000006 48.000000000000007 1.5000000000000002 13.245000000000003 14.350000000000003 5.9929577464788748 19.550000000000004 8.3000000000000025 6.5636927480916043 5.944671086180521 6.8903903903903911 5.2707722385141755 2.5000000000000004 92.65000000000002 6.4022471910112371 6.2359266287160038 6.770032051282052 47.525000000000013 1.0000000180025095e-35 6.1027955095751727 1.0000000180025095e-35
decision_type=2 2 2 2 2 2 2 2 2 2 2 2 2 2 2 2 2 2 2 2 2 2 2 2 2 2 2 2 2
left_child=1 3 25 5 -5 -1 -6 9 -9 10 11 13 14 -7 -12 -16 17 19 -18 -8 21 22 -3 -23 -15 28 -27 -28 -2
right_child=2 20 -4 4 6 7 16 8 -10 -11 12 -13 -14 24 15 -17 18 -19 -20 -21 -22 23 -24 -25 -26 26 27 -29 -30
leaf_value=0.090140186076167389 -0.052043324989895862 0.17893744608178674 0.013936068582262196 0.15484053697521333 0.042954513344350735 0.044591978121901028 0.10932523685308237 0.013936068582262196 0.081035647470856176 0.10208994775020104 0.013936068582262196 0.013936068582262196 0.094395517435536452 0.13048843139322042 0.068804782885046753 0.02734020361066555 0.013936068582262196 0.16555008160344548 0.11073910032059545 0.048245312108707576 0.11012839372689126 0.14483238432830547 0.079114286885375071 0.2113230860648464 0.083095192634940737 -0.054212814028606199 -0.082158287183535059 -0.057581740937470476 -0.057308655416888815
leaf_weight=38 543 24 20 22 31 20 20 37 20 33 44 22 20 27 29 35 22 24 32 32 21 23 23 20 20 109 26 26 202
leaf_count=38 543 24 20 22 31 20 20 37 20 33 44 22 20 27 29 35 22 24 32 32 21 23 23 20 20 109 26 26 202
internal_value=0.00176385 0.0803024 -0.0524303 0.0667286 0.0886954 0.0550399 0.0795354 0.050651 0.0245177 0.0565772 0.0495891 0.0701971 0.0351774 0.0910991 0.0240876 0.0407443 0.0881804 0.101785 0.0687875 0.0719983 0.144706 0.152588 0.130466 0.176293 0.110646 -0.054551 -0.0594155 -0.0701001 -0.0534852
internal_weight=1565 639 926 528 183 345 161 307 57 250 217 89 128 67 108 64 130 76 54 52 111 90 47 43 47 906 161 52 745
internal_count=1565 639 926 528 183 345 161 307 57 250 217 89 128 67 108 64 130 76 54 52 111 90 47 43 47 906 161 52 745
is_linear=0
shrinkage=0.05


Tree=32
num_leaves=31
num_cat=0
split_feature=7 8 0 15 6 0 6 3 3 3 9 6 8 3 8 8 3 8 3 6 4 3 6 6 4 3 13 8 6 14
split_gain=2398.77 192.154 63.8775 50.1552 32.9491 34.2213 32.3747 30.8109 30.7559 37.0139 24.3563 24.0592 23.8503 22.511 36.7414 23.3997 24.2847 17.1946 19.7187 11.3572 9.83027 15.6546 41.3382 15.3767 6.11985 2.1584 0.751348 1.1184 1.42654 0.23367
threshold=0.68350000000000011 1.4500000000000002 62.500000000000007 1.0000000180025095e-35 5.2559846234492413 65.500000000000014 5.5298573975044567 36.250000000000007 32.350000000000001 30.450000000000003 23.750000000000004 6.4967532467532481 9.4050000000000011 51.650000000000013 2.6700000000000004 5.5550000000000006 40.050000000000004 0.80500000000000016 89.65000000000002 6.5030120481927725 2.5000000000000004 92.65000000000002 6.4022471910112371 6.2359266287160038 2.5000000000000004 62.95000000000001 1.0000000180025095e-35 47.525000000000013 5.2299154334038063 1.0000000180025095e-35
decision_type=2 2 2 2 2 2 2 2 2 2 2 2 2 2 2 2 2 2 2 2 2 2 2 2 2 2 2 2 2 2
left_child=1 3 25 20 5 -3 -6 8 9 11 13 -8 24 15 -15 -9 -17 18 -5 -19 21 22 -1 -23 -12 -2 27 29 -29 -27
right_child=2 4 -4 17 6 -7 7 10 -10 -11 12 -13 -14 14 -16 16 -18 19 -20 -21 -22 23 -24 -25 -26 26 -28 28 -30 -31
leaf_value=0.17002769824256542 -0.066707390964691041 0.041346077398577728 0.013186566426579461 0.047018747345397349 0.013186566426579461 0.12541282346640423 0.064626972795192611 0.018510977436580929 0.013186566426579461 0.1077357121178289 0.098533316692376027 0.013186566426579461 0.13501545185161429 0.072236848624613575 0.013186566426579461 0.017424209066767456 0.072236848624613575 0.08763607597826327 0.10858961151409628 0.13449054412914876 0.10464807065177302 0.13762211482246201 0.075175695826029357 0.20080950343193701 0.072236848624613575 -0.048189370656598486 -0.054451936040089521 -0.068102523952863786 -0.052408534896463833 -0.051727803911035597
leaf_weight=24 27 20 20 36 36 32 27 21 23 21 24 23 21 24 36 23 58 30 21 26 21 23 23 20 26 383 211 21 119 145
leaf_count=24 27 20 20 36 36 32 27 21 23 21 24 23 21 24 36 23 58 30 21 26 21 23 23 20 26 383 211 21 119 145
internal_value=0.00163784 0.0761525 -0.0497794 0.113495 0.0559618 0.0933168 0.0505727 0.0556065 0.0312904 0.0520915 0.0653773 0.0284527 0.0899422 0.0545315 0.0300079 0.0688647 0.0722368 0.0897583 0.0699408 0.10968 0.137513 0.145001 0.123975 0.167525 0.0722368 -0.0518413 -0.0513715 -0.050383 -0.0548453 -0.0491802
internal_weight=1565 639 926 224 415 52 363 327 94 71 233 50 71 162 60 102 81 113 57 56 111 90 47 43 50 906 879 668 140 528
internal_count=1565 639 926 224 415 52 363 327 94 71 233 50 71 162 60 102 81 113 57 56 111 90 47 43 50 906 879 668 140 528
is_linear=0
shrinkage=0.05


Tree=33
num_leaves=29
num_cat=0
split_feature=7 8 8 15 6 0 6 3 3 3 6 9 8 3 8 8 3 8 3 6 6 3 3 4 8 14 6 13
split_gain=2161.52 174.354 60.0576 45.277 29.9602 30.8741 29.5135 29.7326 28.0009 33.9798 22.0906 20.6697 21.9954 21.8279 33.9143 21.3322 21.127 15.5062 17.7947 10.2344 9.11878 31.4157 37.2148 5.45954 1.37591 3.13767 2.38867 1.05072
threshold=0.68350000000000011 1.4500000000000002 54.765000000000008 1.0000000180025095e-35 5.2559846234492413 65.500000000000014 5.5298573975044567 36.250000000000007 32.350000000000001 30.450000000000003 6.4967532467532481 23.750000000000004 9.4050000000000011 51.650000000000013 2.6700000000000004 5.5550000000000006 40.050000000000004 0.80500000000000016 89.65000000000002 6.5030120481927725 5.9022085610200374 89.850000000000009 92.750000000000014 2.5000000000000004 47.525000000000013 1.0000000180025095e-35 6.1027955095751727 1.0000000180025095e-35
decision_type=2 2 2 2 2 2 2 2 2 2 2 2 2 2 2 2 2 2 2 2 2 2 2 2 2 2 2 2
left_child=1 3 24 20 5 -3 -6 8 9 10 -8 13 23 15 -15 -9 -17 18 -5 -19 -1 -22 -23 -13 27 -26 -27 -2
right_child=2 4 -4 17 6 -7 7 11 -10 -11 -12 12 -14 14 -16 16 -18 19 -20 -21 21 22 -24 -25 25 26 -28 -29
leaf_value=0.10808244601443961 -0.046959804499748549 0.039289058796801973 0.012510265411309743 0.044674323486819489 0.012510265411309743 0.11916171698091188 0.061407549763132722 0.017589814911521444 0.012510265411309743 0.10237445576707899 0.012510265411309743 0.093627094282648871 0.12829667497867656 0.068639484351926447 0.012510265411309743 0.016556770352493505 0.068639484351926447 0.083268826774188454 0.10318586207679098 0.12779178112402731 0.19539012999843752 0.067454502488799847 0.15267452978850093 0.068639484351926447 -0.048746023218529042 -0.075813444683834968 -0.052605942108621996 -0.051723390735062796
leaf_weight=35 543 20 20 36 36 32 27 21 23 21 23 24 21 24 36 23 58 30 21 26 20 21 35 26 109 26 26 202
leaf_count=35 543 20 20 36 36 32 27 21 23 21 23 24 21 24 36 23 58 30 21 26 20 21 35 26 109 26 26 202
internal_value=0.00154737 0.0722813 -0.0472607 0.107853 0.0530475 0.0886718 0.0479075 0.0527205 0.0288388 0.0490601 0.0264086 0.0623173 0.0849645 0.0523145 0.0281706 0.0664263 0.0686395 0.0852937 0.0664617 0.10422 0.130677 0.140861 0.120983 0.0686395 -0.0492739 -0.0538792 -0.0644289 -0.0482649
internal_weight=1565 639 926 224 415 52 363 327 94 71 50 233 71 162 60 102 81 113 57 56 111 76 56 50 906 161 52 745
internal_count=1565 639 926 224 415 52 363 327 94 71 50 233 71 162 60 102 81 113 57 56 111 76 56 50 906 161 52 745
is_linear=0
shrinkage=0.05


Tree=34
num_leaves=31
num_cat=0
split_feature=7 17 11 3 3 3 6 8 8 8 8 6 3 6 8 6 6 6 6 6 6 6 3 3 3 13 8 6 14 6
split_gain=1947.44 165.761 56.361 39.3235 40.4142 16.8612 16.28 16.237 19.0249 34.0243 23.95 24.6794 25.2683 31.4657 19.7285 12.2421 51.3252 47.9088 14.5066 9.27551 24.899 8.21554 28.346 33.5681 2.15641 0.598654 0.94954 0.988037 0.155558 0.087223
threshold=0.68350000000000011 1.0000000180025095e-35 3906.5000000000005 84.950000000000017 86.250000000000014 87.350000000000009 5.2559846234492413 3.3250000000000006 13.245000000000003 11.350000000000001 10.370000000000003 7.0139561930606726 50.95000000000001 6.5919899874843564 16.905000000000005 6.5636927480916043 5.944671086180521 6.8903903903903911 5.2707722385141755 6.3431455004205226 5.846805736636246 5.9022085610200374 89.850000000000009 92.750000000000014 62.95000000000001 1.0000000180025095e-35 44.655000000000008 5.1234756097560981 1.0000000180025095e-35 5.6329933624736936
decision_type=2 2 2 2 2 2 2 2 2 2 2 2 2 2 2 2 2 2 2 2 2 2 2 2 2 2 2 2 2 2
left_child=1 3 24 6 -5 -6 -1 -8 9 10 11 12 13 19 -10 16 18 -17 -7 20 -9 -3 -23 -24 -2 26 28 -28 -26 -29
right_child=2 21 -4 4 5 15 7 8 14 -11 -12 -13 -14 -15 -16 17 -18 -19 -20 -21 -22 22 23 -25 25 -27 27 29 -30 -31
leaf_value=0.077944606857428086 -0.061570551056703518 0.10269372168599372 0.011867609344267544 0.13943436696232039 0.033277146676345647 0.09316426647539755 0.011867609344267544 0.091195960917848484 0.011867609344267544 0.098375190730787765 0.011867609344267544 0.095598291800910687 0.011867609344267544 0.011867609344267544 0.064121988489853204 0.011867609344267544 0.14844054532743589 0.095713916350144465 0.038292420374641534 0.098493096251173112 0.027947924261756033 0.18566922797492488 0.064097761270541564 0.14506255168987817 -0.043010860466512466 -0.049152031200635729 -0.060105266008896846 -0.0512307132341469 -0.046462915726102297 -0.046051163245327799
leaf_weight=38 27 35 20 22 31 20 21 31 41 35 25 27 29 25 20 22 24 32 32 21 32 20 21 35 327 211 21 43 116 161
leaf_count=38 27 35 20 22 31 20 21 31 41 35 25 27 29 25 20 22 24 32 32 21 32 20 21 35 327 211 21 43 116 161
internal_value=0.0014616 0.0686015 -0.0448663 0.0568881 0.0756821 0.0668584 0.0468855 0.0430007 0.0462468 0.052977 0.0445405 0.0517574 0.0430806 0.0544522 0.0212943 0.0747961 0.0879002 0.0561324 0.0596313 0.0692215 0.0592444 0.124173 0.133852 0.114958 -0.0468302 -0.0463648 -0.0454697 -0.0484456 -0.0439364 -0.047192
internal_weight=1565 639 926 528 183 161 345 307 286 225 190 165 138 109 61 130 76 54 52 84 63 111 76 56 906 879 668 225 443 204
internal_count=1565 639 926 528 183 161 345 307 286 225 190 165 138 109 61 130 76 54 52 84 63 111 76 56 906 879 668 225 443 204
is_linear=0
shrinkage=0.05


Tree=35
num_leaves=31
num_cat=0
split_feature=7 2 1 6 6 6 8 8 8 6 3 9 3 3 3 4 9 8 6 6 3 6 6 3 6 14 8 3 3 3
split_gain=1731.82 128.964 57.2149 20.2908 32.6002 32.5205 20.0561 19.9057 36.5756 21.3684 47.7485 18.2765 16.5657 29.7194 30.9717 21.2414 16.5907 30.9773 29.4606 14.3416 11.7951 10.9104 5.66062 3.37976 1.31808 0.474115 0.480159 0.407802 0.231139 0.122373
threshold=0.68350000000000011 0.040000000000000008 11.050000000000002 5.9022085610200374 6.1563932755985755 5.626871257485031 54.165000000000006 1.7900000000000003 0.71500000000000019 6.9528371407516598 91.850000000000009 16.250000000000004 40.350000000000001 38.600000000000009 35.500000000000007 1.5000000000000002 20.500000000000004 6.8550000000000013 6.2912287060529186 6.8685175484546894 92.050000000000011 6.2359266287160038 6.2547709923664137 51.650000000000013 5.5413546076196694 1.0000000180025095e-35 49.530000000000008 83.65000000000002 84.65000000000002 62.95000000000001
decision_type=2 2 2 2 2 2 2 2 2 2 2 2 2 2 2 2 2 2 2 2 2 2 2 2 2 2 2 2 2 2
left_child=1 3 6 5 -5 11 25 8 9 10 -6 -1 13 14 15 22 17 18 -14 -10 -13 -17 -3 -19 -18 27 -27 29 -29 -2
right_child=2 12 -4 4 7 -7 -8 -9 19 -11 -12 20 16 -15 -16 21 24 23 -20 -21 -22 -23 -24 -25 -26 26 -28 28 -30 -31
leaf_value=0.067383819909951168 -0.047837421629163955 0.067383819909951168 0.011026017831684404 0.16010879515471618 0.18960426685154735 0.067383819909951168 -0.091547155522164844 0.13741944317634289 0.067383819909951168 0.078576527207486355 0.08051378868202462 0.096299103768462818 0.054676147375893484 0.011026017831684404 0.067383819909951168 0.011026017831684404 0.054676147375893484 0.054676147375893484 0.011026017831684404 0.11306326862934712 0.14485013274585501 0.039533465392778348 0.035461370090940102 0.026308281786406221 0.067383819909951168 -0.045661849825922814 -0.055944324933474336 -0.051205973379864947 -0.044463755799185462 -0.041770728163842016
leaf_weight=28 26 20 20 21 20 22 23 22 31 32 21 35 23 27 37 22 20 44 20 24 22 34 20 20 47 160 20 31 217 423
leaf_count=28 26 20 20 21 20 22 23 22 31 32 21 35 23 27 37 22 20 44 20 24 22 34 20 20 47 160 20 31 217 423
internal_value=0.000114496 0.0652911 -0.0432391 0.0904676 0.10128 0.0730622 -0.0452694 0.0929099 0.0851195 0.110016 0.134182 0.0989014 0.0443 0.0325741 0.0444325 0.0280515 0.0550289 0.0419685 0.011026 0.0673838 0.115347 0.011026 0.0559927 0.0546761 0.0673838 -0.0440398 -0.0468625 -0.043297 -0.045347 -0.0421437
internal_weight=1532 612 920 278 171 107 900 150 128 73 41 85 334 160 133 96 174 107 43 55 57 56 40 64 67 877 180 697 248 449
internal_count=1532 612 920 278 171 107 900 150 128 73 41 85 334 160 133 96 174 107 43 55 57 56 40 64 67 877 180 697 248 449
is_linear=0
shrinkage=0.05


Tree=36
num_leaves=31
num_cat=0
split_feature=7 2 8 6 6 6 6 8 8 6 3 3 3 3 3 3 9 8 6 6 8 14 8 3 3 6 6 3 3 3
split_gain=1551.35 112.865 53.9658 18.9277 30.8042 30.0387 22.9009 18.5364 34.5914 19.2841 43.091 15.8702 27.6536 28.9525 19.2635 27.3525 15.124 29.8372 27.1224 12.3261 11.9458 4.6488 10.1599 3.97853 2.35994 0.73097 0.457345 0.364467 0.276203 0.200978
threshold=0.68350000000000011 0.040000000000000008 54.990000000000002 5.9022085610200374 5.5747210804462721 6.1563932755985755 5.3528240147958464 1.7900000000000003 0.71500000000000019 6.9528371407516598 91.850000000000009 40.350000000000001 38.600000000000009 35.500000000000007 30.050000000000004 27.650000000000002 20.500000000000004 6.8550000000000013 6.2912287060529186 6.8685175484546894 1.5300000000000002 1.0000000180025095e-35 49.295000000000009 31.850000000000005 51.650000000000013 5.5413546076196694 5.2299154334038063 83.65000000000002 62.95000000000001 84.65000000000002
decision_type=2 2 2 2 2 2 2 2 2 2 2 2 2 2 2 2 2 2 2 2 2 2 2 2 2 2 2 2 2 2
left_child=1 3 21 4 6 -5 20 8 9 10 -7 12 13 14 15 -3 17 18 -13 -10 -1 27 26 -16 -19 -18 -23 28 -2 -29
right_child=2 11 -4 5 -6 7 -8 -9 19 -11 -12 16 -14 -15 23 -17 25 24 -20 -21 -22 22 -24 -25 -26 -27 -28 29 -30 -31
leaf_value=0.1015895352386359 -0.046600422889983957 0.010319376405227308 0.010319376405227308 0.15214129369970747 0.063636529424039787 0.1801712180510979 0.14062998525520248 0.13057956179072955 0.063636529424039787 0.074659939138131723 0.076507178019573338 0.051773093191730651 0.010319376405227308 0.063636529424039787 0.010319376405227308 0.063636529424039787 0.051773093191730651 0.051773093191730651 0.010319376405227308 0.1074335625681145 0.063636529424039787 -0.05236230070106828 -0.075633252081193952 0.031051284414169201 0.024999411011216652 0.063636529424039787 -0.043327283999524548 -0.048653907752880331 -0.039593646411404337 -0.042241592077218358
leaf_weight=30 27 26 22 21 30 20 21 22 31 32 21 23 27 37 21 21 20 44 20 24 26 26 33 28 20 47 138 31 426 217
leaf_count=30 27 26 22 21 30 20 21 22 31 32 21 23 27 37 21 21 20 44 20 24 26 26 33 28 20 47 138 31 426 217
internal_value=-1.62023e-06 0.0616792 -0.0410405 0.0852336 0.068428 0.095674 0.0956948 0.0876391 0.0801235 0.104546 0.127512 0.0420395 0.0305646 0.0421271 0.0261558 0.0495188 0.0525388 0.0399097 0.0103194 0.0636365 0.0785343 -0.0430922 -0.0500437 0.0103194 0.0517731 0.0636365 -0.0448212 -0.0411247 -0.0400325 -0.0430826
internal_weight=1532 612 920 278 107 171 77 150 128 73 41 334 160 133 96 47 174 107 43 55 56 898 197 49 64 67 164 701 453 248
internal_count=1532 612 920 278 107 171 77 150 128 73 41 334 160 133 96 47 174 107 43 55 56 898 197 49 64 67 164 701 453 248
is_linear=0
shrinkage=0.05


Tree=37
num_leaves=28
num_cat=0
split_feature=7 2 1 8 6 6 8 8 6 6 0 4 6 6 8 6 6 6 6 8 8 6 14 8 2 8 8
split_gain=1390.77 97.8503 51.4739 19.4199 17.7675 28.349 28.1179 45.7139 29.8847 20.8678 12.0031 20.0408 16.4054 24.4485 14.6769 19.0047 11.5565 8.64667 7.77826 3.24379 3.23641 1.40701 0.308258 0.24632 0.148911 0.253016 0.0352327
threshold=0.68350000000000011 0.040000000000000008 11.050000000000002 54.165000000000006 5.9022085610200374 5.5747210804462721 0.71500000000000019 1.8300000000000003 6.9528371407516598 5.3528240147958464 47.500000000000007 2.5000000000000004 5.8303357314148689 6.2826185613796239 8.3000000000000025 7.163170633319889 5.1865775549986095 6.8685175484546894 6.4794366197183111 6.0750000000000011 12.625000000000002 6.1853256021409466 1.0000000180025095e-35 49.530000000000008 0.9850000000000001 34.030000000000008 35.800000000000004
decision_type=2 2 2 2 2 2 2 2 2 2 2 2 2 2 2 2 2 2 2 2 2 2 2 2 2 2 2
left_child=1 4 3 22 5 9 8 17 18 16 -3 12 19 -14 -15 20 -1 -8 -6 -12 -16 -13 24 -24 25 -2 -27
right_child=2 10 -4 -5 6 -7 7 -9 -10 -11 11 21 13 14 15 -17 -18 -19 -20 -21 -22 -23 23 -25 -26 26 -28
leaf_value=0.097750648746708621 -0.040379458357221613 0.0096758440184754307 0.0096758440184754307 -0.08643505847589536 0.15205059324082956 0.060126904100752013 0.060126904100752013 0.13803942196108215 0.070938571790854138 0.1336318125798239 0.052970996276471616 0.060126904100752013 0.060126904100752013 0.026121630451119694 0.060126904100752013 0.026121630451119694 0.060126904100752013 0.096617895281647298 0.11201925744365543 0.026121630451119694 0.036913773107312919 0.044105938176038854 -0.041153094930100789 -0.049398177358048467 -0.042121136590025025 -0.034235005401699992 -0.038144712039002923
leaf_weight=29 158 22 20 23 28 30 38 20 32 21 24 28 47 40 31 24 27 25 28 60 22 36 160 20 86 44 409
leaf_count=29 158 22 20 23 28 30 38 20 32 21 24 28 47 40 31 24 27 25 28 60 22 36 160 20 86 44 409
internal_value=-9.62255e-05 0.0583049 -0.0389532 -0.0409247 0.0802385 0.0639628 0.0903502 0.0691507 0.110187 0.0907301 0.0400153 0.0425674 0.035761 0.0459312 0.0316211 0.0489106 0.0743434 0.0601269 0.132359 0.0261216 0.0601269 0.0601269 -0.0397158 -0.0421239 -0.0390807 -0.0386378 -0.0377836
internal_weight=1532 612 920 900 278 107 171 83 88 77 334 312 248 164 117 77 56 63 56 84 53 64 877 180 697 611 453
internal_count=1532 612 920 900 278 107 171 83 88 77 334 312 248 164 117 77 56 63 56 84 53 64 877 180 697 611 453
is_linear=0
shrinkage=0.05


Tree=38
num_leaves=31
num_cat=0
split_feature=7 2 8 6 8 8 6 3 6 8 3 3 3 3 3 6 8 6 6 6 9 8 14 8 6 3 3 3 6 6
split_gain=1245.37 85.1824 49.3427 16.7594 26.7925 42.0856 26.9659 57.6994 26.1188 19.3831 14.9349 24.8277 25.9854 22.3129 23.9147 15.1475 17.9553 7.39516 4.75398 48.1244 4.67181 4.4901 4.17951 9.25145 0.481205 0.336526 0.272752 0.195309 0.151493 0.127995
threshold=0.68350000000000011 0.040000000000000008 54.990000000000002 5.9022085610200374 0.71500000000000019 1.8300000000000003 6.9528371407516598 92.250000000000014 5.5747210804462721 1.5300000000000002 40.350000000000001 38.600000000000009 33.050000000000004 30.050000000000004 27.650000000000002 5.5143622869708642 13.245000000000003 6.8685175484546894 6.1422947131608563 6.5608198924731198 23.300000000000001 8.9000000000000021 1.0000000180025095e-35 49.295000000000009 5.2299154334038063 83.65000000000002 62.95000000000001 90.850000000000009 5.7318352059925095 6.9710870169585775
decision_type=2 2 2 2 2 2 2 2 2 2 2 2 2 2 2 2 2 2 2 2 2 2 2 2 2 2 2 2 2 2
left_child=1 3 22 8 6 17 7 -5 9 20 11 12 13 14 -3 -12 18 -6 -17 -20 -1 -14 25 24 -24 26 -2 28 -27 -30
right_child=2 10 -4 4 5 -7 -8 -9 -10 -11 15 -13 21 -15 -16 16 -18 -19 19 -21 -22 -23 23 -25 -26 27 -28 -29 29 -31
leaf_value=0.091230852582217178 -0.042439864944267977 0.0090458988462215478 0.0090458988462215478 0.17309423225662637 0.056762313248274111 0.13117178954295258 0.067402692960801522 0.070518341460675579 0.056762313248274111 0.056762313248274111 0.020456037112056753 0.0090458988462215478 0.02975096339823434 0.0090458988462215478 0.056762313248274111 0.056762313248274111 0.011222468296327203 0.091806248827759493 0.0090458988462215478 0.056762313248274111 0.12619579803402445 0.056762313248274111 -0.048093939638229166 -0.069979900805971773 -0.039106324679777302 -0.043604468979809068 -0.035655680321011844 -0.035494647369183917 -0.036708296497476089 -0.042094311065261486
leaf_weight=26 27 26 22 30 38 20 32 26 30 31 39 27 22 31 21 36 22 25 24 53 20 33 26 33 138 54 426 64 85 45
leaf_count=26 27 26 22 30 38 20 32 26 30 31 39 27 22 31 21 36 22 25 24 53 20 33 26 33 138 54 426 64 85 45
internal_value=-0.000201085 0.0550628 -0.036971 0.0755292 0.0853458 0.0646615 0.104703 0.125769 0.0597292 0.0860191 0.0379955 0.0268697 0.0381638 0.0189114 0.0457062 0.048176 0.0561259 0.0567623 0.0567623 0.0406189 0.106782 0.0567623 -0.0389842 -0.0455716 -0.0405901 -0.0371196 -0.0360803 -0.0389824 -0.0401485 -0.038642
internal_weight=1532 612 920 278 171 83 88 56 107 77 334 160 133 78 47 174 135 63 113 77 46 55 898 197 164 701 453 248 184 130
internal_count=1532 612 920 278 171 83 88 56 107 77 334 160 133 78 47 174 135 63 113 77 46 55 898 197 164 701 453 248 184 130
is_linear=0
shrinkage=0.05


Tree=39
num_leaves=31
num_cat=0
split_feature=7 8 1 9 8 8 8 1 6 3 6 6 6 8 8 6 6 9 6 3 4 8 4 14 3 3 2 3 3 3
split_gain=1119.36 73.0331 46.3727 22.3915 27.7334 36.6896 26.1324 23.0226 20.2756 19.0734 25.6077 20.4785 18.8491 20.1997 18.6732 18.5341 18.2052 17.5454 33.3424 15.1413 17.4761 10.9565 1.94856 0.179817 0.290636 0.185881 0.0964456 0.0286171 0.115909 0.0143321
threshold=0.68350000000000011 1.5300000000000002 11.050000000000002 35.250000000000007 1.7900000000000003 6.0750000000000011 7.1750000000000007 9.7500000000000018 6.5733855185909986 89.250000000000014 5.687964841108859 6.516002723867893 5.9769353128313911 13.245000000000003 54.165000000000006 6.8292860611947557 5.2189897698209728 12.650000000000002 6.770032051282052 40.350000000000001 1.5000000000000002 1.0000000180025095e-35 1.5000000000000002 1.0000000180025095e-35 83.65000000000002 84.65000000000002 0.97500000000000009 90.850000000000009 85.750000000000014 92.250000000000014
decision_type=2 2 2 2 2 2 2 2 2 2 2 2 2 2 2 2 2 2 2 2 2 2 2 2 2 2 2 2 2 2
left_child=1 9 14 4 -3 7 -7 8 -6 10 -1 -12 16 19 23 -15 -8 -11 21 20 -14 -19 -18 24 26 -26 -2 28 -27 -29
right_child=2 3 -4 -5 5 6 12 -9 -10 17 11 -13 13 15 -16 -17 22 18 -20 -21 -22 -23 -24 -25 25 27 -28 29 -30 -31
leaf_value=0.10568298442446769 -0.033672004712214022 0.0085433736912805865 0.0085433736912805865 0.081119000614647704 0.0085433736912805865 0.0085433736912805865 0.056667824583878451 0.058949115490520336 0.041609350597801874 0.046945011926488284 0.0085433736912805865 0.063166621819860241 0.058949115490520336 0.056956037299892903 -0.081607875792366086 0.0085433736912805865 0.031186604959454703 0.072465203978998749 0.14475316304010852 0.058949115490520336 0.0085433736912805865 0.10941568943227474 0.0085433736912805865 -0.037841054760767712 -0.042232950247369005 -0.032930040543030434 -0.036861078427134895 -0.029661227586145086 -0.038425840478700124 -0.035516754546464184
leaf_weight=20 364 24 20 31 26 26 21 68 25 21 21 35 22 21 23 20 20 50 28 47 32 24 30 180 31 34 85 21 119 43
leaf_count=20 364 24 20 31 26 26 21 68 25 21 21 35 22 21 23 20 20 50 28 47 32 24 30 180 31 34 85 21 119 43
internal_value=-0.000223177 0.0521703 -0.0350835 0.0401383 0.0367792 0.0408558 0.0293208 0.0589491 0.0242696 0.0770833 0.0570622 0.0394511 0.0366606 0.0471919 -0.0370033 0.0173628 0.015491 0.089357 0.0979854 0.0589491 0.0321694 0.0800505 0.00854337 -0.0358186 -0.0352838 -0.0370395 -0.0342949 -0.0362554 -0.0372595 -0.0337227
internal_weight=1532 612 920 413 382 358 239 119 51 199 76 56 213 142 900 41 71 123 102 101 54 74 50 877 697 248 449 217 153 64
internal_count=1532 612 920 413 382 358 239 119 51 199 76 56 213 142 900 41 71 123 102 101 54 74 50 877 697 248 449 217 153 64
is_linear=0
shrinkage=0.05


Tree=40
num_leaves=31
num_cat=0
split_feature=7 17 8 6 3 3 3 3 1 3 3 9 6 6 4 6 3 6 8 8 3 6 8 6 8 14 3 6 6 6
split_gain=978.696 49.3636 32.1981 21.7361 49.5977 25.1674 15.1551 28.0057 26.8813 20.735 46.555 22.0515 18.2084 22.5942 18.0032 15.4439 14.7343 14.1081 12.0675 43.1203 7.43944 5.09618 2.07553 4.09297 0.243873 0.786036 0.0928122 0.27237 0.45858 0.367758
threshold=0.68350000000000011 1.0000000180025095e-35 54.370000000000012 7.0385185185185195 93.550000000000011 90.350000000000009 40.350000000000001 44.350000000000001 8.2500000000000018 50.95000000000001 48.000000000000007 12.15 5.9929577464788748 5.4580419580419592 2.5000000000000004 6.6054582210242598 92.050000000000011 6.8790584415584428 1.7900000000000003 5.160000000000001 86.050000000000011 6.2547709923664137 47.57 5.3257653717519942 50.995000000000012 1.0000000180025095e-35 79.550000000000011 5.7318352059925095 6.0499014420583057 5.8756443298969083
decision_type=2 2 2 2 2 2 2 2 2 2 2 2 2 2 2 2 2 2 2 2 2 2 2 2 2 2 2 2 2 2
left_child=1 6 22 4 5 -3 12 21 -9 10 -10 -11 13 -1 15 -14 18 -17 20 -20 -13 -8 26 -24 -25 -26 -2 -28 29 -29
right_child=2 3 -4 -5 -6 -7 7 8 9 11 -12 16 14 -15 -16 17 -18 -19 19 -21 -22 -23 23 24 25 -27 27 28 -30 -31
leaf_value=0.05288864444267706 -0.032586300547071838 0.063674331975885595 0.0071113245636666936 0.12557541047459217 0.023897704134971449 0.1355927769287649 0.067348073622881074 0.0071113245636666936 0.030833900870749512 0.026546916315025676 0.11943873401426337 0.070952561562195482 0.079297832531668846 0.0071113245636666936 0.0071113245636666936 0.0071113245636666936 0.076555798247730331 0.056270388214295086 0.10498359496570478 0.037467856652998559 0.037467856652998559 0.10382241290896686 -0.059563651884987148 -0.03395502748049687 -0.034386584396808882 -0.048587925902646573 -0.037011240904417292 -0.033834737857088661 -0.034456926195968872 -0.02353554666042328
leaf_weight=27 387 25 22 20 38 25 23 26 32 43 28 23 31 28 23 21 38 30 31 33 73 20 24 75 33 20 119 21 201 28
leaf_count=27 387 25 22 20 38 25 23 26 32 43 28 23 31 28 23 21 38 30 31 33 73 20 24 75 33 20 119 21 201 28
internal_value=-0.00037128 0.047314 -0.0330914 0.0781792 0.0672203 0.0999322 0.0410015 0.0465865 0.0415441 0.0459825 0.072396 0.0393585 0.028034 0.00711132 0.0402879 0.0513626 0.0483888 0.0341626 0.0416243 0.0603116 0.0374679 0.0846304 -0.0346515 -0.0402059 -0.0364936 -0.0399212 -0.033523 -0.0344828 -0.0332449 -0.0281112
internal_weight=1568 638 930 108 88 50 530 370 327 301 60 241 160 55 105 82 198 51 160 64 96 43 908 152 128 53 756 369 250 49
internal_count=1568 638 930 108 88 50 530 370 327 301 60 241 160 55 105 82 198 51 160 64 96 43 908 152 128 53 756 369 250 49
is_linear=0
shrinkage=0.05


Tree=41
num_leaves=30
num_cat=0
split_feature=7 17 8 6 3 3 3 3 1 3 3 2 8 3 6 6 6 6 8 3 0 8 6 13 8 14 8 8 3
split_gain=873.044 45.906 29.7914 19.6111 44.7762 22.7042 13.6491 26.0389 24.3282 19.5956 42.0186 18.9799 30.32 20.4319 17.4346 20.4486 17.1266 18.5383 11.779 6.52972 4.79736 1.87192 3.68759 0.837984 0.214565 0.702688 0.164612 0.0894569 0.0854367
threshold=0.68350000000000011 1.0000000180025095e-35 54.370000000000012 7.0385185185185195 93.550000000000011 90.350000000000009 40.350000000000001 44.350000000000001 8.2500000000000018 50.95000000000001 48.000000000000007 0.085000000000000006 2.0850000000000004 86.050000000000011 5.9929577464788748 5.4580419580419592 7.0036496350364974 6.6781609195402316 8.6650000000000009 93.250000000000014 60.500000000000007 47.57 5.3257653717519942 1.0000000180025095e-35 50.995000000000012 1.0000000180025095e-35 29.840000000000007 34.705000000000005 82.850000000000009
decision_type=2 2 2 2 2 2 2 2 2 2 2 2 2 2 2 2 2 2 2 2 2 2 2 2 2 2 2 2 2
left_child=1 6 21 4 5 -3 14 20 -9 10 -10 12 13 -11 15 -1 17 18 -16 -15 -8 23 -23 26 28 -26 -2 -28 -24
right_child=2 3 -4 -5 -6 -7 7 8 9 11 -12 -13 -14 19 16 -17 -18 -19 -20 -21 -22 22 24 -25 25 -27 27 -29 -30
leaf_value=0.050253970166358998 -0.025700658537521709 0.060503300490132361 0.006558613002098335 0.11932787534905903 0.022705955506153307 0.12884014756326004 0.062070815823089445 0.006558613002098335 0.029297007824587301 0.076494889986079395 0.11348805143315598 0.024839175835687798 0.092215585892962415 0.034829020530621625 0.059568705225919741 0.006558613002098335 0.006558613002098335 0.085986257715529174 0.011016066974274204 0.067532924135431854 0.097357651415993174 -0.05659782658814147 -0.029897960137789416 -0.034963406655764848 -0.032672449127064733 -0.04617061601645911 -0.033278182153355124 -0.03050503550280987 -0.035925170826954345
leaf_weight=27 30 25 22 20 38 25 21 26 32 30 28 38 29 123 23 28 29 25 28 21 22 24 47 192 33 20 101 433 28
leaf_count=27 30 25 22 20 38 25 21 26 32 30 28 38 29 123 23 28 29 25 28 21 22 24 47 192 33 20 101 433 28
internal_value=-0.000508413 0.0445294 -0.0314121 0.0742933 0.0638776 0.0949605 0.038442 0.0437427 0.0388806 0.0431197 0.0687928 0.0366815 0.0448189 0.0368423 0.0261332 0.00655861 0.0381665 0.0506418 0.0330839 0.034829 0.0804246 -0.032923 -0.0382064 -0.0318492 -0.0346774 -0.0379376 -0.0307742 -0.031045 -0.0322595
internal_weight=1568 638 930 108 88 50 530 370 327 301 60 241 203 174 160 55 105 76 51 144 43 908 152 756 128 53 564 534 75
internal_count=1568 638 930 108 88 50 530 370 327 301 60 241 203 174 160 55 105 76 51 144 43 908 152 756 128 53 564 534 75
is_linear=0
shrinkage=0.05


Tree=42
num_leaves=31
num_cat=0
split_feature=7 3 8 8 9 6 6 6 3 3 3 3 9 3 3 6 6 4 6 6 5 3 3 6 8 6 13 8 14 8
split_gain=779.742 41.5418 27.5944 22.4763 27.7409 26.503 22.105 38.6445 17.1002 28.2047 17.6832 50.7752 27.25 13.5913 36.5802 16.7682 18.4939 16.0624 14.3082 13.6117 9.6517 9.04046 4.97093 4.39748 1.6901 3.32079 0.749868 0.187587 0.627757 0.142337
threshold=0.68350000000000011 88.550000000000011 54.370000000000012 1.5300000000000002 12.750000000000002 6.5608198924731198 5.9022085610200374 6.4334637964774961 86.050000000000011 85.050000000000011 50.95000000000001 47.550000000000004 20.150000000000002 44.350000000000001 40.350000000000001 5.9929577464788748 5.347685931383837 2.5000000000000004 6.6054582210242598 6.8790584415584428 1136.1500000000003 92.550000000000011 92.850000000000009 6.2547709923664137 47.57 5.3257653717519942 1.0000000180025095e-35 50.995000000000012 1.0000000180025095e-35 29.840000000000007
decision_type=2 2 2 2 2 2 2 2 2 2 2 2 2 2 2 2 2 2 2 2 2 2 2 2 2 2 2 2 2 2
left_child=1 8 24 4 -3 -5 22 -8 9 10 11 13 -12 14 15 16 -1 18 -17 -20 -10 -9 -6 -16 26 -26 29 -27 -29 -2
right_child=2 3 -4 5 6 -7 7 21 20 -11 12 -13 -14 -15 23 17 -18 -19 19 -21 -22 -23 -24 -25 25 27 -28 28 -30 -31
leaf_value=0.049458007991640449 -0.024419894747658821 0.025070905790398619 0.0060678764613548214 0.060472139408891526 0.071880984550388397 0.0060678764613548214 0.15341004389106419 0.052320364420938771 0.0060678764613548214 0.093025823820258757 0.0060678764613548214 0.09282473257872377 0.055257868331527384 0.0060678764613548214 0.060370492328813065 0.073625774679172459 0.0060678764613548214 0.0060678764613548214 0.0060678764613548214 0.052083857991172627 0.039850564915422014 0.095267516849525419 0.052320364420938771 0.094252345040069879 -0.053779677607899694 -0.030654270872572928 -0.033216146138854978 -0.031043762360274608 -0.043873571511821363 -0.02949385159045452
leaf_weight=25 30 29 22 35 36 20 22 26 33 21 46 38 29 34 23 31 30 23 21 30 21 25 20 20 24 75 192 33 20 534
leaf_count=25 30 29 22 35 36 20 22 26 33 21 46 38 29 34 23 31 30 23 21 30 21 25 20 20 24 75 192 33 20 534
internal_value=-0.000610687 0.0419523 -0.0298166 0.0600067 0.0696207 0.0322216 0.0795698 0.0978199 0.0328801 0.0367087 0.0332897 0.0391657 0.0116544 0.0305055 0.0354752 0.0243971 0.00606788 0.0362548 0.0467489 0.0302021 0.00646524 0.0734887 0.0555585 0.0764276 -0.0312809 -0.0363092 -0.0302586 -0.0329551 -0.0360529 -0.0292372
internal_weight=1568 638 930 213 158 55 129 73 425 371 350 275 75 237 203 160 55 105 82 51 54 51 56 43 908 152 756 128 53 564
internal_count=1568 638 930 213 158 55 129 73 425 371 350 275 75 237 203 160 55 105 82 51 54 51 56 43 908 152 756 128 53 564
is_linear=0
shrinkage=0.05


Tree=43
num_leaves=31
num_cat=0
split_feature=7 17 8 6 3 9 3 8 8 6 3 3 6 6 6 6 8 8 8 3 6 6 4 6 6 8 8 6 8 8
split_gain=696.153 39.1436 25.5747 18.5052 41.5369 21.6987 11.3737 16.8517 44.1357 13.7906 29.5921 29.5885 21.085 62.9514 33.5304 24.1262 22.443 42.1896 42.9204 54.6244 21.0425 19.8641 14.9015 11.2965 7.48177 1.52776 0.498606 1.7983 0.0500717 0.200005
threshold=0.68350000000000011 1.0000000180025095e-35 54.370000000000012 7.0385185185185195 93.550000000000011 16.450000000000003 35.500000000000007 10.530000000000003 6.8550000000000013 6.9528371407516598 38.150000000000013 40.350000000000001 5.4250427013533056 5.626871257485031 5.2559846234492413 5.1111660079051395 0.71500000000000019 1.7900000000000003 2.6700000000000004 52.550000000000004 7.0871212121212137 6.4334637964774961 1.5000000000000002 6.6781609195402316 7.3300330033003309 52.165000000000006 46.070000000000007 5.2299154334038063 34.705000000000005 29.445000000000004
decision_type=2 2 2 2 2 2 2 2 2 2 2 2 2 2 2 2 2 2 2 2 2 2 2 2 2 2 2 2 2 2
left_child=1 6 25 4 5 -3 7 8 -1 10 -8 -12 14 -14 15 -13 -15 -18 -19 21 -11 -20 -22 -9 -24 26 28 -28 29 -2
right_child=2 3 -4 -5 -6 -7 9 23 -10 20 11 12 13 16 -16 -17 17 18 19 -21 22 -23 24 -25 -26 -27 27 -29 -30 -31
leaf_value=0.0056068661144602298 -0.025733345984138387 0.048934866251988646 0.0056068661144602298 0.11069994518412879 0.017257820239921253 0.11613542065819814 0.097078929579861098 0.0056068661144602298 0.079547372628063245 0.0056068661144602298 0.0056068661144602298 0.017916010551127123 0.11597817386311954 0.085824017516978379 0.0056068661144602298 0.08789619466701111 0.0056068661144602298 0.11456168303839967 0.03969024375198394 0.0056068661144602298 0.069233520026225959 0.096895597935065456 0.0056068661144602298 0.045320821583810428 0.042111139725982009 -0.040605088840088538 -0.046671726767770677 -0.03004724811390283 -0.028036915137681129 -0.030874281404410987
leaf_weight=28 42 22 22 20 38 28 23 21 31 27 26 27 32 23 25 23 45 21 38 24 25 26 22 22 21 34 20 155 491 166
leaf_count=28 42 22 22 20 38 28 23 21 31 27 26 27 32 23 25 23 45 21 38 24 25 26 22 22 21 34 20 155 491 166
internal_value=-0.000703409 0.0395134 -0.0282996 0.0669978 0.0568943 0.0868237 0.0338918 0.0187613 0.0374014 0.0374807 0.0422905 0.0381794 0.0432665 0.0514434 0.0203756 0.0503179 0.0396889 0.032715 0.0503755 0.0348889 0.020542 0.0631228 0.0385189 0.00560687 0.0204264 -0.0297198 -0.0292861 -0.0320013 -0.0285947 -0.0298731
internal_weight=1568 638 930 108 88 50 530 102 59 428 333 310 284 209 75 50 177 154 109 88 95 64 68 43 43 908 874 175 699 208
internal_count=1568 638 930 108 88 50 530 102 59 428 333 310 284 209 75 50 177 154 109 88 95 64 68 43 43 908 874 175 699 208
is_linear=0
shrinkage=0.05


Tree=44
num_leaves=31
num_cat=0
split_feature=7 17 1 6 3 9 3 3 9 6 6 6 6 8 4 6 6 4 8 6 0 6 13 3 8 3 8 8 3 8
split_gain=618.409 36.7016 24.2713 16.6957 37.4981 19.5725 10.7435 21.9272 21.4469 16.1878 23.8205 15.6227 13.4407 16.5034 35.7854 30.1378 11.8617 10.8977 9.74572 8.14181 4.04085 0.62438 0.589518 0.222065 0.169652 0.144958 0.272085 0.186851 0.151778 0.0982172
threshold=0.68350000000000011 1.0000000180025095e-35 10.850000000000003 7.0385185185185195 93.550000000000011 16.450000000000003 40.350000000000001 44.350000000000001 12.15 6.3086080586080593 7.0036496350364974 5.347685931383837 6.9528371407516598 1.5300000000000002 2.5000000000000004 5.9122919334186959 6.4794366197183111 1.5000000000000002 53.850000000000001 6.6781609195402316 60.500000000000007 7.2889276096942828 1.0000000180025095e-35 62.95000000000001 50.995000000000012 82.850000000000009 44.655000000000008 41.855000000000011 87.450000000000017 30.09
decision_type=2 2 2 2 2 2 2 2 2 2 2 2 2 2 2 2 2 2 2 2 2 2 2 2 2 2 2 2 2 2
left_child=1 6 18 4 5 -3 9 20 16 11 19 -1 13 15 17 -10 -9 -15 22 -11 -8 -14 23 -2 25 -25 27 29 -28 -27
right_child=2 3 -4 -5 -6 -7 7 8 12 10 -12 -13 21 14 -16 -17 -18 -19 -20 -21 -22 -23 -24 24 -26 26 28 -29 -30 -31
leaf_value=0.044521551433787401 -0.032925833390848668 0.046499193451320961 0.0050992909427841661 0.10519248374937036 0.016397194547720467 0.11034931501247705 0.053145014900731813 0.0050992909427841661 0.034049156991632905 0.036874999252777867 0.0050992909427841661 0.0050992909427841661 0.022292167969610411 0.053287201720414706 0.079206804433001807 0.10084513425347891 0.022292167969610411 0.022292167969610411 -0.062935632207796938 0.078473343958417735 0.085482986588283905 0.038176048405113669 -0.030106992935849803 -0.025433257785828268 -0.03046051744126679 -0.022622618980673484 -0.035744721387629901 -0.020745903307496153 -0.027692315742459107 -0.02821871865250879
leaf_weight=25 22 22 22 20 38 28 21 20 38 24 29 57 25 29 34 31 46 81 20 25 22 23 201 423 44 23 23 22 26 104
leaf_count=25 22 22 22 20 38 28 21 20 38 24 29 57 25 29 34 31 46 81 20 25 22 23 201 423 44 23 23 22 26 104
internal_value=-0.000848021 0.0370564 -0.0268579 0.0636684 0.0540656 0.082504 0.0316132 0.0363152 0.0318548 0.0206929 0.0369948 0.00509929 0.0382958 0.0440353 0.0342843 0.0642338 0.00628854 0.0222922 -0.0282606 0.0583171 0.069966 0.0222922 -0.027467 -0.026683 -0.026464 -0.026168 -0.0276987 -0.026349 -0.031639 -0.0272632
internal_weight=1568 638 930 108 88 50 530 370 327 160 78 82 261 213 144 69 66 110 908 49 43 48 888 687 665 621 198 149 49 127
internal_count=1568 638 930 108 88 50 530 370 327 160 78 82 261 213 144 69 66 110 908 49 43 48 888 687 665 621 198 149 49 127
is_linear=0
shrinkage=0.05


Tree=45
num_leaves=31
num_cat=0
split_feature=7 17 6 6 1 6 20 6 8 8 8 4 3 3 6 4 8 4 6 6 3 6 6 6 3 3 13 8 14 8
split_gain=490.094 49.1526 37.9166 49.6597 26.2975 24.7305 20.1269 22.5671 23.4409 39.0635 29.3184 18.737 16.6682 24.4803 15.985 32.2478 15.5092 14.6263 14.3703 23.4833 9.75138 5.82274 2.6913 11.9077 15.552 18.8977 0.443773 0.513471 0.177204 0.206747
threshold=0.68350000000000011 1.0000000180025095e-35 5.5966101694915258 5.5143622869708642 10.950000000000001 6.2095088819226767 1.0000000180025095e-35 7.3226861167002024 3.6950000000000007 6.8550000000000013 9.8900000000000023 2.5000000000000004 36.250000000000007 46.550000000000004 6.6141439205955344 1.5000000000000002 54.165000000000006 1.5000000000000002 5.2707722385141755 5.1111660079051395 89.15000000000002 6.8292860611947557 5.786303107165506 6.118525021949079 85.850000000000009 40.050000000000004 1.0000000180025095e-35 29.445000000000004 1.0000000180025095e-35 33.380000000000003
decision_type=2 2 2 2 2 2 2 2 2 2 2 2 2 2 2 2 2 2 2 2 2 2 2 2 2 2 2 2 2 2
left_child=1 2 3 12 16 22 7 8 20 -10 -11 14 -1 -14 15 -3 26 -12 19 -15 -7 -8 -4 24 25 -24 27 -2 29 -29
right_child=4 11 5 -5 -6 6 21 -9 9 10 17 -13 13 18 -16 -17 -18 -19 -20 -21 -22 -23 23 -25 -26 -27 -28 28 -30 -31
leaf_value=0.076275810139689273 -0.01726331004542319 0.057942459364987424 0.0028347129600867493 0.1166222403491784 0.0028347129600867493 0.080057139140282896 0.028214180110341526 0.0028347129600867493 0.0028347129600867493 0.07984553825657123 0.045698303131091939 0.020153920642007585 0.0028347129600867493 0.026767622126088599 0.043769283463986605 0.13835747934065723 -0.069740918631802234 0.0028347129600867493 0.012145372273021714 0.10056013760726844 0.042298925793238851 0.0028347129600867493 0.013482649607491171 0.0028347129600867493 0.0028347129600867493 0.080947654816641734 -0.028533163557858232 -0.028356753713514732 -0.027545991409101873 -0.02453978828307888
leaf_weight=20 23 32 40 22 21 36 25 29 32 36 33 21 29 24 30 21 21 28 24 20 35 27 22 20 20 20 197 66 171 414
leaf_count=20 23 32 40 22 21 36 25 29 32 36 33 21 29 24 30 21 21 28 24 20 35 27 22 20 20 20 197 66 171 414
internal_value=-0.00203444 0.0312871 0.0252215 0.0477536 -0.0256176 0.0174275 0.0257524 0.0322276 0.0384852 0.0256866 0.044063 0.0627954 0.0346727 0.0259736 0.0734868 0.0900997 -0.0272039 0.0227675 0.0435986 0.060575 0.0615999 0.00283471 0.00283471 0.0134668 0.0279023 0.0458436 -0.0261647 -0.0254609 -0.0257402 -0.0250808
internal_weight=1559 646 542 139 913 403 281 229 200 129 97 104 117 97 83 53 892 61 68 44 71 52 122 82 62 42 871 674 651 480
internal_count=1559 646 542 139 913 403 281 229 200 129 97 104 117 97 83 53 892 61 68 44 71 52 122 82 62 42 871 674 651 480
is_linear=0
shrinkage=0.05


Tree=46
num_leaves=31
num_cat=0
split_feature=7 17 6 6 1 6 21 6 6 9 6 4 9 5 3 3 3 3 6 6 3 3 6 3 6 6 3 3 14 13
split_gain=434.911 45.6499 35.2655 45.0846 24.4986 22.88 18.6093 20.5791 19.4779 27.8812 22.5855 16.9088 36.8601 46.4015 15.2161 22.6499 14.0421 18.1082 12.9709 21.194 8.39654 5.49037 5.18503 2.03402 1.82551 10.9828 14.3236 17.0556 0.575897 0.569145
threshold=0.68350000000000011 1.0000000180025095e-35 5.5966101694915258 5.5143622869708642 10.950000000000001 6.2095088819226767 1.0000000180025095e-35 7.3226861167002024 7.1887913223140512 20.500000000000004 6.6530054644808763 2.5000000000000004 21.700000000000006 1159.6500000000003 36.250000000000007 46.550000000000004 46.550000000000004 36.250000000000007 5.2707722385141755 5.1111660079051395 85.050000000000011 31.050000000000004 6.8292860611947557 62.95000000000001 5.786303107165506 6.118525021949079 85.850000000000009 40.050000000000004 1.0000000180025095e-35 1.0000000180025095e-35
decision_type=2 2 2 2 2 2 2 2 2 2 2 2 2 2 2 2 2 2 2 2 2 2 2 2 2 2 2 2 2 2
left_child=1 2 3 14 23 24 22 8 9 16 -11 12 13 -3 -1 -16 17 21 19 -17 -18 -8 -7 -2 -4 26 27 -26 29 -25
right_child=4 11 5 -5 -6 6 7 -9 -10 10 -12 -13 -14 -15 15 18 20 -19 -20 -21 -22 -23 -24 28 25 -27 -28 -29 -30 -31
leaf_value=0.072480994136772336 -0.038383163232637678 0.0025082352382603439 0.0025082352382603439 0.11081751323393568 0.0025082352382603439 0.026809090358090117 0.028964735738080533 0.0025082352382603439 0.078585631290597535 0.097917639523507113 0.04118734765616406 0.01915099982401771 0.11535683319331036 0.080240617410286874 0.0025082352382603439 0.025434796666703285 0.0025082352382603439 0.04118734765616406 0.011540622836079342 0.095557146519422528 0.031212659105943993 0.0025082352382603439 0.0025082352382603439 -0.023595354371556687 0.012811567098306853 0.0025082352382603439 0.0025082352382603439 0.076920408240301691 -0.028162455842986257 -0.027107229302644371
leaf_weight=20 33 21 40 22 21 25 20 29 24 25 21 21 29 33 29 24 30 34 24 20 26 20 27 486 22 20 20 20 176 197
leaf_count=20 33 21 40 22 21 25 20 29 24 25 21 21 29 33 29 24 30 34 24 20 26 20 27 486 22 20 20 20 176 197
internal_value=-0.00207842 0.0293109 0.0234653 0.0451948 -0.0242944 0.0159488 0.0240129 0.0302639 0.0362575 0.0304158 0.0638777 0.0596753 0.0698329 0.0451244 0.0327287 0.0244147 0.018497 0.032877 0.0414362 0.0575664 0.00250824 0.00553539 0.00250824 -0.0258462 0.00250824 0.0122312 0.0263143 0.0435685 -0.0253544 -0.0246194
internal_weight=1559 646 542 139 913 403 281 229 200 176 46 104 83 54 117 97 130 74 68 44 56 40 52 892 122 82 62 42 859 683
internal_count=1559 646 542 139 913 403 281 229 200 176 46 104 83 54 117 97 130 74 68 44 56 40 52 892 122 82 62 42 859 683
is_linear=0
shrinkage=0.05


Tree=47
num_leaves=31
num_cat=0
split_feature=7 17 6 6 8 6 6 9 8 4 8 6 4 9 5 3 3 6 3 14 8 6 6 3 3 13 8 8 3 8
split_gain=385.644 42.0329 32.7296 40.9397 23.4054 21.2456 17.4062 19.2283 19.8079 18.2348 29.3064 17.8389 15.1523 33.517 42.6332 13.896 20.965 13.1529 12.0669 2.43752 6.45318 1.02622 10.1249 13.1973 15.3927 0.598761 0.361107 0.353548 0.198981 0.21961
threshold=0.68350000000000011 1.0000000180025095e-35 5.5966101694915258 5.5143622869708642 54.990000000000002 6.2095088819226767 6.5919899874843564 15.950000000000001 7.3600000000000003 1.5000000000000002 6.0750000000000011 7.3623737373737379 2.5000000000000004 21.700000000000006 1159.6500000000003 36.250000000000007 46.550000000000004 7.0139561930606726 88.850000000000009 1.0000000180025095e-35 49.295000000000009 5.786303107165506 6.118525021949079 85.850000000000009 40.050000000000004 1.0000000180025095e-35 29.445000000000004 52.165000000000006 62.95000000000001 33.380000000000003
decision_type=2 2 2 2 2 2 2 2 2 2 2 2 2 2 2 2 2 2 2 2 2 2 2 2 2 2 2 2 2 2
left_child=1 2 3 15 19 21 7 -7 -9 10 -8 -11 13 14 -3 -1 -17 -12 -18 25 -21 -4 23 24 -23 26 -2 28 -28 -30
right_child=4 12 5 -5 -6 6 9 8 -10 11 17 -13 -14 -15 -16 16 18 -19 -20 20 -22 22 -24 -25 -26 -27 27 -29 29 -31
leaf_value=0.06887497673580302 -0.015229220662540172 0.0022027422026154155 0.0022027422026154155 0.10530170952033134 0.0022027422026154155 0.0083161891556482546 0.066875470273642462 0.088643046869197037 0.033590353076636811 0.0022027422026154155 0.0022027422026154155 0.04932751575512672 0.018197988432730544 0.10960881221540196 0.076118634420011336 0.0022027422026154155 0.058680559593350737 0.040311544927167681 0.016071697621579339 -0.025555303302792806 -0.050793980571090983 0.01217388751415106 0.0022027422026154155 0.0022027422026154155 0.073093521704350531 -0.025752555360079178 -0.028366049747002076 -0.015434610959968415 -0.025828103529501496 -0.021945432470491532
leaf_weight=20 23 21 40 22 22 29 35 28 27 96 23 20 21 29 33 29 37 23 31 156 31 22 20 20 20 197 24 22 64 374
leaf_count=20 23 21 40 22 22 29 35 28 27 96 23 20 21 29 33 29 37 23 31 156 31 22 20 20 20 197 24 22 64 374
internal_value=-0.00211614 0.0274417 0.0218322 0.0427653 -0.0230362 0.0145909 0.0224252 0.0415034 0.0588645 0.014248 0.0324517 0.00220274 0.0565782 0.0661951 0.0426285 0.0308838 0.0229362 0.00606298 0.0393815 -0.0246006 -0.0297909 0.00220274 0.0110615 0.0248083 0.0414067 -0.0232108 -0.0222084 -0.0225265 -0.02285 -0.0225299
internal_weight=1559 646 542 139 913 403 281 84 55 197 81 116 104 83 54 117 97 46 68 891 187 122 82 62 42 704 507 484 462 438
internal_count=1559 646 542 139 913 403 281 84 55 197 81 116 104 83 54 117 97 46 68 891 187 122 82 62 42 704 507 484 462 438
is_linear=0
shrinkage=0.05


Tree=48
num_leaves=31
num_cat=0
split_feature=8 5 17 6 6 6 20 8 3 3 3 3 3 3 3 0 3 20 9 5 8 8 3 3 3 14 8 6 3 6
split_gain=319.548 151.94 37.178 25.5741 41.0753 29.9234 23.6292 17.376 14.6957 30.2767 21.305 21.7814 24.7755 41.8963 14.0152 13.6797 20.6395 13.5755 30.4808 41.4716 13.2905 19.3863 13.2819 33.8387 10.727 1.25687 3.06693 0.193487 0.301566 0.195747
threshold=14.810000000000002 794.15000000000009 1.0000000180025095e-35 5.5966101694915258 5.7561463693539174 5.4950004950004958 1.0000000180025095e-35 54.165000000000006 90.850000000000009 87.350000000000009 53.350000000000001 29.000000000000004 32.350000000000001 36.900000000000006 85.050000000000011 61.500000000000007 86.65000000000002 1.0000000180025095e-35 21.700000000000006 1159.6500000000003 10.100000000000001 7.1750000000000007 40.650000000000013 85.850000000000009 53.800000000000004 1.0000000180025095e-35 49.295000000000009 6.9282051282051293 69.750000000000014 6.6186826843413433
decision_type=2 2 2 2 2 2 2 2 2 2 2 2 2 2 2 2 2 2 2 2 2 2 2 2 2 2 2 2 2 2
left_child=2 7 3 5 -5 15 8 24 9 10 11 -6 -13 -14 -12 -1 -17 18 19 -4 21 -15 -8 -24 -2 27 -27 29 -29 -26
right_child=1 -3 17 4 6 -7 22 -9 -10 -11 14 12 13 20 -16 16 -18 -19 -20 -21 -22 -23 23 -25 25 26 -28 28 -30 -31
leaf_value=-0.0003058749130397936 0.013589084652525868 0.094448138243150875 -0.014512890132400098 -0.041922543101334489 -0.012685844702122015 0.089062238493526125 -0.040837806781038849 -0.06557034468780662 -0.0047737867287506071 0.070729170920537529 -0.032224998459872971 0.086953888517437558 -0.033326096465519817 0.032805276362602886 0.018731753942892723 0.065168220763716408 0.019660255101920543 0.017292401081577861 0.10414720333318939 0.072205679380530657 0.016704235833509381 0.093573572913269787 0.048882423592852303 -0.039799484914511594 -0.022142274224197369 -0.024278356457901148 -0.042904438548188699 -0.030965440182840056 -0.023109599238352208 -0.018761287486234512
leaf_weight=30 20 28 21 30 23 25 21 24 35 38 25 23 21 30 29 39 34 21 29 33 27 24 23 20 492 156 27 20 115 76
leaf_count=30 20 28 21 30 23 25 21 24 35 38 25 23 21 30 29 39 34 21 29 33 27 24 23 20 492 156 27 20 115 76
internal_value=-0.00214121 -0.020073 0.0264325 0.0207197 0.0140119 0.0399918 0.0189875 -0.0235361 0.0253585 0.0297738 0.0220134 0.0318208 0.0400536 0.0293542 -0.00478287 0.0279581 0.0396264 0.0536392 0.0627434 0.0402642 0.0456874 0.0600289 -0.00830676 0.00752237 -0.02241 -0.0232297 -0.0270757 -0.0222177 -0.0243325 -0.0217021
internal_weight=1559 958 601 497 369 128 339 930 275 240 202 148 125 102 54 103 73 104 83 54 81 54 64 43 906 886 183 703 135 568
internal_count=1559 958 601 497 369 128 339 930 275 240 202 148 125 102 54 103 73 104 83 54 81 54 64 43 906 886 183 703 135 568
is_linear=0
shrinkage=0.05


Tree=49
num_leaves=31
num_cat=0
split_feature=8 5 17 6 6 6 3 3 1 3 20 8 8 8 8 0 6 6 8 6 9 6 3 8 3 14 8 3 3 3
split_gain=288.24 137.648 33.7375 23.033 43.8326 24.6513 21.4286 20.009 32.6415 27.2184 27.0409 25.8882 40.1791 19.395 19.318 25.1541 16.8483 16.1679 14.9005 12.4119 13.831 8.36442 8.01631 6.46241 1.58081 1.21624 2.76508 0.210381 0.550582 0.248373
threshold=14.810000000000002 842.10000000000014 1.0000000180025095e-35 5.6172079421271368 5.7089947089947097 5.4250427013533056 52.550000000000004 90.850000000000009 12.15 29.000000000000004 1.0000000180025095e-35 7.1750000000000007 3.6950000000000007 1.8300000000000003 7.9650000000000007 80.500000000000014 6.7538163590795177 6.5235814296241719 54.165000000000006 6.1563932755985755 16.650000000000002 5.2189897698209728 92.15000000000002 0.80500000000000016 61.850000000000001 1.0000000180025095e-35 49.295000000000009 83.750000000000014 84.65000000000002 90.850000000000009
decision_type=2 2 2 2 2 2 2 2 2 2 2 2 2 2 2 2 2 2 2 2 2 2 2 2 2 2 2 2 2 2
left_child=2 6 3 5 -5 14 -2 8 9 -6 11 12 23 -10 15 21 -9 -14 24 20 -4 -1 -21 -11 -8 27 -27 -26 -29 -30
right_child=1 -3 19 4 7 -7 18 16 13 10 -12 -13 17 -15 -16 -17 -18 -19 -20 22 -22 -23 -24 -25 25 26 -28 28 29 -31
leaf_value=-0.034884626630744243 0.028736275304757544 0.094150238555509913 0.038559200801881986 -0.058546246936665242 -0.035164281298439813 0.073606306004558184 -0.036279332355300398 -0.042244604764761273 0.035281989998507228 0.0088880520221232395 -0.017908085101400802 0.035281989998507228 -0.061667166246258787 0.088571408973343077 0.05612506006272782 0.053225707831258455 0.018857815125471609 0.00014063572991487665 -0.062305430817143431 0.056773281596096382 0.094690533650332476 0.0090072078233081575 0.018861048724896239 0.035281989998507228 -0.02012400051810162 -0.02306521661188227 -0.040767132626963271 -0.028774327319388511 -0.022531994794459519 -0.018045972618190558
leaf_weight=22 20 26 20 20 25 35 21 24 30 24 39 89 20 26 32 21 21 22 24 25 26 21 33 26 436 156 27 34 153 61
leaf_count=22 20 26 20 20 25 35 21 24 30 24 39 89 20 26 32 21 21 22 24 25 26 21 33 26 436 156 27 34 153 61
internal_value=-0.00204017 -0.019071 0.0250975 0.0196547 0.0131876 0.037661 -0.0222447 0.0173642 0.0220191 0.0141075 0.0197427 0.0278883 0.00672688 0.0564565 0.024441 0.0084581 -0.0136407 -0.0292495 -0.0233712 0.0510161 0.0705306 -0.0133619 0.0353582 0.035282 -0.0223064 -0.021958 -0.0257251 -0.0209392 -0.0223437 -0.0212856
internal_weight=1559 958 601 497 366 131 932 346 301 245 220 181 92 56 96 64 45 42 912 104 46 43 58 50 888 867 183 684 248 214
internal_count=1559 958 601 497 366 131 932 346 301 245 220 181 92 56 96 64 45 42 912 104 46 43 58 50 888 867 183 684 248 214
is_linear=0
shrinkage=0.05


Tree=50
num_leaves=31
num_cat=0
split_feature=7 9 6 6 0 6 8 3 6 6 0 1 8 3 6 6 3 3 6 8 9 13 8 3 6 3 6 6 6 6
split_gain=272.892 47.0483 19.0441 56.6387 48.8345 22.8283 26.1133 23.3754 17.7989 42.193 18.956 16.2999 14.0311 13.8482 18.5643 42.7423 11.5777 7.85379 6.7585 4.57976 3.33372 0.482969 0.311355 0.28476 0.354584 0.516157 0.207784 0.446042 0.296929 0.188868
threshold=0.68350000000000011 42.000000000000007 6.8903903903903911 7.3300330033003309 57.500000000000007 5.6172079421271368 1.5300000000000002 36.900000000000006 5.9022085610200374 6.1258802816901419 72.500000000000014 10.850000000000003 54.165000000000006 53.350000000000001 6.4022471910112371 6.5919899874843564 53.350000000000001 37.350000000000001 5.3353783231083849 0.71500000000000019 20.500000000000004 1.0000000180025095e-35 29.840000000000007 79.550000000000011 6.7974358974358982 72.550000000000011 5.8756443298969083 6.1422947131608563 5.0840395480225995 6.0753578611143988
decision_type=2 2 2 2 2 2 2 2 2 2 2 2 2 2 2 2 2 2 2 2 2 2 2 2 2 2 2 2 2 2
left_child=1 2 5 4 -4 6 18 -8 -7 10 -10 12 21 14 17 -16 -9 -11 -1 20 -15 22 -2 24 -24 -26 28 -28 -25 -23
right_child=11 -3 3 -5 -6 8 7 16 9 13 -12 -13 -14 19 15 -17 -18 -19 -20 -21 -22 29 23 26 25 -27 27 -29 -30 -31
leaf_value=0.031304527373902824 -0.013436035512743786 0.096468987970908665 0.0015961074056000822 0.0015961074056000822 0.058452239450892153 0.0015961074056000822 0.058452239450892153 0.0015961074056000822 0.0093711902475475655 0.033895900173214685 0.058452239450892153 0.0015961074056000822 -0.062549143051033582 0.0078574282348965081 0.058452239450892153 0.0015961074056000822 0.03453337215849394 0.0015961074056000822 0.058452239450892153 0.0015961074056000822 0.034920307910774807 -0.020406533177505889 -0.017669198755828477 -0.016957416726433815 -0.025145013937851748 -0.016676727277691154 -0.013429666038443503 -0.021017175574837729 -0.025029729555050534 -0.02429803952532196
leaf_weight=25 27 21 22 45 80 68 20 50 20 20 26 23 20 22 23 37 27 23 23 54 25 93 288 20 52 37 28 143 74 105
leaf_count=25 27 21 22 45 80 68 20 50 20 20 26 23 20 22 23 37 27 23 23 54 25 93 288 20 52 37 28 143 74 105
internal_value=-0.00227345 0.0229887 0.0204355 0.0361372 0.0573242 0.0154328 0.0318793 0.0167743 0.00791019 0.0167144 0.0584522 -0.0197965 -0.0211077 0.00691559 0.0213865 0.0395941 0.00406829 0.00159611 0.0584522 0.00159611 0.0224023 -0.0201389 -0.0194274 -0.0196694 -0.0186403 -0.0217033 -0.021107 -0.0198126 -0.0233852 -0.0225067
internal_weight=1541 631 610 147 102 463 145 97 318 250 46 910 887 204 103 60 77 43 48 101 47 867 669 642 377 89 265 171 94 198
internal_count=1541 631 610 147 102 463 145 97 318 250 46 910 887 204 103 60 77 43 48 101 47 867 669 642 377 89 265 171 94 198
is_linear=0
shrinkage=0.05


Tree=51
num_leaves=31
num_cat=0
split_feature=7 9 17 8 6 6 0 6 3 3 6 8 8 6 6 6 6 3 9 4 6 14 8 6 13 8 8 6 3 3
split_gain=244.285 42.6478 21.898 15.5351 12.022 32.3734 41.4841 17.7067 18.5806 27.8016 18.8428 13.9367 19.0264 14.3124 31.2949 11.9161 18.922 10.9704 5.55513 4.64781 14.1623 1.43224 3.10067 3.68526 0.599271 0.215043 0.31123 0.166179 0.148881 0.28503
threshold=0.68350000000000011 42.000000000000007 1.0000000180025095e-35 54.990000000000002 6.8903903903903911 7.3300330033003309 57.500000000000007 5.6172079421271368 53.350000000000001 36.900000000000006 5.2189897698209728 4.4900000000000011 6.2700000000000014 6.5919899874843564 6.3786315503665501 5.7318352059925095 6.5608198924731198 40.350000000000001 21.700000000000006 1.5000000000000002 7.0953956437827417 1.0000000180025095e-35 47.57 5.8366666666666678 1.0000000180025095e-35 29.840000000000007 31.335000000000004 6.0753578611143988 62.95000000000001 79.550000000000011
decision_type=2 2 2 2 2 2 2 2 2 2 2 2 2 2 2 2 2 2 2 2 2 2 2 2 2 2 2 2 2 2
left_child=1 2 4 21 7 6 -6 8 9 -1 -10 -9 -13 14 17 -4 -17 -14 -18 -8 -21 24 -23 -24 25 -2 -27 -26 -28 -30
right_child=3 -3 15 -5 5 -7 19 11 10 -11 -12 12 13 -15 -16 16 18 -19 -20 20 -22 22 23 -25 27 26 28 -29 29 -31
leaf_value=0.055471824749180693 -0.012766712777509022 0.091668398674771681 0.055471824749180693 0.0014663107188185463 0.0014663107188185463 0.0014663107188185463 0.055471824749180693 0.0014663107188185463 0.0051304170741370662 0.0014663107188185463 0.055471824749180693 0.048847503781828103 0.0014663107188185463 0.0014663107188185463 0.055471824749180693 0.0014663107188185463 0.030246979934502378 0.029317268528887681 0.055471824749180693 0.055471824749180693 0.028469067733999615 -0.020254450500746351 -0.051662447453657195 -0.02312257255705976 -0.019387302702947029 -0.024859804045673797 -0.022404596133878407 -0.023084293697188858 -0.016165038633475248 -0.019153034285944729
leaf_weight=20 27 21 27 20 22 33 26 95 20 50 34 35 38 33 20 33 26 37 21 20 20 154 20 29 93 21 26 105 227 188
leaf_count=20 27 21 27 20 22 33 26 95 20 50 34 35 38 33 20 33 26 37 21 20 20 154 20 29 93 21 26 105 227 188
internal_value=-0.00219464 0.0217066 0.0192753 -0.018774 0.0148845 0.0286385 0.0454365 0.0105084 0.0260333 0.00892282 0.0480636 0.0030203 0.0162093 0.00721457 0.0219749 0.039836 0.0288341 0.00573134 0.0491928 0.0554718 0.0325655 -0.0200401 -0.0238429 -0.0349548 -0.0189058 -0.0178881 -0.0181737 -0.0213837 -0.0178384 -0.017535
internal_weight=1541 631 610 910 503 121 88 382 124 70 54 258 163 128 95 107 80 75 47 66 40 890 203 49 687 489 462 198 441 415
internal_count=1541 631 610 910 503 121 88 382 124 70 54 258 163 128 95 107 80 75 47 66 40 890 203 49 687 489 462 198 441 415
is_linear=0
shrinkage=0.05


Tree=52
num_leaves=31
num_cat=0
split_feature=7 9 17 1 8 3 3 3 3 6 6 6 6 3 3 1 6 6 9 6 8 3 13 8 3 6 3 3 6 2
split_gain=218.025 38.7189 20.8814 14.7906 13.0561 11.8745 33.4665 19.0426 31.3748 21.6415 30.0678 23.1642 17.7796 13.5308 24.5055 20.6058 10.8533 17.4227 5.0614 4.25507 2.8208 2.31266 0.395778 0.243443 0.237333 0.32775 0.453403 0.196904 0.145915 0.142699
threshold=0.68350000000000011 42.000000000000007 1.0000000180025095e-35 10.850000000000003 54.165000000000006 38.600000000000009 35.500000000000007 47.550000000000004 49.20000000000001 7.0611577964519148 7.3300330033003309 5.626871257485031 5.4250427013533056 31.050000000000004 29.000000000000004 10.450000000000001 5.7318352059925095 6.5608198924731198 21.700000000000006 5.1986842105263174 0.71500000000000019 33.050000000000004 1.0000000180025095e-35 29.840000000000007 79.550000000000011 6.7974358974358982 72.550000000000011 81.65000000000002 6.0753578611143988 0.9850000000000001
decision_type=2 2 2 2 2 2 2 2 2 2 2 2 2 2 2 2 2 2 2 2 2 2 2 2 2 2 2 2 2 2
left_child=1 2 5 4 22 6 13 -7 -9 11 -11 12 19 14 15 -1 -4 -18 -19 -10 -13 -15 23 -2 25 -25 -27 -26 -24 -29
right_child=3 -3 16 -5 -6 7 -8 8 9 10 -12 20 -14 21 -16 -17 17 18 -20 -21 -22 -23 28 24 27 26 -28 29 -30 -31
leaf_value=0.0013220699831926544 -0.012130732582091627 0.087106699760345588 0.052616567943300788 0.0013220699831926544 -0.05906295975049336 0.0013220699831926544 0.052616567943300788 0.052616567943300788 0.0013220699831926544 0.052616567943300788 0.0013220699831926544 0.031689637984144745 0.052616567943300788 0.0013220699831926544 0.052616567943300788 0.05196299747151522 0.0013220699831926544 0.028740427506038516 0.052616567943300788 0.027492935406001985 0.0013220699831926544 0.025825938301699422 -0.018418978760469103 -0.015849285390418782 -0.022237974502646557 -0.022939293619938864 -0.014991108985066118 -0.017540342367451937 -0.021931177301848084 -0.022624713768700205
leaf_weight=20 27 21 27 23 20 92 34 21 21 25 20 21 21 26 24 20 33 26 21 22 115 21 93 288 55 52 37 185 105 25
leaf_count=20 27 21 27 23 20 92 34 21 21 25 20 21 21 26 24 20 33 26 21 22 115 21 93 288 55 52 37 185 105 25
internal_value=-0.00213633 0.0204435 0.0181264 -0.0177994 -0.0190938 0.013839 0.0259246 0.0089241 0.0173416 0.0116992 0.0430005 0.00461345 0.0319334 0.0114973 0.0279109 0.00238234 0.0382032 0.0275858 0.0471213 0.0115537 0.00132207 0.00132207 -0.0181593 -0.0175103 -0.0177268 -0.0167793 -0.0197116 -0.0190491 -0.0203169 -0.0181799
internal_weight=1541 631 610 910 887 503 145 358 266 245 45 200 64 111 64 40 107 80 47 43 136 47 867 669 642 377 89 265 198 210
internal_count=1541 631 610 910 887 503 145 358 266 245 45 200 64 111 64 40 107 80 47 43 136 47 867 669 642 377 89 265 198 210
is_linear=0
shrinkage=0.05


Tree=53
num_leaves=31
num_cat=0
split_feature=8 5 9 17 8 4 8 3 0 3 3 3 8 3 3 3 3 8 3 3 3 9 3 3 14 8 8 3 16 3
split_gain=186.317 91.2084 28.2831 18.4963 11.9358 11.8256 29.5632 29.2319 17.5073 16.7776 33.754 20.9771 16.2809 15.9425 36.0133 9.60956 22.1863 17.2698 13.0617 7.11154 13.6213 9.99418 5.9977 2.7533 0.929561 1.89873 0.812777 0.496462 0.133845 0.138912
threshold=14.810000000000002 842.10000000000014 42.000000000000007 1.0000000180025095e-35 54.370000000000012 1.5000000000000002 0.9900000000000001 87.350000000000009 48.500000000000007 86.450000000000017 53.800000000000004 31.050000000000004 1.3500000000000003 43.20000000000001 38.150000000000013 78.950000000000017 49.850000000000001 11.350000000000001 31.450000000000003 94.050000000000011 92.15000000000002 16.450000000000003 91.350000000000009 60.850000000000001 1.0000000180025095e-35 47.57 8.3000000000000025 74.550000000000011 1.0000000180025095e-35 65.250000000000014
decision_type=2 2 2 2 2 2 2 2 2 2 2 2 2 2 2 2 2 2 2 2 2 2 2 2 2 2 2 2 2 2
left_child=2 4 3 5 23 9 -7 8 -8 10 11 -1 -11 14 -13 16 17 18 -10 20 21 -5 -9 -2 28 -26 -20 -27 -25 -30
right_child=1 -3 -4 19 -6 6 7 22 15 12 -12 13 -14 -15 -16 -17 -18 -19 26 -21 -22 -23 -24 24 25 27 -28 -29 29 -31
leaf_value=0.048118384819119307 -0.0010098384285115627 0.07459005249966609 0.078342308650784828 0.011503049468074865 -0.056687694343168338 -0.03452545474923524 -0.034763838295125367 0.048118384819119307 0.025780005853795498 0.026549224357470327 0.048118384819119307 0.020935414521554903 -0.026366400008099783 0.029228203969754774 -0.066028511405584231 -0.012033553963294913 0.048118384819119307 0.041605401150484528 -0.003320938168861109 0.048118384819119307 -0.0049762122236288982 0.048118384819119307 0.02128798304235234 -0.017699234384476108 -0.018374051626784984 -0.036808967445768524 -0.012033553963294913 -0.024916397596084827 -0.019101812366244638 -0.014972531552332149
leaf_weight=21 25 27 20 20 20 37 24 22 28 30 22 29 28 36 20 29 22 28 38 42 23 22 22 471 154 20 28 27 38 168
leaf_count=21 25 27 20 20 20 37 24 22 28 30 22 29 28 36 20 29 22 28 38 42 23 22 22 471 154 20 28 27 38 168
internal_value=-0.00207545 -0.0157906 0.0199614 0.0178945 -0.0184477 0.0135505 0.00699152 0.0133979 0.00511819 0.0233178 0.0334208 0.0155168 0.000916279 0.00396223 -0.0145204 0.0106967 0.0160431 0.00720016 -0.0030284 0.0366549 0.0257523 0.0426704 0.0481184 -0.017589 -0.0180552 -0.0211663 -0.0120336 -0.0301506 -0.0171212 -0.0157674
internal_weight=1541 950 591 571 923 464 278 241 197 186 128 106 58 85 49 173 144 122 94 107 65 42 44 903 878 201 66 47 677 206
internal_count=1541 950 591 571 923 464 278 241 197 186 128 106 58 85 49 173 144 122 94 107 65 42 44 903 878 201 66 47 677 206
is_linear=0
shrinkage=0.05


Tree=54
num_leaves=31
num_cat=0
split_feature=7 9 17 8 6 6 6 1 3 3 6 6 6 6 3 9 14 8 6 13 8 8 3 3 8 3 8 6 8 6
split_gain=176.381 31.8304 18.3704 13.7655 11.2984 17.0864 28.7746 35.6422 12.9916 28.7899 12.2673 9.48585 16.1293 7.56808 25.3951 4.21066 1.20323 2.55854 3.51884 0.480716 0.174629 0.285747 0.157066 0.228817 0.21967 0.38657 0.247264 0.199863 0.258939 0.179939
threshold=0.68350000000000011 42.000000000000007 1.0000000180025095e-35 54.990000000000002 5.2559846234492413 6.8903903903903911 7.3300330033003309 7.9500000000000011 38.600000000000009 33.050000000000004 5.0986884820153238 5.7318352059925095 6.5608198924731198 5.9929577464788748 29.000000000000004 21.700000000000006 1.0000000180025095e-35 47.57 5.8366666666666678 1.0000000180025095e-35 29.840000000000007 31.335000000000004 62.95000000000001 79.550000000000011 39.175000000000004 75.15000000000002 35.885000000000012 5.5966101694915258 42.655000000000008 5.8756443298969083
decision_type=2 2 2 2 2 2 2 2 2 2 2 2 2 2 2 2 2 2 2 2 2 2 2 2 2 2 2 2 2 2
left_child=1 2 4 16 10 8 7 -7 9 13 -1 -4 -13 -6 -15 -14 19 -18 -19 20 -2 -22 -23 24 25 26 -24 -26 -29 -25
right_child=3 -3 11 -5 5 6 -8 -9 -10 -11 -12 12 15 14 -16 -17 17 18 -20 -21 21 22 23 29 27 -27 -28 28 -30 -31
leaf_value=0.01130431995099675 -0.010644737817690712 0.078882348634549793 0.047607322317801584 0.0012355028244692133 0.0012355028244692133 0.0012355028244692133 0.0012355028244692133 0.047607322317801584 0.0012355028244692133 0.047607322317801584 0.047607322317801584 0.0012355028244692133 0.026255506132925606 0.0012355028244692133 0.047607322317801584 0.047607322317801584 -0.017455944982293865 -0.047104290217643056 -0.019287558553477951 -0.018418800053250185 -0.021880666080032481 -0.019728230746191754 -0.019113495122856781 -0.018904712302217991 -0.011423016586654502 -0.007412772722866225 -0.010370020597060853 -0.021969317144885734 -0.014816962793655481 -0.015013009148832236
leaf_weight=33 27 21 27 20 20 21 33 67 226 33 25 33 26 20 25 21 154 20 29 198 21 26 20 64 40 39 21 20 87 124
leaf_count=33 27 21 27 20 20 21 33 67 226 33 25 33 26 20 25 21 154 20 29 198 21 26 20 64 40 39 21 20 87 124
internal_value=-0.0018748 0.0184341 0.0163323 -0.0159631 0.0123104 0.00958452 0.0256153 0.0416509 0.00357622 0.0199186 0.0330858 0.0351632 0.0249823 0.0012355 0.0217709 0.0438368 -0.0172338 -0.020719 -0.030816 -0.0161938 -0.0152791 -0.0155367 -0.0152184 -0.0149191 -0.0136857 -0.0112713 -0.0147929 -0.0149572 -0.0162198 -0.0163738
internal_weight=1541 631 610 910 503 445 121 88 324 98 58 107 80 65 45 47 890 203 49 687 489 462 441 415 227 80 41 147 107 188
internal_count=1541 631 610 910 503 445 121 88 324 98 58 107 80 65 45 47 890 203 49 687 489 462 441 415 227 80 41 147 107 188
is_linear=0
shrinkage=0.05


Tree=55
num_leaves=31
num_cat=0
split_feature=7 3 6 3 6 6 6 6 6 6 5 3 6 3 7 6 3 3 6 6 3 14 12 6 1 7 3 3 12 12
split_gain=205.047 17.1498 15.0557 39.822 35.7612 22.6351 21.3544 23.9632 28.2746 23.7133 35.3835 25.9218 19.3636 17.927 21.519 17.8367 47.4111 27.188 11.3817 27.0079 9.56159 4.96358 5.2347 4.95243 2.67722 2.49203 41.5849 1.42803 0.963716 0.341994
threshold=0.68350000000000011 91.350000000000009 6.8903903903903911 91.550000000000011 7.261089367253752 7.0385185185185195 6.6285602299451272 5.9022085610200374 6.1166747690811869 6.2095088819226767 596.30000000000018 91.950000000000017 5.7318352059925095 88.15000000000002 0.32600000000000001 5.5143622869708642 46.000000000000007 36.900000000000006 5.2559846234492413 5.1111660079051395 78.950000000000017 1.0000000180025095e-35 0.73105000000000009 5.3001750592112051 7.5500000000000007 0.45600000000000002 48.000000000000007 62.650000000000013 0.74825000000000008 0.95065000000000011
decision_type=2 2 2 2 2 2 2 2 2 2 2 2 2 2 2 2 2 2 2 2 2 2 2 2 2 2 2 2 2 2
left_child=2 21 6 4 5 -4 7 12 20 -10 -11 13 15 14 -12 17 -17 -1 19 -19 -9 22 -2 -23 -3 26 -8 -24 -25 -29
right_child=1 24 3 -5 -6 -7 25 8 9 10 11 -13 -14 -15 -16 16 -18 18 -20 -21 -22 23 27 28 -26 -27 -28 29 -30 -31
leaf_value=0.065367263258986216 0.0034402641784670551 -0.015738867919081738 0.01757427134617838 0.089849292903184039 0.0034402641784670551 0.075648703663468042 0.01328317876733119 0.04566711033902951 0.0034402641784670551 0.0034402641784670551 0.091505262893230757 0.029161262970983565 0.0034402641784670551 0.11227056360363366 0.029161262970983565 0.0034402641784670551 0.089663426019891426 0.0034402641784670551 0.0034402641784670551 0.065364827675767151 0.094025371962295462 -0.042486724337266711 -0.028410006429675456 -0.018824285263640654 0.0034402641784670551 0.0034402641784670551 0.083415860692839808 -0.014980720543887112 -0.029691302976347641 -0.018298938371490287
leaf_weight=20 32 33 32 28 52 36 28 20 27 29 20 20 37 20 20 22 29 34 45 25 23 32 24 133 21 22 22 463 27 118
leaf_count=20 32 33 32 28 52 36 28 20 27 29 20 20 37 20 20 22 29 34 45 25 23 32 24 133 21 22 22 463 27 118
internal_value=7.89649e-06 -0.0153967 0.0222772 0.0361922 0.0235662 0.0484589 0.0178115 0.0229588 0.0364387 0.0251746 0.0370909 0.0548823 0.0115418 0.0733944 0.0536001 0.0223024 0.0471989 0.0119926 0.00344026 0.0255012 0.0718073 -0.0172888 -0.0151392 -0.024383 0.00344026 0.00344026 0.0231261 -0.0161847 -0.0207067 -0.0156663
internal_weight=1494 883 611 148 120 68 463 391 179 136 109 80 212 60 40 175 51 124 104 59 43 829 637 192 54 72 50 605 160 581
internal_count=1494 883 611 148 120 68 463 391 179 136 109 80 212 60 40 175 51 124 104 59 43 829 637 192 54 72 50 605 160 581
is_linear=0
shrinkage=0.05


Tree=56
num_leaves=31
num_cat=0
split_feature=7 3 6 6 3 6 6 6 6 5 8 6 6 8 8 3 4 3 8 2 8 8 3 6 8 6 7 2 9 8
split_gain=176.696 16.1629 14.7314 38.1154 29.7121 20.0447 22.1575 26.4037 21.5828 32.0506 32.2421 17.8125 28.3141 17.7972 36.2256 8.61909 5.6259 2.84346 19.2793 4.87483 2.18579 1.72164 1.20857 0.666841 3.63391 0.471237 0.353209 0.133135 0.0828622 0.0792603
threshold=0.68350000000000011 91.350000000000009 6.8903903903903911 6.9710870169585775 91.550000000000011 6.6285602299451272 5.9022085610200374 6.1166747690811869 6.2095088819226767 596.30000000000018 1.7900000000000003 5.2559846234492413 5.0986884820153238 1.8300000000000003 10.100000000000001 78.950000000000017 2.5000000000000004 87.450000000000017 54.165000000000006 0.90500000000000014 0.68500000000000016 42.425000000000004 89.350000000000009 5.347685931383837 47.57 5.2120167815403065 0.45600000000000002 0.93500000000000016 13.950000000000001 52.165000000000006
decision_type=2 2 2 2 2 2 2 2 2 2 2 2 2 2 2 2 2 2 2 2 2 2 2 2 2 2 2 2 2 2
left_child=2 17 5 -4 13 6 11 15 -9 -10 20 12 -1 -5 -15 -8 22 18 23 -19 -11 -3 -13 24 25 28 -7 -21 -2 -25
right_child=1 21 3 4 -6 26 7 8 9 10 -12 16 -14 14 -16 -17 -18 19 -20 27 -22 -23 -24 29 -26 -27 -28 -29 -30 -31
leaf_value=0.0031294117938345809 -0.016023643980352904 -0.016060336155854043 0.098283699629318655 0.0029263092075948087 0.074118035017702089 0.020923420067080957 0.043395114908764014 0.0029263092075948087 0.0029263092075948087 0.046042137575375522 0.08457651981307418 0.0029263092075948087 0.068822675435147737 0.06367908574621696 0.0029263092075948087 0.089344454085801064 0.026602607003217257 0.0029263092075948087 -0.063532415140268486 -0.011377256423299446 0.027268216398940417 0.0029263092075948087 0.021662178828229763 -0.015072249228196803 -0.038082121120453956 -0.02137984316464633 0.0029263092075948087 -0.017146649474728267 -0.011555095443733477 -0.01874898159748449
leaf_weight=38 28 30 20 31 24 50 20 27 29 21 39 83 29 39 34 23 27 21 22 23 20 24 35 562 22 28 22 45 49 29
leaf_count=38 28 30 20 31 24 50 20 27 29 21 39 83 29 39 34 23 27 21 22 23 20 24 35 562 22 28 22 45 49 29
internal_value=-0.0002535 -0.0145599 0.0204125 0.0341732 0.024048 0.0159966 0.0211016 0.0340627 0.0231781 0.0346429 0.0516101 0.0101235 0.0316985 0.0123852 0.0300498 0.0682389 0.00292631 -0.0164245 -0.017446 -0.00786521 0.0272682 0.00292631 0.00292631 -0.0160183 -0.0194729 -0.0154938 0.00292631 -0.0152882 -0.0132635 -0.0152643
internal_weight=1494 883 611 148 128 463 391 179 136 109 80 212 67 104 73 43 145 829 740 89 41 54 118 718 127 105 72 68 77 591
internal_count=1494 883 611 148 128 463 391 179 136 109 80 212 67 104 73 43 145 829 740 89 41 54 118 718 127 105 72 68 77 591
is_linear=0
shrinkage=0.05


Tree=57
num_leaves=31
num_cat=0
split_feature=7 3 6 6 3 6 6 6 6 3 6 6 3 3 6 6 7 6 6 3 14 2 6 3 7 2 2 3 3 6
split_gain=153.442 15.2269 13.4942 34.9467 27.442 18.5617 19.8124 24.6057 19.9613 32.6796 16.6581 17.004 42.9195 25.2242 15.3083 40.9043 14.368 9.02816 22.2613 7.76883 4.34934 4.58354 4.30303 1.15069 0.87882 0.790182 0.2777 0.339932 0.398266 0.30692
threshold=0.68350000000000011 91.350000000000009 6.8903903903903911 6.9710870169585775 91.550000000000011 6.6285602299451272 5.9022085610200374 6.1166747690811869 6.5399074609600936 88.65000000000002 5.7318352059925095 5.5143622869708642 46.000000000000007 36.900000000000006 7.261089367253752 7.0871212121212137 0.23675000000000002 5.2559846234492413 5.1111660079051395 78.950000000000017 1.0000000180025095e-35 0.85500000000000009 5.3001750592112051 62.650000000000013 0.91825000000000012 0.8650000000000001 0.97500000000000009 77.850000000000009 76.950000000000017 5.5966101694915258
decision_type=2 2 2 2 2 2 2 2 2 2 2 2 2 2 2 2 2 2 2 2 2 2 2 2 2 2 2 2 2 2
left_child=2 20 5 -4 14 6 10 19 9 16 11 13 -13 -1 15 -5 -9 18 -15 -8 21 -2 -22 -23 -3 -24 27 28 29 -25
right_child=1 24 3 4 -6 -7 7 8 -10 -11 -12 12 -14 17 -16 -17 -18 -19 -20 -21 22 23 25 26 -26 -27 -28 -29 -30 -31
leaf_value=0.061194073412548837 0.0025416901051826812 0.0025416901051826812 0.093393961944390286 0.0025416901051826812 0.070427508509999986 0.0025416901051826812 0.041236153497031663 0.048316785336529472 0.058115038306442726 0.054651135732940316 0.0025416901051826812 0.0025416901051826812 0.084355071535225173 0.0025416901051826812 0.0025416901051826812 0.072688271971636034 0.0025416901051826812 0.0025416901051826812 0.058682181938473445 0.084896569421668067 -0.039111206791946823 -0.025563290442390314 -0.017087261043845836 -0.0084630217835488155 -0.014316880509606906 -0.026968779086351837 -0.016485686445329575 -0.014568114900912827 -0.006010305100897971 -0.014133188623071164
leaf_weight=20 32 20 20 22 24 72 20 21 29 33 37 22 29 34 52 30 53 45 25 23 32 24 133 39 34 27 118 295 27 102
leaf_count=20 32 20 20 22 24 72 20 21 29 33 37 22 29 34 52 30 53 45 25 23 32 24 133 39 34 27 118 295 27 102
internal_value=-0.000421279 -0.0137533 0.0188366 0.0320063 0.0223101 0.0146101 0.0196018 0.031858 0.0213505 0.0112947 0.00921965 0.0196213 0.0439231 0.00955859 0.011101 0.0322144 0.00254169 0.00254169 0.0224741 0.0648482 -0.0155902 -0.0135774 -0.0222313 -0.0145623 0.00254169 -0.0188018 -0.0140949 -0.0134714 -0.0115084 -0.0126074
internal_weight=1494 883 611 148 128 463 391 179 136 107 212 175 51 124 104 52 74 104 59 43 829 637 192 605 54 160 581 463 168 141
internal_count=1494 883 611 148 128 463 391 179 136 107 212 175 51 124 104 52 74 104 59 43 829 637 192 605 54 160 581 463 168 141
is_linear=0
shrinkage=0.05


Tree=58
num_leaves=31
num_cat=0
split_feature=8 5 8 3 8 7 3 8 8 9 3 8 0 3 3 8 3 6 6 6 7 6 3 8 14 8 0 4 8 9
split_gain=133.147 83.0961 36.6835 13.8483 28.3422 28.5103 34.6832 27.8385 49.2761 33.268 26.2633 17.0784 15.4597 17.1109 10.9839 10.5945 8.66895 7.85545 6.82474 6.72477 4.82496 2.25396 17.7368 6.02383 0.736922 2.35059 0.445598 0.195159 0.306972 0.102142
threshold=13.245000000000003 814.50000000000011 12.210000000000003 84.950000000000017 2.0850000000000004 0.46025000000000005 92.65000000000002 5.4200000000000008 6.0750000000000011 20.050000000000004 88.550000000000011 0.71500000000000019 49.500000000000007 38.600000000000009 48.000000000000007 54.165000000000006 44.350000000000001 6.5235814296241719 6.2095088819226767 6.4967532467532481 0.43950000000000006 7.1837823054833869 60.850000000000001 33.380000000000003 1.0000000180025095e-35 49.295000000000009 36.500000000000007 1.5000000000000002 43.695000000000007 24.250000000000004
decision_type=2 2 2 2 2 2 2 2 2 2 2 2 2 2 2 2 2 2 2 2 2 2 2 2 2 2 2 2 2 2
left_child=2 15 3 7 5 10 18 9 -9 16 20 -8 -10 19 -15 21 -1 -12 -7 -14 -5 22 -2 -23 26 27 -24 28 -26 -28
right_child=1 -3 -4 4 -6 6 11 8 12 -11 17 -13 13 14 -16 -17 -18 -19 -20 -21 -22 23 24 -25 25 -27 29 -29 -30 -31
leaf_value=-0.021752358634042512 0.026104396476101178 0.067019722185959321 0.082090938441893635 0.040855484091418551 0.079689744227870382 -0.052854396817767019 0.018774045594522767 0.087955894162751957 -0.029568158109466752 0.026552436126774527 0.072468839685513278 -0.02035059799702036 0.049447034496016513 -0.0074461234673266459 0.020929325794375786 -0.048340264130464355 -0.066754029833135151 0.038425559529139917 -0.012479809148987728 0.014459769743112114 0.018774045594522767 -0.045834579448498301 -0.01618586741472142 -0.014127464608987422 -0.013977913088319974 -0.031105957068915294 -0.012974927766690087 -0.012953595896172157 -0.022790913506230314 -0.0092711204977352722
leaf_weight=21 22 32 22 32 21 23 55 22 23 25 38 28 34 38 38 23 23 33 20 24 31 20 138 63 33 27 449 85 20 31
leaf_count=21 22 32 22 32 21 23 55 22 23 25 38 28 34 38 38 23 23 33 20 24 31 20 138 63 33 27 449 85 20 31
internal_value=-0.000609222 -0.012022 0.0189125 0.0162605 0.0238675 0.0193106 0.00218876 0.00761513 0.0180281 -0.019313 0.0353593 0.018774 0.00814777 0.0146759 -0.000874962 -0.0148109 -0.0454874 0.0567925 -0.0342641 0.0351054 0.018774 -0.0139315 -0.0131038 -0.0218739 -0.0143618 -0.0174506 -0.0135264 -0.0147221 -0.0174344 -0.0127481
internal_weight=1494 943 551 529 281 260 126 248 179 69 134 83 157 134 76 911 44 71 43 58 63 888 805 83 783 165 618 138 53 480
internal_count=1494 943 551 529 281 260 126 248 179 69 134 83 157 134 76 911 44 71 43 58 63 888 805 83 783 165 618 138 53 480
is_linear=0
shrinkage=0.05


Tree=59
num_leaves=31
num_cat=0
split_feature=8 0 8 2 3 3 8 3 8 7 3 3 3 8 3 3 9 7 8 3 3 16 8 8 3 8 8 3 8 3
split_gain=119.816 75.6438 33.511 21.598 19.6517 33.8306 10.0536 29.5803 25.5715 24.2049 24.4344 18.088 17.9698 12.6434 12.1172 7.91814 7.39052 3.95686 3.65336 4.10779 1.8887 0.490775 0.943355 0.208163 1.00348 0.278159 0.204004 0.135158 0.123998 0.0753262
threshold=13.245000000000003 75.500000000000014 11.350000000000001 0.17500000000000002 31.450000000000003 40.350000000000001 4.1950000000000012 84.950000000000017 2.0850000000000004 0.46025000000000005 88.550000000000011 45.350000000000001 92.65000000000002 0.71500000000000019 50.650000000000013 89.850000000000009 29.550000000000008 0.43950000000000006 54.165000000000006 39.600000000000009 60.850000000000001 1.0000000180025095e-35 52.165000000000006 43.695000000000007 76.250000000000014 46.975000000000009 31.335000000000004 83.750000000000014 29.840000000000007 76.750000000000014
decision_type=2 2 2 2 2 2 2 2 2 2 2 2 2 2 2 2 2 2 2 2 2 2 2 2 2 2 2 2 2 2
left_child=2 16 3 4 -1 -6 7 -7 9 10 17 -8 -11 -14 -13 -12 18 -9 19 -2 -21 22 23 26 -25 -26 28 -27 -22 -23
right_child=1 -3 -4 -5 5 6 11 8 -10 12 15 14 13 -15 -16 -17 -18 -19 -20 20 21 29 -24 24 25 27 -28 -29 -30 -31
leaf_value=0.051765630986746837 -0.036198639736246707 0.082159292839149731 0.063866048400614148 -0.025060446360772273 -0.0039065936726648005 -0.0039065936726648005 0.075823130681051454 0.038819073228821201 0.075724142125997485 -0.0039065936726648005 0.069239387076224207 -0.0039065936726648005 0.017870775790992163 -0.0039065936726648005 0.039831324660871914 0.035034138363469795 0.016324358481672865 0.017870775790992163 -0.033601375956752978 0.0010458040851328454 -0.013561643260252325 -0.01192150512083096 -0.025243025425061655 -0.023442254712548426 -0.016046440454020459 -0.0083490255032736375 -0.012577485262479263 -0.013295375538858968 -0.018546936382973823 -0.0090517991404696109
leaf_weight=38 20 21 37 32 47 32 21 32 21 43 39 25 55 28 38 32 20 31 24 20 47 148 20 34 71 33 356 44 34 51
leaf_count=38 20 21 37 32 47 32 21 32 21 43 39 25 55 28 38 32 20 31 24 20 47 148 20 34 71 33 356 44 34 51
internal_value=-0.000590851 -0.0114173 0.0179276 0.0145992 0.0172473 0.0142707 0.0202307 0.0160704 0.0226967 0.018367 0.0331553 0.0356358 0.00258626 0.0178708 0.0220618 0.0539642 -0.0135628 0.0178708 -0.0142328 -0.0136939 -0.0131593 -0.0135229 -0.0142316 -0.0138637 -0.0154748 -0.0135961 -0.0131779 -0.0112539 -0.0157362 -0.0112161
internal_weight=1494 943 551 514 482 444 397 313 281 260 134 84 126 83 63 71 922 63 902 878 858 838 639 619 182 148 437 77 81 199
internal_count=1494 943 551 514 482 444 397 313 281 260 134 84 126 83 63 71 922 63 902 878 858 838 639 619 182 148 437 77 81 199
is_linear=0
shrinkage=0.05


Tree=60
num_leaves=31
num_cat=0
split_feature=7 3 6 6 6 3 0 0 3 8 3 0 8 4 6 6 8 8 3 8 6 8 3 6 14 8 3 8 6 3
split_gain=80.6759 23.8476 43.2609 40.5259 48.8908 40.0101 16.3001 14.8947 7.10671 6.35329 17.1691 6.06485 18.862 5.49701 14.2502 9.77748 4.47367 16.9937 4.12059 21.8373 5.15169 3.30736 1.26546 0.893769 1.23928 0.261872 0.125387 0.225726 0.187157 0.185393
threshold=0.46625000000000005 87.350000000000009 7.2767145135566205 5.9022085610200374 6.4794366197183111 89.850000000000009 82.500000000000014 88.500000000000014 90.750000000000014 2.0850000000000004 94.050000000000011 63.500000000000007 54.165000000000006 1.5000000000000002 7.0139561930606726 5.559732664995825 7.1750000000000007 10.855000000000002 49.850000000000001 4.1950000000000012 5.3883861236802426 8.6650000000000009 63.750000000000007 5.347685931383837 1.0000000180025095e-35 45.520000000000003 79.550000000000011 48.615000000000002 5.5747210804462721 78.950000000000017
decision_type=2 2 2 2 2 2 2 2 2 2 2 2 2 2 2 2 2 2 2 2 2 2 2 2 2 2 2 2 2 2
left_child=1 6 3 8 -5 -6 13 9 -3 10 -2 12 22 14 15 21 -17 -18 20 -20 -15 -1 -11 24 25 -24 28 -28 -25 -30
right_child=7 2 -4 4 5 -7 -8 -9 -10 11 -12 -13 -14 18 -16 16 17 -19 19 -21 -22 -23 23 26 -26 -27 27 -29 29 -31
leaf_value=0.02526991012243128 -0.066001576500300738 0.028488099960337545 0.0010240296149066838 0.13653023035372075 0.087392163462163996 0.0010240296149066838 0.046523645198691434 0.0010240296149066838 0.0010240296149066838 -0.0094864389790146331 -0.0064412699227739392 -0.0058599638170018257 -0.056817591765362198 0.02526991012243128 0.02526991012243128 0.0010240296149066838 0.02526991012243128 0.0010240296149066838 0.0010240296149066838 0.02526991012243128 0.0010240296149066838 0.0045971491072901438 -0.014974296966339557 -0.0094864389790146331 -0.024979752763610589 -0.0094864389790146331 -0.013116042268547248 -0.0094864389790146331 -0.012223547987398081 -0.0094864389790146331
leaf_weight=21 20 32 20 20 24 22 24 38 20 39 31 21 24 23 22 39 22 23 26 36 129 20 93 34 33 23 310 35 264 53
leaf_count=21 20 32 20 20 24 22 24 38 20 39 31 21 24 23 22 39 22 23 26 36 129 20 93 34 33 23 310 35 264 53
internal_value=-0.00285236 0.0131028 0.0309387 0.0453198 0.0713158 0.0426185 0.00669037 -0.0110548 0.0121554 -0.012744 -0.0299796 -0.0117893 -0.0131129 0.00401618 0.0117633 0.00286863 0.00102403 0.0211901 0.00102403 0.0146047 0.00102403 0.0252699 -0.0119144 -0.0126184 -0.0162341 -0.0136837 -0.0118349 -0.0126331 -0.0110327 -0.011596
internal_weight=1541 523 138 118 66 46 385 1018 52 980 51 929 908 361 147 125 84 45 214 62 152 41 884 845 149 116 696 345 351 317
internal_count=1541 523 138 118 66 46 385 1018 52 980 51 929 908 361 147 125 84 45 214 62 152 41 884 845 149 116 696 345 351 317
is_linear=0
shrinkage=0.05


Tree=61
num_leaves=31
num_cat=0
split_feature=8 5 8 8 6 6 6 8 6 8 0 4 8 7 0 6 6 15 4 6 7 6 6 8 6 8 6 9 8 6
split_gain=70.4399 63.7755 15.2871 14.8653 18.3017 18.3345 54.529 31.9664 27.1389 27.0546 25.0535 24.1537 26.06 36.1541 12.7357 11.8567 40.072 25.4804 20.729 44.9586 31.0744 16.4925 11.2658 20.759 28.3302 10.281 2.51904 0.701234 0.386772 1.71675
threshold=13.245000000000003 819.9000000000002 18.365000000000006 12.210000000000003 5.0388437217705517 5.9022085610200374 6.1258802816901419 0.82500000000000018 5.4950004950004958 10.370000000000003 79.500000000000014 2.5000000000000004 9.0050000000000008 0.4572500000000001 60.500000000000007 6.7433051444679366 6.8903903903903911 1.0000000180025095e-35 1.5000000000000002 7.1073190789473699 0.4542500000000001 7.208254766394302 6.2359266287160038 4.6500000000000012 6.4640305493964041 54.165000000000006 6.5608198924731198 26.050000000000001 48.920000000000009 5.7089947089947097
decision_type=2 2 2 2 2 2 2 2 2 2 2 2 2 2 2 2 2 2 2 2 2 2 2 2 2 2 2 2 2 2
left_child=3 2 -2 4 -1 7 10 8 -6 15 -7 12 13 14 -9 17 -17 22 19 -18 21 -20 -8 -24 -25 27 -19 28 -4 -30
right_child=1 -3 25 -5 5 6 9 11 -10 -11 -12 -13 -14 -15 -16 16 18 26 20 -21 -22 -23 23 24 -26 -27 -28 -29 29 -31
leaf_value=0.054184773982380308 -0.051981529082909997 0.055211517940729093 -0.011323104994087676 0.051462927137025341 -0.0030255008577170527 0.030843381164393897 -0.02591789249163955 0.00077668113565920207 -0.083586328317768757 -0.046385028297545143 0.10785784678376137 0.05294398768639668 -0.054764782318576649 -0.050702187481952536 0.044260176743768975 -0.050401829197953309 -0.01516526646523679 0.067329218902101556 0.051164735567111236 0.082067297272576611 -0.052187617938982411 -0.0079529275516589792 -0.012662105221948734 0.0019051353806529303 0.082598714745459864 -0.043981696582172963 0.041311278344212075 -0.003798298201736338 -0.028072466794864755 -0.011111453313738787
leaf_weight=22 25 35 766 22 21 23 20 30 21 22 20 23 20 20 39 30 21 20 22 27 22 25 35 24 20 25 22 31 20 68
leaf_count=22 25 35 766 22 21 23 20 30 21 22 20 23 20 20 39 30 21 20 22 27 22 25 35 24 20 25 22 31 20 68
internal_value=-0.00272727 -0.0109313 -0.0134182 0.0112003 0.00956863 0.00768668 0.014237 -0.00557403 -0.0435275 0.00689024 0.0669472 0.00648805 -0.0033083 0.00824733 0.0254552 0.0109919 0.00101779 0.021347 0.0142768 0.039481 -0.00321598 0.0196629 0.0074244 0.0159508 0.0388015 -0.0123477 0.05395 -0.0114436 -0.0117148 -0.0150505
internal_weight=1541 970 935 571 549 527 353 174 42 310 43 132 109 89 69 288 147 141 117 48 69 47 99 79 44 910 42 885 854 88
internal_count=1541 970 935 571 549 527 353 174 42 310 43 132 109 89 69 288 147 141 117 48 69 47 99 79 44 910 42 885 854 88
is_linear=0
shrinkage=0.05


Tree=62
num_leaves=31
num_cat=0
split_feature=8 5 8 8 6 8 6 6 8 3 3 9 6 6 4 7 3 6 6 6 6 4 7 8 3 8 3 6 8 3
split_gain=63.5985 57.5771 13.8005 13.4203 16.5239 16.7764 16.9591 41.4602 37.1519 36.2012 35.2215 60.9863 55.9129 32.8135 28.8304 26.2525 25.3576 40.5042 24.4969 23.2719 16.6769 10.6112 22.6432 20.7816 14.414 9.28088 5.52822 0.695648 2.05104 0.433337
threshold=13.245000000000003 819.9000000000002 18.365000000000006 12.210000000000003 5.0388437217705517 7.5750000000000011 5.9022085610200374 6.2751859364435445 0.82500000000000018 87.15000000000002 89.850000000000009 19.900000000000002 7.0953956437827417 6.9528371407516598 1.5000000000000002 0.45875000000000005 41.350000000000001 5.4250427013533056 5.4950004950004958 6.6285602299451272 6.8156843156843179 1.5000000000000002 0.25925000000000004 8.9000000000000021 40.350000000000001 54.165000000000006 61.45000000000001 5.2299154334038063 47.525000000000013 87.350000000000009
decision_type=2 2 2 2 2 2 2 2 2 2 2 2 2 2 2 2 2 2 2 2 2 2 2 2 2 2 2 2 2 2
left_child=3 2 -2 4 -1 6 8 9 18 -8 11 12 19 -13 -12 16 -10 -18 -6 -9 -16 22 -7 -23 -25 26 -4 28 29 -28
right_child=1 -3 25 -5 5 21 7 10 15 -11 14 13 -14 -15 20 -17 17 -19 -20 -21 -22 23 -24 24 -26 -27 27 -29 -30 -31
leaf_value=0.051487791983250576 -0.049392806599102168 0.0524588069897092 0.014320361727773616 0.048901425821209377 -0.0028749429854736507 0.047499246386837612 0.016248666379869599 -0.004900246007101876 -3.4938033309966923e-05 0.094837997977519739 0.016369055254565761 0.090197838673277589 0.027212936342526212 0.027212936342526212 -0.0085893350631281087 -0.030145241870425055 -3.4938033309966923e-05 0.085966482865728944 -0.079426818747091066 -0.075481918794238212 -0.068792573211293562 -0.06467025106522574 -0.022104860423668021 -0.030157809901511529 0.023438202753601232 -0.041791371855721529 -0.010334486680153561 -0.010891744925708883 -0.02990528978592721 -0.019033404562010695
leaf_weight=22 25 35 21 22 21 21 29 23 21 30 38 39 20 22 21 24 20 31 21 24 26 20 26 26 24 25 81 743 20 20
leaf_count=22 25 35 21 22 21 21 29 23 21 30 38 39 20 22 21 24 20 31 21 24 26 20 26 26 24 25 81 743 20 20
internal_value=-0.00259068 -0.0103863 -0.0127495 0.010643 0.00909215 0.00730339 0.0120738 0.0193167 -0.00216969 0.0563868 0.0090034 0.0255791 -0.00728929 0.0617152 -0.0158996 0.0149525 0.0300754 0.0501628 -0.0413674 -0.0411318 -0.0420748 -0.00936663 0.00892351 -0.0217137 -0.00433649 -0.011732 -0.0108725 -0.0114922 -0.0151263 -0.0121236
internal_weight=1541 970 935 571 549 527 410 272 138 59 213 128 67 61 85 96 72 51 42 47 47 117 47 70 50 910 885 864 121 101
internal_count=1541 970 935 571 549 527 410 272 138 59 213 128 67 61 85 96 72 51 42 47 47 117 47 70 50 910 885 864 121 101
is_linear=0
shrinkage=0.05


Tree=63
num_leaves=31
num_cat=0
split_feature=8 5 6 6 3 7 3 6 8 8 3 9 6 6 3 6 6 6 3 8 8 8 5 5 8 3 6 14 8 6
split_gain=57.4277 51.981 12.8754 38.9571 26.3677 19.5405 43.7348 18.5349 18.4382 17.853 23.2618 55.5467 43.6651 44.8386 29.3433 27.3847 21.7139 19.6677 16.6612 16.3228 17.8818 12.4584 12.4009 12.2216 8.37803 4.99317 0.634315 1.13758 0.173298 0.172724
threshold=13.245000000000003 819.9000000000002 5.9022085610200374 6.1258802816901419 78.950000000000017 0.3362500000000001 86.250000000000014 5.5747210804462721 11.165000000000001 7.5750000000000011 89.950000000000017 19.900000000000002 7.0953956437827417 6.7974358974358982 94.050000000000011 6.9528371407516598 6.5235814296241719 6.6530054644808763 40.650000000000013 9.0050000000000008 4.9250000000000016 18.365000000000006 988.64999999999998 592.60000000000002 54.165000000000006 61.45000000000001 5.347685931383837 1.0000000180025095e-35 45.520000000000003 5.5413546076196694
decision_type=2 2 2 2 2 2 2 2 2 2 2 2 2 2 2 2 2 2 2 2 2 2 2 2 2 2 2 2 2 2
left_child=2 21 5 4 -4 19 -7 -8 9 10 11 12 13 23 17 16 -13 -12 -11 20 -1 -2 -19 -5 25 -23 27 28 -27 -28
right_child=1 -3 3 8 -6 6 7 -9 -10 18 14 15 -14 -15 -16 -17 -18 22 -20 -21 -22 24 -24 -25 -26 26 29 -29 -30 -31
leaf_value=0.0030437376068170323 -0.046933006973143114 0.04984334014778017 0.016049472090616749 -0.025234045733266805 0.093445637299720039 -0.078697112829411192 0.0018222451591140374 -0.040334392941317798 0.054808702499945572 -0.038687841622334601 0.01357645344531247 0.042796797859725226 0.027263236280202864 -0.089143067398178039 0.032476127856797342 0.027263236280202864 0.11253179857930339 -0.074922049746139724 0.016054443057575914 0.0018222451591140374 0.059675305747540201 0.013607736909017188 -0.02006240150642611 0.027263236280202864 -0.039710129098410152 -0.012625800485426858 -0.0073119704776704823 -0.022322981005106851 -0.0073164673106544511 -0.010507915645030404
leaf_weight=25 25 35 20 20 25 21 67 26 21 37 20 21 20 20 31 22 25 20 22 34 32 21 22 20 25 97 58 33 25 651
leaf_count=25 25 35 20 20 25 21 67 26 21 37 20 21 20 20 31 22 25 20 22 34 32 21 22 20 25 97 58 33 25 651
internal_value=-0.00246033 -0.00986821 0.0101147 0.0157327 0.0592701 5.75363e-05 -0.0137049 0.000985839 0.00959716 0.00639848 0.0124459 0.0247611 -0.00342782 -0.0282122 -0.00710438 0.0579543 0.0809666 -0.0269956 -0.0181982 0.0173494 0.0349733 -0.0121138 -0.0464207 0.00227485 -0.0111467 -0.0103298 -0.0109189 -0.0139168 -0.0115857 -0.0102546
internal_weight=1541 970 571 366 45 205 114 93 321 300 241 148 80 60 93 68 46 62 59 91 57 935 42 40 910 885 864 155 122 709
internal_count=1541 970 571 366 45 205 114 93 321 300 241 148 80 60 93 68 46 62 59 91 57 935 42 40 910 885 864 155 122 709
is_linear=0
shrinkage=0.05


Tree=64
num_leaves=31
num_cat=0
split_feature=8 5 7 3 3 9 6 6 8 8 8 4 8 3 3 6 8 3 3 6 6 6 6 3 8 8 3 3 6 8
split_gain=52.3759 46.9293 11.7353 29.5357 20.6828 15.4305 27.4528 53.8852 17.6843 11.2466 7.56276 6.5494 8.18422 4.51012 2.1172 0.575777 1.84891 0.399954 0.1616 0.393158 0.206863 0.150685 0.148267 0.142794 0.108642 0.0973042 0.152054 0.0868574 0.228929 0.0834098
threshold=13.245000000000003 819.9000000000002 0.46625000000000005 93.250000000000014 91.550000000000011 19.550000000000004 6.38604839526172 6.9528371407516598 1.6900000000000002 18.365000000000006 54.165000000000006 1.5000000000000002 0.80500000000000016 61.45000000000001 88.250000000000014 5.2299154334038063 47.525000000000013 87.350000000000009 79.550000000000011 5.5747210804462721 5.693376068376069 5.9929577464788748 5.4250427013533056 88.550000000000011 39.175000000000004 48.615000000000002 87.450000000000017 90.15000000000002 6.5235814296241719 40.305000000000007
decision_type=2 2 2 2 2 2 2 2 2 2 2 2 2 2 2 2 2 2 2 2 2 2 2 2 2 2 2 2 2 2
left_child=2 9 4 -4 5 11 14 8 -8 -2 13 12 -1 -11 -7 16 17 -15 19 22 23 29 -17 24 -20 26 -23 -28 -29 -22
right_child=1 -3 3 -5 -6 6 7 -9 -10 10 -12 -13 -14 15 -16 18 -18 -19 20 -21 21 25 -24 -25 -26 -27 27 28 -30 -31
leaf_value=0.003544372513985899 -0.044595704732306923 0.04735827264972986 -0.048879787119482931 0.003544372513985899 0.056303311513301514 0.012393374238544398 0.11862050907232274 0.012393374238544398 0.052684930169204773 0.012930574073451814 -0.037732532863093325 0.003544372513985899 0.012393374238544398 -0.0091211230873041848 0.033089009807118624 -0.0070629129222176418 -0.027717494794088811 -0.017458319945714961 -0.018674651739090237 -0.009678256701715451 -0.0042736375341992571 -0.011993157582205741 -0.0013916095630244702 -0.0092740293564993088 -0.012218541913419898 -0.0072038312535412947 -0.0066869389787918808 -0.014794448181171323 -0.0067858609979673905 -0.0094420079709452327
leaf_weight=42 25 35 30 69 26 87 20 35 22 21 25 74 139 81 27 32 20 20 20 326 22 149 22 20 23 29 37 20 23 20
leaf_count=42 25 35 30 69 26 87 20 35 22 21 25 74 139 81 27 32 20 20 20 326 22 149 22 20 23 29 37 20 23 20
internal_value=-0.00230157 -0.00937626 0.0097075 -0.00590444 0.0129932 0.0104451 0.0212424 0.0453488 0.0844088 -0.0115102 -0.010591 0.00354437 0.0123934 -0.00981442 0.0123934 -0.0103745 -0.0136892 -0.0108371 -0.00982616 -0.00900698 -0.0106672 -0.0100442 -0.00485165 -0.0135343 -0.0153738 -0.0105386 -0.0109358 -0.00889148 -0.0106525 -0.00687011
internal_weight=1541 970 571 99 472 446 191 77 42 935 910 255 181 885 114 864 121 101 743 380 363 300 54 63 43 258 229 80 43 42
internal_count=1541 970 571 99 472 446 191 77 42 935 910 255 181 885 114 864 121 101 743 380 363 300 54 63 43 258 229 80 43 42
is_linear=0
shrinkage=0.05


Tree=65
num_leaves=31
num_cat=0
split_feature=8 5 6 2 6 6 6 7 3 3 8 6 6 8 6 8 3 7 3 6 7 3 6 8 3 8 3 6 8 9
split_gain=91.4813 74.5797 28.3608 64.2207 25.0044 37.9831 54.6494 40.203 39.5014 33.5588 49.6965 20.0549 17.7206 15.6838 15.2063 18.7839 31.0294 51.5322 23.0899 18.2602 17.9917 29.2329 8.34109 6.75195 3.34034 1.54361 4.90422 0.502252 0.671327 0.402402
threshold=13.245000000000003 814.50000000000011 5.3353783231083849 0.095000000000000015 6.5919899874843564 7.0202536824877262 6.9604037267080754 0.45875000000000005 48.000000000000007 91.550000000000011 1.5300000000000002 6.5030120481927725 7.261089367253752 0.9900000000000001 5.5966101694915258 1.7500000000000002 88.550000000000011 0.46625000000000005 54.45000000000001 5.5143622869708642 0.29475000000000007 37.850000000000001 6.1258802816901419 18.365000000000006 61.45000000000001 52.165000000000006 75.750000000000014 5.0520889853499744 37.405000000000008 25.700000000000006
decision_type=2 2 2 2 2 2 2 2 2 2 2 2 2 2 2 2 2 2 2 2 2 2 2 2 2 2 2 2 2 2
left_child=2 23 3 13 11 6 7 8 -6 10 -7 14 -12 -1 19 16 -16 -18 20 -4 21 22 -17 -2 -25 27 -27 28 -26 -29
right_child=1 -3 4 -5 5 9 -8 -9 -10 -11 12 -13 -14 -15 15 18 17 -19 -20 -21 -22 -23 -24 24 25 26 -28 29 -30 -31
leaf_value=-0.010371492017721718 -0.034705898929321043 0.062727865189767945 0.02833298446399023 -0.072582620250342955 -0.012705784275956545 -0.040471710693572277 -0.084472935897479118 -0.052984824769587303 0.063685271756166423 0.080634283001323137 0.073258483006184788 0.073061672815317599 0.012806988127251385 0.043198073482045234 -0.046998290098332736 0.015130942504174801 0.070448269307393424 -0.028915389291793703 0.079439527497572049 0.087364398282003625 -0.0078761400417004055 0.084428523919161627 0.047470821006529364 0.010309398400398037 -0.0081831604732104032 -0.031595357015977502 -0.0016244616163282313 -0.0095148035221059267 -0.019976743080759307 -0.0028893019268967182
leaf_weight=23 28 36 36 27 25 27 21 21 33 25 25 27 24 33 23 20 27 25 22 21 32 22 20 20 25 31 25 759 28 26
leaf_count=23 28 36 36 27 25 27 21 21 33 25 25 27 24 33 23 20 27 25 22 21 32 22 20 20 25 31 25 759 28 26
internal_value=0.00143633 -0.0077822 0.0175721 -0.00934674 0.0222774 0.00883253 -0.0129706 0.00605596 0.0275733 0.0304607 0.0138062 0.0320794 0.0438378 0.0211279 0.0275699 0.0207424 0.00116793 0.0226175 0.0333433 0.0502839 0.0224288 0.038138 0.0151309 -0.0104885 -0.00973746 -0.0101926 -0.0183314 -0.00964067 -0.0145338 -0.00930212
internal_weight=1537 978 559 83 476 201 100 79 58 101 76 275 49 56 248 191 75 52 116 57 94 62 40 942 914 894 56 838 53 785
internal_count=1537 978 559 83 476 201 100 79 58 101 76 275 49 56 248 191 75 52 116 57 94 62 40 942 914 894 56 838 53 785
is_linear=0
shrinkage=0.05


Tree=66
num_leaves=31
num_cat=0
split_feature=3 8 5 6 2 7 6 6 9 3 8 3 3 6 8 3 4 8 8 8 3 8 14 6 8 9 13 2 6 8
split_gain=86.3776 73.5742 29.9364 20.896 59.2463 23.3916 18.9138 19.9451 17.1576 19.4609 16.634 24.8587 20.7144 17.9405 27.6067 13.8906 13.1372 12.8885 6.09408 4.99365 3.01785 1.39335 5.80797 0.452825 0.603326 0.361338 0.270428 0.254018 0.138884 0.164522
threshold=96.100000000000009 13.245000000000003 814.50000000000011 5.3353783231083849 0.095000000000000015 0.47475000000000006 6.5919899874843564 6.5030120481927725 20.500000000000004 86.250000000000014 1.3900000000000003 54.45000000000001 91.15000000000002 5.8561221975856137 6.2700000000000014 32.350000000000001 1.5000000000000002 0.9900000000000001 18.365000000000006 0.68500000000000016 61.45000000000001 52.165000000000006 1.0000000180025095e-35 5.0520889853499744 37.405000000000008 25.700000000000006 1.0000000180025095e-35 0.97500000000000009 5.3745748299319738 30.09
decision_type=2 2 2 2 2 2 2 2 2 2 2 2 2 2 2 2 2 2 2 2 2 2 2 2 2 2 2 2 2 2
left_child=1 3 18 4 17 6 7 10 16 -10 12 13 -5 14 -12 -15 19 -1 -3 -8 -20 23 -23 24 -22 26 27 28 -25 -30
right_child=-2 2 -4 5 -6 -7 8 -9 9 -11 11 -13 -14 15 -16 -17 -18 -19 20 -21 21 22 -24 25 -26 -27 -28 -29 29 -31
leaf_value=-0.0095796263373609802 0.099471057595777831 -0.032976778452135487 0.037038498541653329 -0.00090084855079225761 -0.068966882409204858 -0.023671312761366171 -0.00090084855079225761 0.072146233973375218 0.067900131036450859 0.01526168914786722 0.089781155574943206 0.070877440868201608 0.042705437446275529 0.041501498744951036 0.015331081485441645 -0.00090084855079225761 -0.00090084855079225761 0.041044695828436367 0.0097964930185927678 0.01526168914786722 -0.0077756324987042231 -0.0042717986600883193 -0.037408048232000134 -0.009750752084199666 -0.018981460451390396 -0.0027453902355926933 -0.010925452611970428 -0.011435274880604944 -0.00589225813442836 -0.0080133884613914404
leaf_weight=20 22 28 35 44 27 30 25 26 23 35 21 37 29 21 31 44 43 33 20 49 25 34 22 68 28 26 168 73 24 426
leaf_count=20 22 28 35 44 27 30 25 26 23 35 21 37 29 21 31 44 43 33 20 49 25 34 22 68 28 26 168 73 24 426
internal_value=0.00133455 -9.37055e-05 -0.00827333 0.0147499 -0.0087762 0.0188712 0.0218696 0.0306178 0.00918335 0.0314242 0.0258096 0.0351305 0.0060568 0.0237323 0.045608 0.00611178 -0.000900849 0.021865 -0.00996596 0.0152617 -0.00925203 -0.00968481 -0.0174222 -0.00915977 -0.0138145 -0.00883742 -0.00903913 -0.00849269 -0.00806623 -0.00768303
internal_weight=1537 1515 977 538 80 458 428 253 175 58 227 154 73 117 52 65 117 53 942 74 914 894 56 838 53 785 759 591 518 450
internal_count=1537 1515 977 538 80 458 428 253 175 58 227 154 73 117 52 65 117 53 942 74 914 894 56 838 53 785 759 591 518 450
is_linear=0
shrinkage=0.05


Tree=67
num_leaves=31
num_cat=0
split_feature=3 7 8 8 4 6 6 6 3 3 9 8 9 6 0 6 6 8 3 14 3 3 8 3 8 3 6 6 3 8
split_gain=79.5921 61.3775 16.7907 21.1192 35.2103 18.5764 44.1885 17.2758 15.7278 11.2053 9.80172 16.5947 3.18442 16.7366 2.96308 0.890749 5.09581 0.815024 2.45123 1.49073 0.846696 0.500053 0.33067 0.144538 0.391235 0.297091 0.275057 0.350914 0.16886 0.227557
threshold=95.050000000000011 0.47475000000000006 6.2700000000000014 1.7500000000000002 1.5000000000000002 6.065203928160666 6.6285602299451272 5.2559846234492413 93.050000000000011 48.000000000000007 22.900000000000002 27.895000000000003 23.300000000000001 6.1853256021409466 66.500000000000014 5.9022085610200374 6.5919899874843564 49.295000000000009 82.15000000000002 1.0000000180025095e-35 63.750000000000007 70.050000000000011 29.445000000000004 83.750000000000014 47.815000000000012 89.250000000000014 5.693376068376069 6.0928520114942541 82.250000000000014 46.555000000000007
decision_type=2 2 2 2 2 2 2 2 2 2 2 2 2 2 2 2 2 2 2 2 2 2 2 2 2 2 2 2 2 2
left_child=1 2 3 7 9 -6 -7 -1 -9 -5 11 -3 15 -14 -12 -4 -17 20 19 21 -13 -19 -22 24 28 26 -25 -28 29 -24
right_child=-2 10 12 4 5 6 -8 8 -10 -11 14 17 13 -15 -16 16 -18 18 -20 -21 22 -23 23 25 -26 -27 27 -29 -30 -31
leaf_value=0.047964017034661723 0.080368086513898485 -0.049276698497748461 0.0023228683677719887 0.04809336401683427 0.0023228683677719887 0.093467527677380077 0.0023228683677719887 0.0023228683677719887 0.037656821791558437 0.10027361144473897 -0.0038280408408139345 -0.0038280408408139345 0.045954310496328726 0.0084455719574783629 0.0023228683677719887 0.0084455719574783629 0.0023228683677719887 -0.018122349524893704 -0.0038280408408139345 -0.028117058106168671 -0.0038280408408139345 -0.0077636179729659791 -0.0085465570424889201 -0.015302666458690342 -0.0038280408408139345 -0.0071387042495699845 -0.0038280408408139345 -0.011280124171898765 -0.0053106199604089476 -0.014192724574306701
leaf_weight=26 31 26 49 23 39 21 25 149 32 20 79 20 31 22 22 49 68 24 22 24 24 28 376 37 23 74 20 86 45 22
leaf_count=26 31 26 49 23 39 21 25 149 32 20 79 20 31 22 22 49 68 24 22 24 24 28 376 37 23 74 20 86 45 22
internal_value=0.00119253 -0.000439158 0.012788 0.019828 0.0358008 0.0170344 0.0398253 0.00991449 0.00439773 0.0726556 -0.00814226 -0.00997895 0.00232287 0.0145683 0.00232287 0.00232287 0.00844557 -0.00872859 -0.0130979 -0.0176416 -0.00813101 -0.0126661 -0.0085164 -0.0087292 -0.00816291 -0.00991794 -0.0113152 -0.00986313 -0.00852523 -0.0088747
internal_weight=1537 1506 554 335 128 85 46 207 181 43 952 851 219 53 101 166 117 825 98 76 727 52 707 683 466 217 143 106 443 398
internal_count=1537 1506 554 335 128 85 46 207 181 43 952 851 219 53 101 166 117 825 98 76 727 52 707 683 466 217 143 106 443 398
is_linear=0
shrinkage=0.05


Tree=68
num_leaves=31
num_cat=0
split_feature=3 8 8 7 6 8 6 9 3 6 7 6 6 6 8 8 8 3 8 8 3 8 3 9 8 6 6 6 3 13
split_gain=71.9725 54.111 25.5666 19.7104 26.5618 18.6931 24.912 22.5806 17.0965 20.3231 27.5593 14.4768 31.6716 19.4001 40.402 13.7526 51.7819 11.9568 11.8331 7.50441 18.4527 4.76023 2.50716 1.24239 0.919196 0.271847 0.953762 0.660691 0.425291 0.236003
threshold=95.050000000000011 13.245000000000003 54.990000000000002 0.47475000000000006 5.3353783231083849 11.350000000000001 6.7433051444679366 19.900000000000002 29.450000000000003 6.531972789115648 0.44525000000000009 6.1371473354231982 5.9769353128313911 5.8561221975856137 1.3900000000000003 6.6300000000000017 1.6100000000000003 48.000000000000007 1.5300000000000002 15.610000000000001 43.20000000000001 1.8300000000000003 61.45000000000001 26.050000000000001 52.165000000000006 5.8561221975856137 5.7705214248838423 6.0305788982259578 72.550000000000011 1.0000000180025095e-35
decision_type=2 2 2 2 2 2 2 2 2 2 2 2 2 2 2 2 2 2 2 2 2 2 2 2 2 2 2 2 2 2
left_child=1 3 19 4 18 6 8 -8 -6 11 -11 12 13 14 -10 16 -13 -16 -1 -3 -21 -9 -22 24 25 26 28 -27 -24 -29
right_child=-2 2 -4 -5 5 -7 7 21 9 10 -12 15 -14 -15 17 -17 -18 -19 -20 20 22 -23 23 -25 -26 27 -28 29 -30 -31
leaf_value=0.030352563678149681 0.076362602882254937 -0.034204173941841325 0.045677706484611218 -0.027555680298646492 -0.0064138138688512609 0.05578114393074346 -0.0064138138688512609 0.015015184325505035 -0.0064138138688512609 0.099319852032273059 0.017846531446893417 -0.0064138138688512609 0.087088370066962087 -0.0064138138688512609 0.032062931486923768 -0.0064138138688512609 0.080062559788877316 0.081276122755386496 -0.0064138138688512609 0.037189612815333568 -0.025397724503433552 0.047902022709893938 -0.0041669626778592364 0.0011055138842517157 -0.016577825938229977 -0.0039170616813138121 -0.019364022578584009 -0.007832128802334663 -0.0098310472024971882 -0.010791714360569082
leaf_weight=25 31 28 22 29 20 33 82 26 35 22 20 26 22 23 22 24 23 30 47 22 23 20 43 31 39 57 25 363 225 99
leaf_count=25 31 28 22 29 20 33 82 26 35 22 20 26 22 23 22 24 23 30 47 22 23 20 43 31 39 57 25 363 225 99
internal_value=0.00107209 -0.000479365 -0.00745635 0.0123958 0.0147281 0.0196136 0.016566 -0.00153248 0.0252585 0.0290485 0.0607763 0.0224973 0.0323788 0.0213223 0.0327021 0.00454126 0.023256 0.0606526 -0.00641381 -0.00869027 -0.00791063 0.0294952 -0.0090165 -0.00858082 -0.00893964 -0.00856463 -0.00985535 -0.00782456 -0.0089428 -0.00847934
internal_weight=1537 1506 977 529 500 428 395 128 267 247 42 205 132 110 87 73 49 52 72 955 927 46 905 882 851 812 293 519 268 462
internal_count=1537 1506 977 529 500 428 395 128 267 247 42 205 132 110 87 73 49 52 72 955 927 46 905 882 851 812 293 519 268 462
is_linear=0
shrinkage=0.05


Tree=69
num_leaves=31
num_cat=0
split_feature=3 8 5 6 2 7 8 6 3 3 6 7 6 6 6 8 8 3 8 7 8 3 8 14 6 8 13 2 9 8
split_gain=66.0879 49.4998 25.363 17.7209 50.9364 18.888 17.212 22.5674 15.8974 14.5044 18.7555 24.8724 13.7263 28.7741 16.6122 36.1354 12.9203 10.7823 10.1851 9.79394 5.6724 2.53324 1.31225 4.75517 0.404882 0.551732 0.258036 0.246544 0.213881 0.136781
threshold=96.100000000000009 13.245000000000003 814.50000000000011 5.3353783231083849 0.095000000000000015 0.47475000000000006 11.350000000000001 6.7433051444679366 91.550000000000011 29.450000000000003 6.531972789115648 0.44525000000000009 6.1371473354231982 5.9769353128313911 5.8561221975856137 1.3900000000000003 0.9900000000000001 48.000000000000007 5.160000000000001 0.44525000000000009 18.365000000000006 61.45000000000001 52.165000000000006 1.0000000180025095e-35 5.0520889853499744 37.405000000000008 1.0000000180025095e-35 0.97500000000000009 25.450000000000003 30.09
decision_type=2 2 2 2 2 2 2 2 2 2 2 2 2 2 2 2 2 2 2 2 2 2 2 2 2 2 2 2 2 2
left_child=1 3 20 4 16 6 7 9 -9 -5 12 -12 13 14 15 -11 -1 -17 19 -14 -3 -22 24 -24 25 -23 27 28 29 -26
right_child=-2 2 -4 5 -6 -7 -8 8 -10 10 11 -13 18 -15 -16 17 -18 -19 -20 -21 21 22 23 -25 26 -27 -28 -29 -30 -31
leaf_value=-0.012941724573498343 0.086718936551075709 -0.030833128159633735 0.034625669609107859 -0.0021641154379951955 -0.065669193083069857 -0.022623787347252088 0.053000510630290668 -0.0021641154379951955 0.040238127718380395 -0.0021641154379951955 0.094376330794050139 0.016958643162428445 0.048747787413312427 0.082753654909889077 -0.0021641154379951955 0.030467036541770489 0.03776097056621916 0.077225817784518494 -0.0021641154379951955 0.00074107569533509105 0.009497475031003429 -0.0064650096874906728 -0.0039301130408557717 -0.033932891437505705 -0.004381371546223773 -0.01715789555283628 -0.009362304035289459 -0.0098789870445352632 -0.0019134567451031727 -0.0070737907601242907
leaf_weight=20 22 28 35 20 27 30 33 106 22 35 22 20 20 22 23 22 33 30 30 23 20 25 34 22 29 28 169 74 26 487
leaf_count=20 22 28 35 20 27 30 33 106 22 35 22 20 20 22 23 22 33 30 30 23 20 25 34 22 29 28 169 74 26 487
internal_value=0.000877897 -0.000370981 -0.0070807 0.0118035 -0.00986112 0.0156 0.0182956 0.0153708 -0.00185352 0.0236445 0.0272779 0.0577574 0.0209838 0.0306045 0.0200636 0.0310263 0.0185454 0.0576357 0.00350107 0.0232471 -0.00863912 -0.00795044 -0.00834739 -0.0158455 -0.00783852 -0.0122299 -0.00753414 -0.00702303 -0.00662213 -0.00684929
internal_weight=1537 1515 977 538 80 458 428 395 128 267 247 42 205 132 110 87 53 52 73 43 942 914 894 56 838 53 785 616 542 516
internal_count=1537 1515 977 538 80 458 428 395 128 267 247 42 205 132 110 87 53 52 73 43 942 914 894 56 838 53 785 616 542 516
is_linear=0
shrinkage=0.05


Tree=70
num_leaves=31
num_cat=0
split_feature=8 8 3 3 3 7 3 4 3 8 8 8 3 6 3 6 6 8 8 6 4 6 14 6 3 6 8 8 6 6
split_gain=65.8707 54.0612 21.0568 43.7627 12.0596 15.0051 20.5988 15.7947 10.6331 10.5022 19.8364 31.6579 21.0282 16.8595 9.19611 40.4709 31.6489 8.92617 11.02 8.60749 4.43678 3.69924 0.74675 2.02158 0.755547 0.570615 0.508835 0.431992 0.349674 0.707746
threshold=54.990000000000002 6.0750000000000011 29.000000000000004 31.450000000000003 94.050000000000011 0.46775000000000005 88.550000000000011 1.5000000000000002 41.350000000000001 7.1750000000000007 9.7100000000000026 10.855000000000002 38.600000000000009 6.4640305493964041 89.950000000000017 6.4022471910112371 6.172357253086421 13.245000000000003 16.905000000000005 7.0953956437827417 2.5000000000000004 6.531972789115648 1.0000000180025095e-35 5.3001750592112051 78.050000000000011 6.7538163590795177 45.595000000000006 33.225000000000001 5.8561221975856137 6.0248687055915982
decision_type=2 2 2 2 2 2 2 2 2 2 2 2 2 2 2 2 2 2 2 2 2 2 2 2 2 2 2 2 2 2
left_child=1 4 -3 -4 5 6 8 -7 -1 -5 13 -12 -13 -11 16 -16 -8 -14 -19 20 -10 -6 24 -24 25 26 27 -20 -26 -30
right_child=-2 2 3 9 21 7 14 -9 19 10 11 12 17 -15 15 -17 -18 18 22 -21 -22 -23 23 -25 28 -27 -28 -29 29 -31
leaf_value=0.032329923808095538 0.087858404826496442 -0.048735847142348993 0.065674645697336054 -0.041180308102482577 0.025465478537329639 -0.043444148709337077 0.0048502223112096834 0.0014084300532349507 0.0014084300532349507 -0.001352399146825171 -0.062293780592209524 0.038680303707511063 0.02110305094798863 0.054245985351904794 0.061038688851463664 0.0014084300532349507 0.091067502302524847 -0.042650282718805652 0.0015460534813577561 0.03149197691456411 0.03000853286879095 0.054686955140100274 -0.022207251376879681 -0.0080810267672778557 -0.0099713575781028522 -0.0090698913043380375 0.00052748843092362187 -0.0062825313132742963 0.00075698161976754501 -0.0077132961752829675
leaf_weight=31 21 29 21 22 25 25 20 26 103 31 26 25 26 24 36 32 23 23 20 24 22 21 31 155 163 54 61 104 26 265
leaf_count=31 21 29 21 22 25 25 20 26 103 31 26 25 26 24 36 32 23 23 20 24 22 21 31 155 163 54 61 104 26 265
internal_value=0.000129153 -0.00110644 -0.00674305 -0.00560326 0.0149455 0.0116845 0.0160764 -0.0132595 0.0055901 -0.00703154 -0.00629622 -0.00794218 -0.00644772 0.0228724 0.0330158 0.0213937 0.0511867 -0.00767288 -0.00851013 0.00140843 0.00140843 0.0390039 -0.00760638 -0.0104729 -0.00682838 -0.00450183 -0.00313726 -0.00497934 -0.00804089 -0.00693933
internal_weight=1515 1494 1106 1077 388 342 291 51 180 1056 1034 979 953 55 111 68 43 928 902 149 125 46 879 186 693 239 185 124 454 291
internal_count=1515 1494 1106 1077 388 342 291 51 180 1056 1034 979 953 55 111 68 43 928 902 149 125 46 879 186 693 239 185 124 454 291
is_linear=0
shrinkage=0.05


Tree=71
num_leaves=31
num_cat=0
split_feature=8 8 3 3 3 6 8 9 7 6 7 6 3 3 8 20 6 8 3 3 7 6 6 9 8 8 6 6 8 6
split_gain=59.5693 47.715 14.6083 39.3477 10.4952 22.6756 30.5035 28.0612 20.6457 9.33249 24.3418 27.6528 9.1446 51.3294 38.1127 25.4448 33.2671 15.2363 14.664 8.9295 7.5665 3.3331 1.50819 2.94814 2.99902 2.89973 1.52387 1.43022 4.26715 0.768363
threshold=54.990000000000002 5.160000000000001 29.000000000000004 31.450000000000003 94.050000000000011 6.9528371407516598 0.80500000000000016 16.450000000000003 0.45875000000000005 5.2707722385141755 0.44375000000000003 6.065203928160666 50.95000000000001 48.000000000000007 7.1750000000000007 1.0000000180025095e-35 5.9929577464788748 10.100000000000001 54.45000000000001 88.65000000000002 0.43225000000000008 6.531972789115648 5.3169580068314257 24.250000000000004 46.690000000000005 47.57 5.2299154334038063 5.5747210804462721 28.295000000000005 4.9863387978142084
decision_type=2 2 2 2 2 2 2 2 2 2 2 2 2 2 2 2 2 2 2 2 2 2 2 2 2 2 2 2 2 2
left_child=1 4 -3 -4 5 7 -7 8 19 -9 11 -11 13 14 -5 16 -16 -18 -14 20 -1 -6 25 27 -25 26 29 -24 -29 -20
right_child=-2 2 3 12 21 6 -8 9 -10 10 -12 -13 18 -15 15 -17 17 -19 22 -21 -22 -23 23 24 -26 -27 -28 28 -30 -31
leaf_value=0.015464477670943236 0.08348630639631742 -0.039974437112593575 0.062406474860358579 -0.066991640898774116 0.024197278139125779 -0.059678418866331642 0.012506137209921834 0.062444667364744577 -0.032853891878810701 0.034344964938318116 0.015464477670943236 0.090585011136436369 -0.04167053086271167 0.075259692945024548 -0.020439875609879421 -0.044993108821706179 0.072440341708347261 0.019057321767627852 0 0.015464477670943236 -0.0094777163053781401 0.051965566170159107 -0.00079434573073020498 0.020969798982106335 -0.00072586724635492696 -0.028183445071567705 -0.021640455678327758 -0.029582599691237527 -0.0071090943660595323 -0.0090847641227041736
leaf_weight=27 21 31 21 22 25 24 37 22 35 26 70 28 32 22 38 21 22 35 32 24 21 21 81 20 28 23 20 22 582 82
leaf_count=27 21 31 21 22 25 24 37 22 35 26 70 28 32 22 38 21 22 35 32 24 21 21 81 20 28 23 20 22 582 82
internal_value=5.84602e-05 -0.00111638 -0.00615418 -0.00519559 0.0147361 0.0114379 -0.0158637 0.0180439 -0.00136408 0.032293 0.0268573 0.0532255 -0.00651791 0.00449378 -0.00679787 0.00462299 0.0156791 0.0398396 -0.00843454 0.0138985 -0.00610099 0.0370678 -0.00722937 -0.00626049 0.00565146 -0.0117142 -0.00883116 -0.0071032 -0.0079407 -0.0065231
internal_weight=1515 1494 1134 1103 360 314 61 253 107 146 124 54 1082 160 138 116 95 57 922 72 48 46 890 733 48 157 134 685 604 114
internal_count=1515 1494 1134 1103 360 314 61 253 107 146 124 54 1082 160 138 116 95 57 922 72 48 46 890 733 48 157 134 685 604 114
is_linear=0
shrinkage=0.05


Tree=72
num_leaves=31
num_cat=0
split_feature=3 15 8 8 6 3 6 3 9 3 7 3 8 3 6 3 8 1 3 7 7 3 8 8 9 6 8 4 6 6
split_gain=55.4309 42.2045 72.2637 16.1914 26.8527 22.412 31.7114 16.1779 33.2185 25.4967 18.7085 14.6623 12.5687 11.6322 14.935 32.0504 11.4847 21.7929 14.4512 16.2969 14.0563 12.3023 7.09218 6.20093 2.88823 0.600038 1.49017 0.228701 0.46998 0.475382
threshold=95.050000000000011 1.0000000180025095e-35 2.0850000000000004 9.7100000000000026 5.3353783231083849 33.550000000000004 5.7187780772686443 53.350000000000001 20.650000000000006 48.000000000000007 0.25475000000000009 90.050000000000011 10.530000000000003 50.95000000000001 6.6781609195402316 37.850000000000001 1.3900000000000003 13.050000000000002 91.550000000000011 0.43525000000000008 0.46475000000000005 88.550000000000011 26.505000000000003 54.165000000000006 19.100000000000005 5.0520889853499744 42.190000000000005 2.5000000000000004 5.693376068376069 5.9929577464788748
decision_type=2 2 2 2 2 2 2 2 2 2 2 2 2 2 2 2 2 2 2 2 2 2 2 2 2 2 2 2 2 2
left_child=1 3 16 4 -1 -6 -7 9 -9 10 -8 -10 -5 14 15 -14 18 -18 19 -3 -19 -21 -15 25 -17 26 -24 -27 -29 -30
right_child=-2 2 -4 12 5 6 7 8 11 -11 -12 -13 13 22 -16 24 17 20 -20 21 -22 -23 23 -25 -26 27 -28 28 29 -31
leaf_value=-0.036982390217459082 0.073714639133666146 0.043524895801946711 0.095990750089122792 -0.042366722000547613 -0.023018205635791839 0.063944958501531993 0.044969593692774791 -0.039590470718459427 0.054283602316797623 0.067783316043743574 -0.01580518590302761 -0.0045107662607143271 -0.047713669654966769 -0.037047748143235179 0.037052632429921191 0.010213092974279508 -0.041594306334481967 0.044051836879473727 0.050885045361416095 -0.029923982059191973 -0.013045056507458387 0.016036224068201262 -0.0061453308236606406 -0.035156170475245711 0.036111072969822147 -0.0061594534150148069 -0.023120644825756254 -0.013982291573606363 0 -0.0082992157922668341
leaf_weight=31 25 23 27 25 37 33 20 38 21 25 34 21 26 21 33 25 28 21 26 28 20 30 40 20 20 642 20 32 20 103
leaf_count=31 25 23 27 25 37 33 20 38 21 25 34 21 26 21 33 25 28 21 26 28 20 30 40 20 20 642 20 32 20 103
internal_value=2.59667e-05 -0.00121193 0.0199661 -0.00455755 0.00657652 0.0125085 0.0193893 0.0100761 -0.00572023 0.0261225 0.00665309 0.0248268 -0.00738153 -0.00649952 0.0093016 -0.00356042 0.00822699 -0.00762052 0.0184907 0.00798091 0.0155042 -0.00607872 -0.00833589 -0.00763853 0.0218887 -0.00698649 -0.011916 -0.00660766 -0.00842669 -0.00693053
internal_weight=1515 1490 203 1287 260 229 192 159 80 79 54 42 1027 1002 104 71 176 69 107 81 41 58 898 877 45 857 60 797 155 123
internal_count=1515 1490 203 1287 260 229 192 159 80 79 54 42 1027 1002 104 71 176 69 107 81 41 58 898 877 45 857 60 797 155 123
is_linear=0
shrinkage=0.05


end of trees

feature_importances:
recyclability_percentage=523
strength_weight_ratio=514
material_eco_strength=433
weight_fragility_interaction=88
eco_quality_score=85
strength=55
material_bamboo=55
fragility_level=51
biodegradability_score=50
material_bagasse=44
strength_weight_product=37
weight_capacity=36
material_glass=24
material_metal=17
shipping_Air=5
weight_squared=4
strength_squared=3
biodegradability_squared=3
material_jute=2
shipping_Ground=1

parameters:
[boosting: gbdt]
[objective: regression]
[metric: rmse]
[tree_learner: serial]
[device_type: cpu]
[data_sample_strategy: bagging]
[data: ]
[valid: ]
[num_iterations: 1000]
[learning_rate: 0.05]
[num_leaves: 31]
[num_threads: 0]
[seed: 0]
[deterministic: 0]
[force_col_wise: 0]
[force_row_wise: 0]
[histogram_pool_size: -1]
[max_depth: -1]
[min_data_in_leaf: 20]
[min_sum_hessian_in_leaf: 0.001]
[bagging_fraction: 0.8]
[pos_bagging_fraction: 1]
[neg_bagging_fraction: 1]
[bagging_freq: 5]
[bagging_seed: 3]
[bagging_by_query: 0]
[feature_fraction: 0.9]
[feature_fraction_bynode: 1]
[feature_fraction_seed: 2]
[extra_trees: 0]
[extra_seed: 6]
[early_stopping_round: 0]
[early_stopping_min_delta: 0]
[first_metric_only: 0]
[max_delta_step: 0]
[lambda_l1: 0.1]
[lambda_l2: 0.1]
[linear_lambda: 0]
[min_gain_to_split: 0]
[drop_rate: 0.1]
[max_drop: 50]
[skip_drop: 0.5]
[xgboost_dart_mode: 0]
[uniform_drop: 0]
[drop_seed: 4]
[top_rate: 0.2]
[other_rate: 0.1]
[min_data_per_group: 100]
[max_cat_threshold: 32]
[cat_l2: 10]
[cat_smooth: 10]
[max_cat_to_onehot: 4]
[top_k: 20]
[monotone_constraints: 1,1,-1,0,0,1,0,-1,0,1,1,1,-1,0,0,0,0,0,0,0,0,0]
[monotone_constraints_method: basic]
[monotone_penalty: 0]
[feature_contri: ]
[forcedsplits_filename: ]
[refit_decay_rate: 0.9]
[cegb_tradeoff: 1]
[cegb_penalty_split: 0]
[cegb_penalty_feature_lazy: ]
[cegb_penalty_feature_coupled: ]
[path_smooth: 0]
[interaction_constraints: ]
[verbosity: -1]
[saved_feature_importance_type: 0]
[use_quantized_grad: 0]
[num_grad_quant_bins: 4]
[quant_train_renew_leaf: 0]
[stochastic_rounding: 1]
[linear_tree: 0]
[max_bin: 255]
[max_bin_by_feature: ]
[min_data_in_bin: 3]
[bin_construct_sample_cnt: 200000]
[data_random_seed: 1]
[is_enable_sparse: 1]
[enable_bundle: 1]
[use_missing: 1]
[zero_as_missing: 0]
[feature_pre_filter: 1]
[pre_partition: 0]
[two_round: 0]
[header: 0]
[label_column: ]
[weight_column: ]
[group_column: ]
[ignore_column: ]
[categorical_feature: ]
[forcedbins_filename: ]
[precise_float_parser: 0]
[parser_config_file: ]
[objective_seed: 5]
[num_class: 1]
[is_unbalance: 0]
[scale_pos_weight: 1]
[sigmoid: 1]
[boost_from_average: 1]
[reg_sqrt: 0]
[alpha: 0.9]
[fair_c: 1]
[poisson_max_delta_step: 0.7]
[tweedie_variance_power: 1.5]
[lambdarank_truncation_level: 30]
[lambdarank_norm: 1]
[label_gain: ]
[lambdarank_position_bias_regularization: 0]
[eval_at: ]
[multi_error_top_k: 1]
[auc_mu_weights: ]
[num_machines: 1]
[local_listen_port: 12400]
[time_out: 120]
[machine_list_filename: ]
[machines: ]
[gpu_platform_id: -1]
[gpu_device_id: -1]
[gpu_use_dp: 0]
[num_gpu: 1]

end of parameters

pandas_categorical:[]
